(Intercept),year2010,year2011,year2012,year2013,year2014,year2015,year2016,year2017,year2018,year2019,year2020,year2021,year2022,gendermale,age,age_squared,relationship_statuspartnered,relationship_statusseparated,relationship_statuswidowed,food1,housing1,health1,water1,air1,healthcare1,security1,social_support1,respect1,education1,interesting_activity1,recreation1,occupation1,freedom1,personal_income,relative_income,country_average_food,country_average_housing,country_average_health,country_average_water,country_average_air,country_average_healthcare,country_average_security,country_average_social_support,country_average_respect,country_average_education,country_average_interesting_activity,country_average_recreation,country_average_occupation,country_average_freedom,gdp,growth,government_effectiveness,democracy,social_protection,importance_rich,personal_income:importance_rich,importance_rich:relative_income,importance_rich:gdp,importance_rich:growth
13.393181847256484,-0.004729309076504533,0.013090501121917694,0.03647598260303786,0.017359539917542927,-0.0024548030291267186,0.025553918489677967,0.028170626778335536,0.049276139278087966,0.06310047513499073,0.07775904202525995,0.052078945569936086,0.050843748677520194,0.08872998836958317,0.0054956692658679526,3.0624523758236695e-5,2.247151948508419e-6,0.0021208010810113624,0.004704660700231703,0.012240666978753898,-0.014361406377624812,0.0017751499517000824,0.0021087877678972445,-0.0022113602731865713,0.004409457254079973,-0.008287216484588954,-0.004381813132788771,0.003682921875567277,0.017005342740051648,0.008494733391439874,-0.004631508426541492,-0.008330816412411101,0.0020168450161378313,-0.014860410560599668,0.06860991373507112,-0.0010050234486476083,8.063216842971178e-5,0.0010811103646817136,-0.0031455687146283,-0.0019102721586345902,7.537407782891158e-5,0.0036103317373913668,-0.0020524380349913494,-1.500572611417572e-4,-0.003552848342616973,-2.04366516911439e-4,2.2951702911005268e-4,5.085400108568371e-4,-0.0038914209780822073,0.002112471201781585,-1.3731992566907252,-0.016472066681074506,0.07784029216201427,0.016370844546756674,0.004504302508192106,-3.262463929641787,-0.022236189240436244,2.0751279328018788e-4,0.35105361998774914,0.005125450275961258
-0.004729309076476521,0.0023738021074164966,0.0019858935378274404,0.001756384917330476,0.001938374631502662,0.00262886957151332,0.001966554356816373,0.002299326547287277,0.0021496939479091186,0.00244434741314103,0.0027781097055072264,0.002011319991908671,0.002165954047751178,0.002272942697635323,-1.286085023390488e-4,1.704068318199659e-5,-8.749721203054562e-8,-1.1602439877157278e-4,-1.7967364310950514e-4,-8.646885673167216e-5,-4.5452695376669574e-5,7.515161526987481e-7,-3.868260387322216e-4,1.5049597763312848e-4,6.0291198814986775e-5,1.2492187028821064e-4,1.0194207374632087e-5,-1.0480897012988422e-5,-5.703941501858427e-5,2.525916122592456e-5,-5.0621508990711824e-5,1.0102428681393618e-4,-1.1846924783875205e-4,-1.2005342052865432e-4,3.0407292279674826e-4,-1.9250598163838303e-5,-3.755906144100234e-5,4.6845651596666146e-5,-5.153292539513621e-5,-4.202227774060668e-6,7.602506216325719e-6,1.2391029149964296e-5,-2.2212132693854714e-5,-1.7880030504451922e-5,8.957798906494147e-6,-8.246383608555715e-6,-3.37080395249985e-5,4.14071340248709e-5,7.063028606020362e-5,-5.9781252959944985e-5,1.5928411937360414e-5,-2.947786861060108e-4,-2.618983212771989e-4,-1.943093390653351e-4,2.4766396039574487e-5,9.734581050775787e-4,-6.861595540727629e-5,5.668152689203143e-6,-3.0323342529315476e-5,7.865936725705957e-5
0.013090501121937919,0.001985893537827432,0.003563879900199733,0.002335120057233382,0.0026476463846470616,0.003273951175571015,0.0028582898094975146,0.003203296149001414,0.003129067844089718,0.003369123055712797,0.0033944279535691804,0.0026717548067230583,0.0027345626305270206,0.0028361170132635235,-1.1579890011984582e-4,-5.332303433763361e-6,1.4659444753337961e-7,-6.68421494731143e-5,-1.8753843125776743e-4,1.380923151107509e-4,-5.717627585718218e-5,3.44752869977329e-5,-4.718008685912327e-4,1.238218043938514e-4,1.7742969180276367e-4,-8.26206900662247e-6,-1.729277481336366e-5,-1.8126723078293653e-4,1.130353729080275e-4,-7.470875034185255e-5,-3.003333479568992e-5,8.071465682464805e-6,-2.719049026921676e-4,-1.488443728072775e-4,2.012245043733234e-4,-2.348597840555152e-6,-4.473033972367828e-5,6.980613348770527e-6,-5.975346262622285e-5,-3.057228236026619e-5,6.139573280639749e-5,1.1396644541640088e-5,-4.973646633492748e-5,9.752293712884047e-6,-2.0577832590084055e-5,8.36739497717427e-6,-1.823010436416985e-5,6.066443198525225e-5,9.889913630411291e-5,-7.175165023177601e-5,-0.001741422517245925,-5.046296857255184e-4,5.961970240743141e-4,-9.033566095028153e-4,3.1523387523124026e-5,-0.004360509053737206,-7.501093168101146e-5,5.768663223467777e-8,4.8822517167028666e-4,1.4415214847933875e-4
0.03647598260309085,0.001756384917330485,0.002335120057233415,0.003118565295130987,0.0029425753543636866,0.003620928788508418,0.0029348098758601917,0.0030072595368931497,0.0031650855690769785,0.0031756361615536,0.003341568024288726,0.002906991003749144,0.0030499740361222163,0.003167361941487702,-1.3701511015479494e-4,-3.744482957048547e-6,1.5106620925365355e-7,-8.154485745775443e-5,-1.8431138683195562e-4,-4.250252714962831e-5,-1.594169569307695e-5,4.297363940317074e-5,-3.539583525946246e-4,6.822647737741977e-5,1.1905999256539154e-4,5.380388500139279e-5,6.0577970107349635e-5,-8.42694279558393e-5,7.186247171078271e-5,-2.1474435642576908e-5,-4.9043673122510535e-5,1.6559188762409774e-4,2.4596862288126732e-5,-1.887779853458323e-4,1.8729196233651694e-4,-3.6157452847588656e-6,-3.715342976104898e-5,3.9404323204204574e-5,-8.845301486830769e-5,-3.168407794433271e-5,2.387331973388835e-5,2.2211571967032647e-5,-2.6533776622289852e-5,3.580553738139083e-5,-1.1231231126118291e-5,7.600246170649115e-7,-2.908865129436058e-5,8.16080522862167e-5,1.0385146693267756e-4,-4.313292737906176e-5,-0.004822245167639617,-3.565297342217556e-4,0.001147692633003821,-0.0011437821828290523,3.722559818717379e-5,-0.008290002407489292,-3.497615704242771e-5,7.713587039095797e-8,8.613337114996802e-4,6.719266372991595e-5
0.01735953991755714,0.001938374631502645,0.0026476463846470634,0.0029425753543636155,0.005416758035814475,0.004578913442121607,0.003529029577581259,0.0035820443873183826,0.003684775321839297,0.0035726401162287013,0.0035684047058140134,0.003293606797858569,0.0029351296497336474,0.0033387750424024565,-1.6398830481769428e-4,-3.8815625558880636e-5,4.581679224270897e-7,3.322442652248806e-6,-3.0577687956624247e-5,6.844027690745034e-5,5.147320616136218e-5,1.488701197826539e-4,-1.3125814042350218e-4,-1.2844021840864806e-5,2.9009689338370474e-4,6.135954582332644e-5,5.1146354725568656e-5,6.501991245621537e-5,1.4252164461374826e-4,-1.9432989822694386e-4,-1.715793319796808e-5,1.6862762925782586e-4,3.347186242048343e-5,-2.4535596661420377e-4,4.657326091642119e-4,-2.0968146317133268e-5,-7.099841095102058e-5,4.194196891217777e-5,-5.755084600138817e-5,1.0455190114912243e-7,2.627835177623177e-5,1.7947066445695025e-5,-2.8162901768326558e-5,4.563513513455355e-5,-3.309305150873472e-5,-3.053859735025517e-5,-4.4459743492238095e-5,1.0485429121175619e-4,1.1864777916171052e-4,-5.98237694712875e-5,-0.002559347187471912,-3.9447390007621186e-4,0.00142141378166567,-0.0017372609660789636,1.5334983137751482e-5,-0.005663132805946304,-7.901399593518373e-5,4.1079077179211975e-6,5.159403715505558e-4,1.0243163788504795e-4
-0.002454803029066344,0.0026288695715133347,0.003273951175571057,0.0036209287885084164,0.004578913442121686,0.006342911687754428,0.004841735290756386,0.004755289335334308,0.004394517877179702,0.0045950247218066575,0.004826421162672912,0.004078610448758259,0.004133497640219154,0.004484544072863701,-4.907888278346999e-4,-3.8929148716274985e-5,4.167948652697769e-7,-8.108310260545919e-5,-2.0113593735354002e-4,1.602528884095769e-4,1.883780503645935e-4,1.1300557947473272e-4,-3.2625777713557957e-4,1.396888897739076e-4,2.0553704144948043e-4,1.2297602144263766e-4,6.233462534875298e-6,-9.40609188993076e-5,5.976245230230305e-5,-2.1118265787208263e-4,-5.8372196935751746e-5,2.77801846726005e-4,1.0249587558854531e-4,-5.261534343356739e-5,7.664448507112287e-5,-9.615175531592225e-6,-8.634969345357018e-5,6.639272696304348e-5,-1.256876418670119e-4,-5.062617189948732e-6,1.4487535709693367e-5,1.5705526210643472e-5,-5.178696436269498e-5,5.1506562927487845e-5,1.5074298318153032e-5,-2.3497033845733987e-6,-6.198377792101015e-5,1.3929141931534885e-4,1.563989036515052e-4,-7.692328319568665e-5,-0.0011021541954941974,-3.9068627891023747e-4,0.0016866583051074273,-0.0018335300995385322,3.703637965977929e-5,5.730968986977314e-4,4.64984579058251e-5,3.950777568360523e-7,-1.1227932829019e-4,8.682641885547397e-5
0.025553918489684812,0.0019665543568163357,0.0028582898094975146,0.0029348098758600807,0.003529029577581282,0.004841735290756317,0.005288684801619932,0.004540240886701309,0.004392525582652855,0.004823577615870018,0.005033704861856221,0.004357314191466708,0.00447015009623345,0.00481008843005516,-2.343830887723303e-4,-2.543468983213522e-5,2.3489603960864825e-7,-2.7681755725329546e-5,-1.247483292600788e-4,9.188290805191169e-6,7.300703550571752e-5,1.290370170821982e-4,-1.850931946462186e-4,1.1482971934560245e-4,2.1843417915005272e-4,-4.5052159912166206e-5,-5.469657541669852e-5,3.74126763925288e-5,1.3158845384442857e-4,-2.123045865151082e-4,-2.9147366521638334e-5,7.478037516905655e-5,5.964902274364964e-5,4.310720231573284e-5,-2.464264932025227e-4,1.4874840860074373e-5,-5.278494835414597e-5,5.711659528388861e-5,-1.0141184472285558e-4,2.9361355345173993e-5,-2.4977173847004588e-6,4.5001748582652434e-5,-8.906483362113573e-5,1.593996639316064e-5,-7.114354486616955e-6,6.456271478223475e-6,-6.260938153367889e-5,8.101555352433404e-5,1.3132915656312983e-4,-5.917929988795908e-5,-0.00322581149505233,-9.04801992562815e-4,0.0013784362213470612,-0.0021593516693807855,4.453529037136302e-5,-0.006525476701565888,7.043491301282631e-5,-5.731181976257461e-6,5.703935427323203e-4,2.7193521540286737e-4
0.02817062677838635,0.0022993265472872173,0.0032032961490013694,0.0030072595368930213,0.0035820443873183973,0.004755289335334193,0.004540240886701364,0.005157755877982255,0.0048089314228523805,0.005299760547958862,0.005473825740865816,0.004260960909978512,0.004461792280171612,0.004846526235782443,-2.9048367467307654e-4,-3.300953799207167e-5,2.752029758790079e-7,1.189362781759853e-4,-7.236933451261415e-5,1.608535746456935e-4,0.00019308396042474322,1.6704405091557455e-4,-1.7149505695925616e-4,7.354332753881922e-5,2.4894703165804014e-4,-2.5227753612230827e-5,4.500872946011016e-5,-1.287696850742013e-4,2.997435661969711e-4,-1.7410677498660166e-4,6.444133399369892e-5,1.1911577340530834e-4,3.1077059273690625e-5,6.990122345717875e-5,1.1291864645079405e-4,1.7981704817302026e-7,-9.146127612552034e-6,3.417431296572403e-5,-1.4675117263039528e-4,-1.8859545050969665e-6,4.892923038195056e-5,1.658472451325606e-5,-8.880116997354398e-5,-1.3262630979649358e-5,1.1011985482145988e-5,5.720328541848337e-6,-3.785704863290014e-5,9.007585015799398e-5,9.112544368599443e-5,-7.264274076219076e-5,-0.0032081220693345016,-8.612724093023275e-4,0.0011653234267210444,-0.00192979432261972,4.472038692398409e-5,-0.0062886150666567634,-8.89445093230142e-5,-1.1421602826727238e-7,6.825048730265983e-4,2.5102750621164397e-4
0.049276139278148993,0.0021496939479091035,0.00312906784408974,0.003165085569076887,0.003684775321839387,0.004394517877179625,0.004392525582652968,0.0048089314228524065,0.0057877379272406404,0.005868889501067708,0.0059586038483549235,0.005057306026136096,0.005171376207040453,0.005278572723421022,-3.0349676777100456e-5,8.040445079577592e-6,4.230580163736318e-8,-9.901804707764858e-5,-2.758105181699711e-4,-5.111239803297847e-5,-1.9104740250203412e-5,-4.8405615591857764e-5,-3.9564245562235585e-4,5.4406476289326386e-5,2.0389924260355758e-4,-4.194210338297226e-5,-4.010937119292483e-6,-1.5030262756422706e-4,1.8840737867538066e-4,-9.75522012071806e-6,7.843809393742065e-5,-2.895886979275234e-5,-1.1058915075593155e-4,-1.6410465516392776e-4,7.683882138786088e-4,-4.684485918954464e-6,-5.790289738008031e-7,4.731061117282283e-5,-1.5004188114963585e-4,-1.3417209741551416e-5,2.433589868845771e-5,2.8302598393817784e-5,-9.165420285755675e-5,-2.6463374064293738e-5,-4.2135120806335823e-5,6.2379114648763345e-6,-5.8201424292438356e-5,1.1251656442216382e-4,5.860182654877623e-5,-4.529263068832054e-5,-0.005114457211524456,-6.682320724263436e-4,0.0012718615169736848,-0.002149201501373014,4.6716310861561886e-5,-0.009988402841755617,-3.166954387139312e-4,2.240648735430412e-6,0.0012028901212552709,1.7817608642070287e-4
0.06310047513512378,0.002444347413141018,0.003369123055712839,0.003175636161553566,0.00357264011622887,0.004595024721806614,0.004823577615870259,0.005299760547959033,0.005868889501067925,0.006785375340377001,0.006890729578147096,0.005469940443842195,0.005692650417484502,0.005875011007736981,-1.3809288815413816e-4,-8.943754398082973e-6,1.5255056079233057e-7,-5.036383442316022e-5,-1.918127265184616e-4,1.9339610112670545e-5,4.350376587462421e-5,2.8840766210674387e-5,-2.3853122327052186e-4,1.1211357729244309e-4,2.354936746966279e-4,-3.2179895325506847e-5,-1.4390205437267254e-5,-5.2748127561378334e-5,3.5598011510199184e-4,-1.2173588263808419e-4,4.4106299804607614e-5,-3.153788745782606e-5,-5.9484534627636156e-5,-2.511206381544442e-5,5.406316845361978e-4,-2.6372877993960344e-7,-5.878139823363694e-6,6.387959409673126e-5,-1.8237738554913445e-4,-1.2195286607880879e-5,4.602047994704207e-5,3.7803052870669516e-5,-1.0516545495851705e-4,-2.1242933505528534e-5,-1.6863461919847317e-5,6.416285378756108e-6,-4.588681438943739e-5,1.042946028844738e-4,5.2626662418716085e-5,-6.373130857934138e-5,-0.006569802126675303,-6.367156868993581e-4,0.001278845533457598,-0.002195139524754954,5.0018076668498e-5,-0.013857845210134388,-3.0258018723011086e-4,1.759185620649799e-6,0.0016216328195367258,1.6072667986757506e-4
0.07775904202531327,0.002778109705507175,0.0033944279535691817,0.003341568024288562,0.0035684047058140746,0.0048264211626727555,0.005033704861856297,0.005473825740865753,0.005958603848354842,0.0068907295781467,0.007973675377524393,0.005823235031112261,0.006488804502116981,0.006385703665840766,-2.5740702628836723e-4,6.3426318205493736e-6,-1.4071240254413598e-8,-2.47114296079244e-4,-3.5625002438389807e-4,-2.5995511390529638e-5,-9.168034050983672e-5,4.011990908186747e-5,-4.4820156256614554e-4,1.7674353148968222e-4,2.1009604798697106e-4,-1.614106603889594e-5,-8.75580974675231e-6,6.237180060321174e-5,2.422541280566229e-4,-1.4158107271389256e-5,-3.982601528238531e-5,-3.064630053080454e-5,-9.271031433544085e-5,-7.160719591568479e-5,6.677443764785479e-4,-1.2408440165397626e-5,-1.6984683369462904e-5,1.03724366894472e-4,-1.709811453159886e-4,-1.6735288079740447e-5,4.416003637939102e-5,3.570801308603636e-5,-1.25988368435272e-4,-2.74301561374187e-5,-1.1563475029984069e-5,-1.1048479830444292e-5,-7.33754260813751e-5,1.1168236687148827e-4,5.1233396145569116e-5,-6.129030877628214e-5,-0.008099653843249807,-8.484415278027598e-4,9.759877592492081e-4,-0.0023952111967344126,7.777492715171774e-5,-0.017916617902587695,-3.123498873423619e-4,6.0772925683957545e-6,0.0019891268932292158,2.309634161957185e-4
0.05207894557000257,0.002011319991908609,0.002671754806723042,0.002906991003748998,0.003293606797858641,0.00407861044875815,0.004357314191466804,0.004260960909978489,0.005057306026136074,0.005469940443841903,0.005823235031112304,0.006420390523090748,0.005849823109131612,0.0056065954159518604,1.5754111201230346e-4,9.260281458031677e-6,-7.413953973678057e-8,-1.3521484405990417e-4,-2.525493008828444e-4,1.1018917140010677e-5,-8.623192931631143e-5,-8.60537242085476e-5,-3.4366601541252755e-4,1.1993417598646898e-5,1.9505388742003973e-4,-1.5861293181800606e-4,-6.589688477405169e-5,-6.2923016230583e-5,3.105400046660931e-4,-2.416579486622521e-4,2.4537840730794318e-5,-1.8381418178239382e-4,-1.6523983818217451e-4,-9.278754243476108e-5,-2.729800949322222e-4,4.5840711391929836e-5,-1.970965014311898e-5,6.905573097051152e-5,-1.591680096688757e-4,-2.5210635458533088e-5,5.912990203816257e-6,5.557673088500357e-5,-1.0851969930881059e-4,-6.474317596378565e-6,-3.9361674332726985e-5,6.148432469786546e-6,-7.715948509558426e-5,8.820608041179124e-5,4.703526860111504e-5,-2.7516366820713658e-5,-0.004388547796369068,-4.853467397564439e-4,0.0017175342410201135,-0.0023732426741843535,3.168991261052352e-5,-0.010516972894889518,4.147019519999045e-5,-1.4151229897500282e-5,0.0010152160744776565,1.6336762899375672e-4
0.05084374867739793,0.0021659540477510725,0.002734562630526966,0.003049974036121865,0.0029351296497335476,0.004133497640218802,0.004470150096233222,0.004461792280171089,0.005171376207039804,0.0056926504174834094,0.006488804502116235,0.005849823109130921,0.006834728817403341,0.0061903378732138855,-6.59405654855354e-6,8.806739790913453e-6,-1.3233843914482927e-7,-1.5611483808069968e-4,-2.8906956393888336e-4,3.855283385040864e-5,-2.2269398004100946e-4,-2.4666502713939843e-5,-4.508634128016865e-4,6.468722815252197e-5,2.086648415865047e-4,-1.329841588297924e-4,-2.6809655909815634e-5,-2.8622733092631787e-5,2.5620826132947765e-4,-2.559882785009649e-4,-2.0227109463185947e-5,-7.244363939008611e-5,-4.1423851760924575e-5,2.2285114627284726e-5,-6.121189032840679e-4,4.18511549776973e-5,-2.0383806508186174e-5,8.906575202074116e-5,-1.2892548176347048e-4,-2.6186139045067374e-5,1.3837527401988132e-5,1.9483334719245915e-5,-1.0319714233611245e-4,-3.0462615119188167e-6,-2.3421516788053013e-5,-4.5628009874003815e-6,-7.67297625456515e-5,1.1358922270713278e-4,4.630883458671448e-5,-1.6910871012260163e-5,-0.004781904637387285,-4.541377857324146e-4,0.0015446442843623505,-0.002733533643607327,6.507175432297886e-5,-0.011094498203408397,9.131688425739077e-5,-1.0185093739116052e-5,0.001012384372673663,1.3588927208016646e-4
0.08872998836940235,0.002272942697635154,0.0028361170132633856,0.0031673619414871635,0.003338775042402325,0.004484544072863293,0.004810088430054972,0.0048465262357818666,0.005278572723420306,0.0058750110077357524,0.006385703665839979,0.005606595415950972,0.006190337873213987,0.00710975271183239,-3.197652830870446e-5,-1.1751480412904235e-5,-3.569208984923897e-8,4.282970723034407e-5,-3.168352965062779e-5,1.2636604219168736e-4,-2.0251531258936851e-4,-2.153388840305806e-5,-1.9548683408428987e-4,5.209877433620621e-5,2.430277903876491e-4,-1.3200712969547171e-4,-7.242767305376146e-5,-1.2099982871517917e-5,3.0225232162673965e-4,-2.581546537127977e-4,7.838179042356931e-5,-6.598701070642077e-5,-2.9913400049068995e-5,1.7877911092154214e-5,-3.070302597368886e-4,4.0364636312322455e-5,-2.4816332679233107e-5,8.424303519317007e-5,-1.4799608290238386e-4,-2.0168214611600014e-5,7.968599699603064e-6,5.225383937450981e-5,-1.055039168161675e-4,-6.791545107370185e-6,-3.1200429593030094e-5,2.0702462199961412e-5,-7.644955317857874e-5,1.0361648144093758e-4,4.258308517716175e-5,-1.839506064685421e-5,-0.008843439987474016,-7.521594198077678e-4,0.002090809359014632,-0.002806684205820602,7.17905550729693e-5,-0.018827890858942986,2.1424768213450636e-7,-1.1651516427507297e-5,0.0018894117474683122,2.2520641515825569e-4
0.005495669265869315,-1.2860850233904804e-4,-1.1579890011984475e-4,-1.3701511015479372e-4,-1.6398830481769466e-4,-4.907888278346981e-4,-2.3438308877232896e-4,-2.904836746730743e-4,-3.0349676777098417e-5,-1.380928881541378e-4,-2.5740702628836886e-4,1.5754111201230641e-4,-6.594056548551813e-6,-3.1976528308700905e-5,4.0711204796527e-4,2.5337112235757988e-5,-2.409447399242867e-7,-4.7530477491019543e-5,5.207969790354659e-6,-7.070697139411021e-5,-1.5566889872613702e-4,-1.4469920534670078e-4,-5.138268173517769e-5,-3.0516200308705265e-5,-3.497508187500909e-5,-3.596163265709057e-5,-1.6105271971804062e-5,-8.871715402069428e-5,-1.1481925174637041e-4,2.497719202610498e-5,-3.9358469554081876e-6,-1.1126672606693145e-4,-1.5152061674292064e-4,-1.5562614721365597e-4,6.200445482403575e-5,6.987113025092335e-6,6.687760140478448e-6,-7.722595024155986e-6,1.4688727982410153e-5,5.984702481549032e-6,-1.0596632172130007e-5,3.541704989548983e-6,1.8042721732541137e-6,-7.730854784736254e-6,-2.3176624019070022e-5,3.323476486016619e-6,-8.216604720342229e-6,-8.894778694271826e-6,-7.452794473953171e-6,7.672536361883133e-6,-2.815305148937669e-4,-3.597484413732784e-5,7.682843945543822e-6,2.0943901808579768e-4,-7.078214278204353e-6,-0.0010353478266992512,1.3372696323561941e-6,-2.51728531405554e-6,9.831550631191653e-5,2.95158705427362e-5
3.062452375820455e-5,1.7040683181996512e-5,-5.332303433762887e-6,-3.7444829570487906e-6,-3.881562555888077e-5,-3.892914871627469e-5,-2.5434689832135734e-5,-3.300953799207214e-5,8.040445079576977e-6,-8.9437543980833e-6,6.342631820549799e-6,9.260281458030867e-6,8.806739790913814e-6,-1.1751480412905109e-5,2.5337112235757995e-5,1.1266302108693165e-5,-1.0556972567551832e-7,-3.855431328307781e-5,-4.120269320762482e-5,-3.3936574192450316e-5,-2.921861683764283e-5,-3.309839500985524e-5,-6.007507242807508e-5,5.4806428805294695e-6,-2.187947309770069e-5,1.2520224419365765e-5,5.2262655901162e-7,-7.781531048084738e-7,-4.370209040581743e-5,3.4108120580412204e-5,-4.630438564703778e-6,-1.964667233697974e-5,-2.5065983208687645e-5,-2.3285918168747465e-5,9.42049788888987e-5,-2.6033846485637344e-6,2.8997144066198624e-6,-2.0260884458701194e-7,3.0223314862250752e-06,2.194967640301734e-6,-1.6195132155306042e-6,-1.0134504352166526e-6,4.810052517535309e-7,-3.2874163746887305e-6,-8.426511836939186e-7,-3.101826079906202e-6,-1.3161679406240136e-6,-1.355097324350504e-6,1.9771170974725484e-6,-9.83144020518697e-7,-7.606987191309391e-5,1.0089523721108723e-5,-9.566905173765792e-5,5.331521538595276e-5,2.3796677060071056e-6,-1.9763021091765884e-5,-2.9217298213715903e-5,1.0451181315573356e-6,2.326180468818088e-5,-2.7091770449774857e-6
2.247151948508984e-6,-8.749721203054428e-8,1.465944475333748e-7,1.510662092536567e-7,4.5816792242709054e-7,4.167948652697738e-7,2.3489603960865426e-7,2.7520297587901307e-7,4.230580163737092e-8,1.525505607923352e-7,-1.4071240254414984e-8,-7.413953973677065e-8,-1.3233843914482753e-7,-3.569208984922757e-8,-2.4094473992428677e-7,-1.0556972567551836e-7,1.1463954633035047e-9,2.9534072085595116e-7,2.625115923217871e-7,2.498124504322135e-7,2.4029910093995825e-7,2.8315552570027895e-7,4.891867000994493e-7,-2.4244114564883703e-8,2.1637659214120265e-7,-8.799968952830851e-8,-1.0637805053160807e-8,3.050895469271869e-8,3.71309684745396e-7,-2.54219354741317e-7,9.64533403621776e-9,1.854922905368834e-7,1.8090003395299714e-7,1.5194437277134206e-7,-7.239255450032323e-7,1.376172171367797e-8,-3.583499690731467e-8,7.82424205350611e-9,-3.119758734990961e-8,-2.6319555759548003e-8,1.725545300061814e-8,1.7243850312581932e-8,-4.074909946905629e-9,3.113398639159312e-8,-3.1673836426767585e-9,3.007346295566201e-8,5.3446704451670815e-9,1.3461473404802152e-8,-2.1957823369248148e-8,5.470482535878644e-9,5.919928676756701e-7,-1.1960101766635219e-7,7.05638549859365e-7,-2.6896979902844905e-7,-2.289616887783732e-8,-3.211413269589004e-7,2.4072021584367593e-7,-6.841766270018578e-9,-1.6066526927696676e-7,2.4110206348941895e-8
0.002120801081011192,-1.160243987715722e-4,-6.684214947311622e-5,-8.154485745775304e-5,3.3224426522489373e-6,-8.108310260546054e-5,-2.7681755725327513e-5,1.1893627817598747e-4,-9.901804707764821e-5,-5.0363834423156126e-5,-2.471142960792438e-4,-1.3521484405990133e-4,-1.561148380807008e-4,4.28297072303472e-5,-4.7530477491019665e-5,-3.85543132830775e-5,2.95340720855947e-7,5.640740095901321e-4,4.999678957926833e-4,3.407542829913297e-4,1.7405489026540183e-4,1.784165694638955e-4,4.629124293057743e-4,-8.921882449653008e-5,1.3032363472504111e-4,-5.453546886440649e-5,7.8274705163275e-5,-4.3720423456557405e-5,4.1532670577738975e-4,-1.9630721863339123e-4,7.97400052713362e-5,3.404863291146252e-5,1.7741161671096676e-4,2.394912380434458e-4,-6.676602913538012e-4,1.2865052124565662e-5,1.0994584218052694e-5,-1.2853754839922878e-5,-7.0222865194789815e-6,-9.199930210523644e-6,2.194656669716115e-5,-9.421087123103765e-6,7.745035660425043e-7,-3.3711240333385134e-8,2.4883929273644765e-5,1.8352835673759995e-5,1.9210068554594148e-5,-1.4820149690579904e-5,-2.934992902211808e-5,1.3603215830931713e-5,-1.553475964095024e-4,2.7555611563706397e-5,2.659879981458257e-4,-1.3058115526474198e-4,2.4387662206661966e-6,-4.6659195147247246e-4,1.7561715232908675e-4,-4.636427044080755e-6,-1.1820326130728984e-5,-7.281008322578295e-6
0.004704660700230551,-1.7967364310950487e-4,-1.8753843125777036e-4,-1.8431138683195535e-4,-3.05776879566253e-5,-2.0113593735354251e-4,-1.247483292600763e-4,-7.236933451261277e-5,-2.758105181699723e-4,-1.918127265184611e-4,-3.562500243839034e-4,-2.5254930088283945e-4,-2.8906956393888895e-4,-3.1683529650627794e-5,5.2079697903546856e-6,-4.1202693207624206e-5,2.6251159232178013e-7,4.999678957926821e-4,6.976321089884853e-4,3.6693302951936824e-4,1.3549058444813625e-4,1.330599397244427e-4,5.178550600763695e-4,-8.825065666064919e-5,8.195699718338141e-5,-5.0806811897615966e-5,6.341330448493973e-5,-7.326772448812618e-5,3.2837688605695753e-4,-2.108364304333173e-4,4.356937346411872e-5,7.184542968752155e-5,1.8823052187870432e-4,1.8144924911906804e-4,-9.002732170430017e-4,2.2943090523558657e-5,5.94532168118791e-6,-2.290527966246765e-5,3.4835559889759285e-6,-1.0664515902027607e-5,2.123774132704462e-5,-2.5140949652984013e-6,9.921136565547057e-6,1.6461482740364264e-5,1.1552882235597967e-5,1.866102273976845e-5,1.7139654466743962e-5,-2.8404509381382856e-6,-1.8441419025837142e-5,7.1402265263132604e-6,-2.4828215481368396e-4,8.47147175673556e-5,5.374628725982032e-4,-6.266962256474024e-5,-2.7849690055784186e-6,-8.260782711315067e-4,2.4205660120186015e-4,-8.027371146990772e-6,-5.246724563011468e-5,-1.8768331050209317e-5
0.012240666978754058,-8.646885673167094e-5,1.3809231511075092e-4,-4.250252714962634e-5,6.844027690745037e-5,1.6025288840957623e-4,9.188290805192544e-6,1.6085357464569577e-4,-5.111239803297926e-5,1.933961011267444e-5,-2.599551139052978e-5,1.1018917140012048e-5,3.855283385040726e-5,1.263660421916881e-4,-7.070697139411004e-5,-3.393657419244997e-5,2.4981245043220754e-7,3.407542829913292e-4,3.66933029519368e-4,5.25103709576846e-4,1.275251621001432e-4,6.39333073408779e-5,2.804772269553876e-4,-5.85666333893977e-5,8.4497382471218e-5,-3.453536201847831e-5,3.703445825619223e-5,-1.007887726246737e-4,3.0835157757095396e-4,-1.0183459131737926e-4,3.798374819383802e-5,-7.007663272885627e-6,1.2417956760552384e-4,1.4370884820484278e-4,-8.11695567046171e-4,1.865962881141251e-5,4.669717552302872e-6,-1.6551490343528115e-5,-8.246180303443244e-6,-8.412253471071296e-6,1.7482247881813914e-5,-9.365990664158189e-6,5.376177387553007e-7,1.5368233141781352e-5,2.1223126761078e-5,6.725447532225481e-6,1.4943132600955275e-5,7.930333497606198e-8,-2.4219896968013143e-5,-2.8610208293309397e-7,-8.810575095362663e-4,-1.0429972508160517e-5,5.446872974396218e-4,1.2753338410264178e-5,9.299906257465741e-7,-0.002835727262147968,2.1908525606546044e-4,-6.40454996768369e-6,1.795213536600066e-4,1.5742133101417118e-5
-0.014361406377625221,-4.545269537666986e-5,-5.71762758571823e-5,-1.5941695693076594e-5,5.147320616136118e-5,1.8837805036459298e-4,7.300703550571732e-5,1.9308396042474232e-4,-1.9104740250204052e-5,4.350376587462431e-5,-9.168034050983919e-5,-8.623192931631224e-5,-2.2269398004101058e-4,-2.0251531258936748e-4,-1.5566889872613708e-4,-2.9218616837642796e-5,2.4029910093995735e-7,1.7405489026540158e-4,1.35490584448136e-4,1.2752516210014312e-4,3.8415636080806065e-4,9.976198059129471e-5,2.2954082675146406e-4,-1.4539716383215962e-5,2.426530256390628e-5,-2.322432287529363e-5,2.985445636741333e-5,2.2827467291157714e-5,1.208826905773118e-4,-3.170750196649949e-5,6.339095159995651e-5,5.892368730642229e-5,1.404525028920289e-4,1.8229295768241045e-4,-1.4117273864862112e-4,6.44256713151085e-6,9.405870512860849e-6,-4.326404072520761e-6,-2.235103433941785e-5,-5.782717872793668e-7,9.478373939455025e-6,-5.841776386725264e-6,-8.74452946056041e-6,-3.665421378703868e-6,2.517950891631343e-5,1.0091071517932856e-5,7.5983306634870496e-6,9.7938106597287e-6,7.116548296585118e-6,2.4881660479911102e-6,0.0012636648558895008,3.4598443720425904e-5,3.202686981932556e-4,-1.8919001571496413e-4,-1.549289642383927e-5,0.003618151505259164,3.3079795493858075e-5,-2.2633400392242063e-6,-3.730364401710948e-4,-1.4585976930230648e-5
0.0017751499516998513,7.515161526987823e-7,3.447528699773244e-5,4.297363940317047e-5,1.4887011978265363e-4,1.130055794747326e-4,1.2903701708219764e-4,1.6704405091557358e-4,-4.84056155918584e-5,2.8840766210674797e-5,4.011990908186655e-5,-8.605372420854696e-5,-2.4666502713939833e-5,-2.1533888403057092e-5,-1.4469920534670067e-4,-3.309839500985522e-5,2.8315552570027863e-7,1.7841656946389532e-4,1.3305993972444235e-4,6.393330734087783e-5,9.97619805912942e-5,4.2259407130929174e-4,2.0554622127012955e-4,-3.039686869567735e-5,1.1563909220693197e-4,-6.989747763273534e-5,4.072365945320497e-5,-2.1917203793219285e-6,2.3137084475931117e-4,-1.7969172908576284e-4,-1.2176453433777537e-5,6.513450254672551e-5,9.154448476760894e-5,1.2019234810100083e-4,-5.819376614528103e-4,1.484269526648931e-5,-1.171603776246513e-5,6.767970344874847e-6,-2.2629004468439338e-5,-5.966801546742786e-6,1.0924205032301254e-5,9.321925246642487e-6,3.86432181030656e-6,-1.3176547728415463e-5,1.2429908357625428e-5,1.2489755740354274e-5,1.3612849134468964e-5,6.705730689248856e-7,1.1136015581286103e-6,-1.0254351367947532e-5,2.5039683095476296e-4,-1.6688787443902106e-4,-4.35375319316469e-5,2.87696612596992e-6,-9.279848546300037e-6,-0.0010384932509984143,1.6822449992174416e-4,-4.971452217092401e-6,-4.139912216750747e-6,4.606907401367843e-5
0.0021087877678979752,-3.868260387322221e-4,-4.718008685912324e-4,-3.539583525946247e-4,-1.3125814042350262e-4,-3.262577771355804e-4,-1.8509319464622012e-4,-1.714950569592598e-4,-3.9564245562235753e-4,-2.3853122327052126e-4,-4.4820156256614613e-4,-3.436660154125274e-4,-4.508634128016902e-4,-1.9548683408430152e-4,-5.13826817351777e-5,-6.007507242807502e-5,4.891867000994482e-7,4.629124293057749e-4,5.178550600763687e-4,2.804772269553877e-4,2.2954082675146406e-4,2.0554622127012947e-4,7.775672419447205e-4,-1.2604295603248106e-4,1.414590672094766e-4,-1.1438175033947957e-4,3.404210803671101e-5,-4.338802259295401e-5,4.351423125883333e-4,-2.7653686559877926e-4,6.419342367897388e-5,6.970530263959563e-5,2.4493813258164227e-4,2.4462651495181585e-4,-8.041205169164342e-4,1.8172311548780448e-5,-2.4186764278901846e-6,-6.892074267623163e-6,-2.0234126806073715e-5,-9.430401952300728e-6,1.2755482544059261e-5,6.063392280279612e-6,-7.902007708626437e-7,6.158473648253924e-6,7.057474808882934e-6,2.6009684757427062e-5,1.3246180353910842e-5,-1.4853401384073656e-5,-3.0761680148992695e-5,1.7439356080299134e-5,7.233171887777517e-4,1.4019794519088167e-4,7.233415666034412e-4,-4.438858128632712e-4,-2.4386182996490472e-5,-5.3458607769781106e-5,2.1241538250743803e-4,-7.145779724481567e-6,-1.8231476247416726e-4,-4.053709990037152e-5
-0.0022113602731864065,1.5049597763312834e-4,1.2382180439385115e-4,6.822647737741943e-5,-1.2844021840864664e-5,1.396888897739077e-4,1.1482971934560281e-4,7.354332753881941e-5,5.4406476289326684e-5,1.1211357729244323e-4,1.767435314896821e-4,1.1993417598648002e-5,6.468722815252355e-5,5.2098774336206654e-5,-3.0516200308705272e-5,5.480642880529419e-6,-2.4244114564883283e-8,-8.921882449652991e-5,-8.825065666064905e-5,-5.8566633389397613e-05,-1.4539716383216013e-5,-3.0396868695677327e-5,-1.260429560324811e-4,1.297010793566904e-4,-4.8473409614965144e-5,4.7248151273281674e-5,-3.791477023372709e-6,4.978155681385777e-5,-1.3234270558980683e-4,8.710860696981414e-5,-3.5701567160560855e-5,1.9031721159306887e-5,-3.72854323259547e-5,-6.207819293263714e-5,1.7888687185773337e-4,-6.0379724905858524e-6,-5.0490071066879276e-6,3.1596668936905166e-6,2.878951310522706e-6,5.970947239992911e-6,-2.6454178722316124e-6,-5.756547275019697e-6,-2.47678874098411e-6,5.774252901419481e-6,9.276019235780883e-6,-3.740335959626692e-6,-6.329553173851522e-6,8.275220881647748e-6,1.5151640598057279e-5,-9.917166419945372e-6,-4.603898911225646e-5,-5.723001000068894e-5,-1.3719557329888845e-4,1.4714105139587984e-4,-2.160141448502156e-6,2.7915313108770425e-4,-3.131036538096898e-5,1.7138662059412975e-6,-1.6254505694230577e-5,1.6831020258085477e-5
0.004409457254080406,6.029119881498658e-5,1.7742969180276384e-4,1.1905999256539114e-4,2.90096893383705e-4,2.0553704144948032e-4,2.1843417915005196e-4,2.4894703165804014e-4,2.03899242603557e-4,2.3549367469662624e-4,2.1009604798696992e-4,1.950538874200381e-4,2.0866484158650267e-4,2.4302779038764863e-4,-3.497508187500907e-5,-2.187947309770068e-5,2.1637659214120294e-7,1.30323634725041e-4,8.195699718338143e-5,8.449738247121787e-5,2.4265302563906308e-5,1.1563909220693194e-4,1.4145906720947648e-4,-4.8473409614965165e-5,1.517122515575776e-4,-5.605288922111727e-5,-9.810415384026154e-6,-7.680989927456011e-6,1.6818864546149355e-4,-1.338742558986109e-4,-6.865738240084921e-6,1.5933787538256117e-5,5.077656326840932e-5,5.446171155085702e-5,-3.24606022987196e-4,7.442297401934047e-6,-1.3789027747567424e-5,1.0145386321936443e-5,-1.001673878371171e-5,-1.1335732575706236e-6,3.953842860065453e-6,8.797734237515418e-7,-3.8453466124544107e-7,1.8764786504417849e-6,-6.670860179748509e-6,9.794792459156733e-6,1.2593066155471804e-7,4.0085584334783033e-7,-1.1849072702334446e-5,2.8521124637765676e-6,-1.4442255663744754e-4,-6.0914813900531396e-5,7.695134726723878e-5,-1.4953434437772414e-4,2.6742183622054386e-6,-0.0013232868473882981,9.389895852767737e-5,-2.9830622387817075e-6,8.153343343778824e-5,1.8949238210523058e-5
-0.008287216484588592,1.2492187028821018e-4,-8.262069006622516e-6,5.380388500139233e-5,6.135954582332659e-5,1.2297602144263658e-4,-4.505215991216676e-5,-2.522775361223136e-5,-4.194210338297249e-5,-3.2179895325504624e-5,-1.6141066038894493e-5,-1.5861293181800818e-4,-1.3298415882979312e-4,-1.320071296954722e-4,-3.596163265709054e-5,1.2520224419365887e-5,-8.799968952830975e-8,-5.453546886440706e-5,-5.0806811897616596e-5,-3.453536201847855e-5,-2.3224322875293603e-5,-6.98974776327353e-5,-1.1438175033947965e-4,4.7248151273281715e-5,-5.605288922111728e-5,1.7768482557922873e-4,6.880819074594143e-6,4.145328463257746e-6,-1.0706238327170604e-4,8.079208473927343e-5,-1.5429273532284765e-5,2.6600327788953457e-5,-3.370221290064833e-5,-3.317430792990482e-5,4.5868991026213794e-4,-1.8854027526070696e-5,5.989939807323736e-6,-3.305456152385483e-6,1.0153387439161875e-5,8.410747804055828e-6,2.470840077746198e-6,-1.0218668617555315e-5,3.841713236751619e-7,4.014119896341315e-6,6.73612379667292e-6,-1.0251255867854062e-5,-1.2967710271057718e-6,-1.309381929725445e-6,1.3261984947238526e-5,-6.568702782068379e-6,2.944368295939673e-4,8.865295429572715e-5,-3.728380136861601e-4,1.9320945681778516e-4,1.5295178009920493e-6,0.0018591486602273022,-1.2930996636649665e-4,6.1650329635207166e-6,-9.283154659938264e-5,-3.6991020304896774e-5
-0.004381813132788582,1.0194207374632106e-5,-1.729277481336357e-5,6.057797010734968e-5,5.1146354725569225e-5,6.233462534875526e-6,-5.469657541669795e-5,4.5008729460111625e-5,-4.010937119291428e-6,-1.4390205437267434e-5,-8.755809746752256e-6,-6.589688477405138e-5,-2.680965590981461e-5,-7.242767305376184e-5,-1.6105271971804082e-5,5.226265590116746e-7,-1.0637805053161184e-8,7.827470516327485e-5,6.34133044849396e-5,3.703445825619216e-5,2.9854456367413355e-5,4.0723659453204964e-5,3.4042108036710997e-5,-3.791477023372713e-6,-9.810415384026154e-6,6.880819074594191e-6,1.0074548269888733e-4,2.7216992833981354e-5,-7.829414815332375e-6,2.5165218351315328e-5,2.485105272699786e-5,2.8911326746627508e-5,6.720076369849089e-5,2.7919853779262232e-5,-1.0142302321255255e-4,-3.2967318926440497e-6,1.0790540432047107e-5,-7.843106308010283e-6,2.9415145830285146e-7,-3.7793316728707576e-6,8.768745108381473e-6,-1.2654264736518499e-5,5.588541636685364e-6,7.302829153474341e-6,1.0522359258711012e-5,-8.201095274466744e-6,9.38475279816541e-6,1.096186243468048e-6,4.363015577103391e-6,-5.246408294855595e-6,3.4036439465020077e-4,4.559985566570597e-5,9.4760749396582e-5,-2.218865116905672e-5,-9.405412070700682e-7,9.16551222595478e-4,1.8789316948023324e-5,1.8218984664859663e-6,-1.1543815769182463e-4,-1.6809218724814852e-5
0.003682921875567194,-1.0480897012988459e-5,-1.8126723078293634e-4,-8.426942795583984e-5,6.501991245621538e-5,-9.406091889930742e-5,3.741267639252903e-5,-1.287696850742022e-4,-1.503026275642265e-4,-5.2748127561377447e-5,6.237180060321201e-5,-6.292301623058166e-5,-2.8622733092631845e-5,-1.2099982871515315e-5,-8.871715402069408e-5,-7.781531048086374e-7,3.050895469272011e-8,-4.372042345655699e-5,-7.326772448812595e-5,-1.007887726246737e-4,2.2827467291157842e-5,-2.191720379321988e-6,-4.338802259295409e-5,4.9781556813857795e-5,-7.680989927455988e-6,4.145328463257633e-6,2.7216992833981354e-5,3.6414175663808065e-4,-1.1322386255748823e-4,8.765505247893225e-5,1.1646014099927536e-5,2.4748207955988754e-5,5.654402399176171e-5,7.209447859041886e-6,5.610678318274535e-6,-7.080888600554129e-6,-9.097296912804482e-6,1.688806953528572e-5,2.6126944036949054e-5,6.996711543444776e-6,-1.0790274309450175e-5,-8.062727800832749e-6,1.4075799821585797e-6,1.8095457242194992e-5,1.8708330641204545e-5,-2.109409809464114e-5,2.5265668784622606e-6,-2.605979716990505e-6,2.311676951300846e-6,3.498183188052325e-6,-8.806447246030594e-4,-1.4784982057154067e-5,1.1823405502202572e-4,8.139655459327036e-6,2.8128176920939264e-6,-0.0020486364428658073,1.0064840926092045e-5,2.995699211443249e-6,2.0910938566871712e-4,1.5285132188242447e-6
0.01700534274005204,-5.703941501858437e-5,1.1303537290802765e-4,7.186247171078375e-5,1.4252164461374904e-4,5.976245230230472e-5,1.315884538444292e-4,2.997435661969725e-4,1.8840737867538085e-4,3.559801151019908e-4,2.4225412805662286e-4,3.1054000466609346e-4,2.562082613294776e-4,3.0225232162673884e-4,-1.1481925174637032e-4,-4.370209040581743e-5,3.713096847453952e-7,4.1532670577739e-4,3.2837688605695753e-4,3.0835157757095407e-4,1.2088269057731183e-4,2.3137084475931087e-4,4.3514231258833354e-4,-1.3234270558980677e-4,1.6818864546149377e-4,-1.0706238327170604e-4,-7.829414815332319e-6,-1.1322386255748827e-4,7.086506628611021e-4,-2.5725418611183097e-4,5.712332699817892e-5,-5.2311767499545906e-5,9.980162185938959e-5,2.1826421522532147e-4,-6.831955202352031e-4,2.3213673612019594e-5,1.0908031058311245e-6,-5.187961779036648e-6,-4.5357471681987474e-5,-1.4299277538875582e-5,2.1159238724100297e-5,1.7695491382507582e-5,-1.2274456079243765e-5,-1.1392906178878451e-5,9.727841723679562e-6,3.068601726114166e-5,8.543770116297941e-6,-1.7123297472240486e-5,-4.556217344827194e-5,1.2012911764092884e-5,-9.391196031119697e-4,-6.0423053965295974e-6,2.952403767968214e-4,-3.685261850564962e-4,1.9798775789713297e-7,-0.0030128641553311933,1.5255405643126705e-4,-8.412319995334861e-6,2.6237955012782776e-4,-5.368083896188057e-7
0.008494733391439467,2.5259161225925148e-5,-7.470875034185231e-5,-2.1474435642576715e-5,-1.9432989822694362e-4,-2.1118265787208336e-4,-2.1230458651510855e-4,-1.741067749866012e-4,-9.755220120717422e-6,-1.2173588263808103e-4,-1.4158107271390549e-5,-2.4165794866225015e-4,-2.5598827850096325e-4,-2.5815465371279583e-4,2.4977192026104986e-5,3.410812058041229e-5,-2.5421935474131767e-7,-1.963072186333913e-4,-2.1083643043331746e-4,-1.018345913173792e-4,-3.170750196649959e-5,-1.7969172908576282e-4,-2.7653686559877915e-4,8.710860696981408e-5,-1.338742558986108e-4,8.079208473927343e-5,2.5165218351315314e-5,8.765505247893228e-5,-2.5725418611183097e-4,4.186921573214139e-4,2.77928857003384e-6,-4.861929155001977e-5,-5.279958161483703e-5,-1.2757274561068556e-4,5.47174309623862e-4,-1.64575679720141e-5,3.905204928871458e-6,3.137808466478641e-6,1.5902515377060792e-5,1.514435300173174e-5,-1.5166552314808565e-5,-3.0089377184453876e-6,3.082459837047364e-7,-1.1520226542807345e-5,-4.193915516054465e-6,-2.2576704681312345e-5,-5.688317824038834e-6,-2.2620221062486267e-6,-7.687787105147928e-6,-7.4513247736026674e-6,-0.0010728366329631573,-1.5865869143177085e-05,-3.822071746739343e-4,3.1698569207273765e-4,1.1432209916836121e-5,-0.001910527906670575,-1.537556341762378e-4,6.102848958895597e-6,3.1555575389383714e-4,-2.1023415270820844e-6
-0.004631508426541537,-5.062150899071171e-5,-3.0033334795689644e-5,-4.904367312251048e-5,-1.7157933197967972e-5,-5.8372196935751584e-5,-2.914736652163828e-5,6.444133399369953e-5,7.84380939374205e-5,4.4106299804606746e-5,-3.9826015282385134e-5,2.4537840730793695e-5,-2.0227109463186533e-5,7.838179042356871e-5,-3.935846955408208e-6,-4.630438564703758e-6,9.6453340362181e-9,7.974000527133623e-5,4.356937346411864e-5,3.798374819383811e-5,6.339095159995662e-5,-1.2176453433777537e-5,6.419342367897384e-5,-3.570156716056085e-5,-6.865738240084933e-6,-1.5429273532284765e-5,2.4851052726997854e-5,1.1646014099927573e-5,5.712332699817882e-5,2.7792885700338225e-6,1.182741471914544e-4,-5.812583915501414e-6,3.061742917051425e-5,4.631168710763555e-5,-6.877135205410026e-5,5.138296634025098e-6,1.1877453659175459e-5,-4.468710721434396e-6,-8.707117533377043e-6,6.550511699480612e-7,2.7011587534445515e-6,-5.5284653521193344e-6,-6.309215625885353e-6,-5.496915964894868e-6,7.0326745100241e-6,1.6546145123567773e-7,5.7866589464738285e-6,-8.707860118943864e-8,-1.2159891244506902e-6,6.339736735311187e-6,4.378225078860695e-4,2.7224778422209008e-5,0.00026536062002280813,-2.937335273572302e-4,-1.740134866602586e-6,0.0012858804455953643,4.2768451924953016e-6,-1.1112801360695905e-6,-1.2205352517057277e-4,-4.171566436675812e-6
-0.00833081641241137,1.0102428681393653e-4,8.071465682465262e-6,1.6559188762409793e-4,1.686276292578251e-4,2.778018467260059e-4,7.478037516905759e-5,1.1911577340530807e-4,-2.895886979275177e-5,-3.1537887457823706e-5,-3.0646300530802377e-5,-1.838141817823923e-4,-7.244363939008326e-5,-6.598701070641667e-5,-1.1126672606693139e-4,-1.9646672336979786e-5,1.8549229053688415e-7,3.404863291146241e-5,7.184542968752172e-5,-7.007663272885633e-6,5.892368730642217e-5,6.513450254672546e-5,6.970530263959566e-5,1.9031721159306904e-5,1.5933787538256113e-5,2.660032778895341e-5,2.8911326746627532e-5,2.4748207955988805e-5,-5.231176749954585e-5,-4.861929155001983e-5,-5.8125839155014175e-6,2.2597576762158888e-4,9.045578323304996e-5,4.2432053670330295e-5,-1.220966660548499e-4,-6.410550480203252e-6,-4.276152682235852e-6,1.3139835467284841e-7,-7.758715402743216e-6,-6.666770660545037e-6,1.3782362814860595e-6,-7.409435489837958e-6,1.030710915730701e-5,2.1955569756513076e-5,4.776181418015742e-6,-1.6569725539317977e-6,8.81594275592884e-6,1.790086808121084e-5,2.4749702387700194e-5,-2.0301504851602674e-6,5.30560867615853e-4,-3.5692739401195724e-5,2.666058069259884e-4,-1.9688529536274047e-5,-6.531039725824355e-6,0.0013936926827652421,5.147836167669488e-5,1.8881591593499419e-6,-1.9261532449630698e-4,2.519048936087179e-6
0.0020168450161376665,-1.1846924783875232e-4,-2.719049026921675e-4,2.459686228812687e-5,3.347186242048366e-5,1.0249587558854552e-4,5.964902274365003e-5,3.1077059273691865e-5,-1.1058915075593106e-4,-5.9484534627635214e-5,-9.27103143354399e-5,-1.6523983818217557e-4,-4.1423851760923626e-5,-2.991340004906875e-5,-1.5152061674292072e-4,-2.506598320868767e-5,1.809000339529975e-7,1.7741161671096684e-4,1.882305218787044e-4,1.2417956760552373e-4,1.4045250289202897e-4,9.154448476760884e-5,2.449381325816426e-4,-3.728543232595471e-5,5.07765632684094e-5,-3.370221290064832e-5,6.720076369849083e-5,5.654402399176162e-5,9.980162185938952e-5,-5.279958161483706e-5,3.061742917051422e-5,9.045578323304992e-5,3.245279336043481e-4,1.489867548998689e-4,-3.6570435200242407e-4,8.701757111494267e-6,5.293883861983385e-6,1.316515010057939e-6,-7.86710967782688e-6,-2.373813207044522e-6,1.380358423716183e-6,-8.176341049214334e-6,5.287815388378133e-6,9.323956876414605e-6,1.511134822474609e-5,4.525532041865301e-7,1.0175099027266655e-5,9.714511686441e-6,-9.053040536537756e-6,1.1033780779381569e-5,-3.325621145467144e-4,7.194157403310201e-5,5.58930495537865e-4,-3.7870467623442935e-4,3.9890829526949165e-6,-1.768291203790437e-4,8.364277824178555e-5,-2.200255804935499e-6,-3.1975751374519e-5,-2.7940024917613075e-5
-0.014860410560599769,-1.2005342052865469e-4,-1.4884437280727767e-4,-1.8877798534583216e-4,-2.4535596661420377e-4,-5.261534343356772e-5,4.3107202315732797e-5,6.990122345717886e-5,-1.6410465516392792e-4,-2.5112063815445535e-5,-7.160719591568569e-5,-9.278754243476128e-5,2.228511462728332e-5,1.7877911092152764e-5,-1.5562614721365613e-4,-2.32859181687475e-5,1.519443727713419e-7,2.3949123804344595e-4,1.8144924911906777e-4,1.4370884820484264e-4,1.8229295768241058e-4,1.2019234810100068e-4,2.4462651495181596e-4,-6.207819293263712e-5,5.4461711550857e-5,-3.31743079299048e-5,2.791985377926225e-5,7.209447859041897e-6,2.1826421522532142e-4,-1.275727456106854e-4,4.631168710763552e-5,4.2432053670330336e-5,1.4898675489986897e-4,2.935311119691728e-4,-4.3828570319144145e-4,1.1128340303702834e-5,7.2598734730628706e-6,-3.162986570929435e-6,-8.859586267942712e-6,-2.971350026824982e-6,7.697743036891634e-6,-2.4007899555931404e-6,-7.165779902450201e-6,-7.428795907687242e-6,1.778259738058203e-5,1.1152778524080463e-5,7.253634023038596e-6,-3.636588895181206e-6,-4.374832747707414e-6,1.1783943313168757e-5,0.001502148960256777,1.0142140297676184e-4,8.262796414949698e-5,-3.1427522674481323e-4,8.395552876983612e-7,0.0037351605780303397,8.761074881202181e-5,-2.7880832917506623e-6,-4.099685583434264e-4,-3.454089173842964e-5
0.06860991373517182,3.040729227967174e-4,2.01224504373364e-4,1.8729196233650927e-4,4.6573260916431367e-4,7.66444850711963e-5,-2.4642649320249594e-4,1.129186464511206e-4,7.683882138786385e-4,5.406316845357234e-4,6.67744376478728e-4,-2.729800949326274e-4,-6.12118903284199e-4,-3.070302597378594e-4,6.200445482402908e-5,9.420497888889972e-5,-7.239255450031899e-7,-6.676602913537923e-4,-9.002732170430029e-4,-8.116955670461894e-4,-1.4117273864861144e-4,-5.819376614528063e-4,-8.041205169164249e-4,1.7888687185773538e-4,-3.246060229872048e-4,4.586899102621379e-4,-1.014230232125531e-4,5.610678318265436e-6,-6.831955202352395e-4,5.471743096238483e-4,-6.877135205409986e-5,-1.220966660548545e-4,-3.6570435200243925e-4,-4.3828570319143743e-4,0.008859003301224095,-2.4876891026859673e-4,4.618428535544243e-5,2.883254688074221e-5,1.9733177979287337e-5,1.06786427795426e-5,-6.165280543742128e-6,-3.8547021527318396e-5,-6.62267890140972e-5,-5.048344397416393e-5,-1.828830358733609e-5,-3.514516266973224e-5,-3.20757086642908e-5,1.4978538258855506e-5,-1.585495766216499e-5,6.61368470414161e-5,-0.01298264162416117,0.0010323359221905179,-0.0017773523999082173,-1.4150957268393524e-4,4.072241151021072e-5,-0.01916485888315195,-0.0025599930290771795,7.70083382241069e-5,0.00374422333011596,-3.656130110822833e-4
-0.0010050234486511291,-1.925059816383685e-5,-2.348597840556871e-6,-3.615745284759398e-6,-2.0968146317137253e-5,-9.615175531596018e-6,1.4874840860072511e-5,1.7981704815991894e-7,-4.684485918957822e-6,-2.6372877992498286e-7,-1.2408440165404978e-5,4.5840711391944574e-5,4.1851154977700855e-5,4.036463631235423e-5,6.987113025092523e-6,-2.603384648563746e-6,1.3761721713676515e-8,1.2865052124565372e-5,2.2943090523558813e-5,1.8659628811413304e-5,6.442567131510517e-6,1.4842695266489229e-5,1.8172311548780075e-5,-6.0379724905859575e-6,7.4422974019344655e-6,-1.8854027526070723e-5,-3.29673189264402e-6,-7.080888600553815e-6,2.3213673612020804e-5,-1.6457567972013763e-5,5.138296634025146e-6,-6.410550480203115e-6,8.701757111494724e-6,1.1128340303702734e-5,-2.4876891026861717e-4,1.047287460295324e-5,-1.186521206908305e-6,-8.944499327874546e-7,-2.207091691549384e-6,-3.382654760064256e-7,-6.283890375174695e-7,2.4804368983881632e-6,1.152686073540087e-6,-1.1523071233877589e-8,-1.6965361730209628e-6,2.8424461031497204e-6,2.721186076868021e-7,3.464868395017703e-7,-6.484208515627548e-7,-1.3828602745702212e-7,2.8092269545512265e-4,-3.075936953599842e-5,6.417576900392047e-5,-2.375239847060427e-5,-8.81907450040828e-7,4.413777306598256e-4,7.182784806456981e-5,-3.29302364490844e-6,-8.954618851447504e-5,1.1133882794961821e-5
8.06321684318437e-5,-3.755906144100324e-5,-4.473033972367754e-5,-3.715342976105221e-5,-7.099841095101664e-5,-8.634969345357249e-5,-5.278494835414325e-5,-9.146127612554653e-6,-5.790289738006347e-7,-5.878139823371188e-6,-1.6984683369455064e-5,-1.9709650143118866e-5,-2.038380650815401e-5,-2.4816332679225782e-5,6.687760140478387e-6,2.899714406619865e-6,-3.583499690731466e-8,1.0994584218052648e-5,5.945321681187854e-6,4.6697175523027945e-6,9.405870512860866e-6,-1.1716037762465177e-5,-2.418676427890231e-6,-5.049007106687915e-6,-1.3789027747567412e-5,5.989939807323667e-6,1.0790540432047128e-5,-9.09729691280449e-6,1.090803105831114e-6,3.905204928871386e-6,1.1877453659175506e-5,-4.276152682235855e-6,5.29388386198335e-6,7.259873473062909e-6,4.618428535546055e-5,-1.1865212069087866e-6,1.1576086132679403e-5,-6.978772270458121e-6,-2.2642865221017614e-6,-7.026686590758203e-7,3.922280713693246e-6,-2.7158071695988256e-6,-8.26353324027719e-7,-1.14790376304766e-6,3.6672470797896156e-6,-5.464825898743598e-7,3.2496635739191014e-6,-2.4073808645057342e-6,-5.572739692386943e-7,-5.13566967927439e-7,-6.154449941511214e-5,-3.3837085886524446e-6,1.3298516170668916e-5,3.1269592757814636e-5,-1.9363416900963295e-6,9.462293406281616e-5,-2.295086996067703e-5,6.831516606563498e-7,6.340648190722525e-6,2.050121701910331e-6
0.0010811103646807755,4.6845651596666194e-5,6.980613348770402e-6,3.9404323204204195e-5,4.1941968912177335e-5,6.639272696304351e-5,5.71165952838908e-5,3.417431296572273e-5,4.731061117282133e-5,6.387959409673268e-5,1.0372436689446995e-4,6.905573097051157e-5,8.906575202073304e-5,8.42430351931878e-5,-7.722595024155996e-6,-2.0260884458701628e-7,7.824242053506114e-9,-1.2853754839922861e-5,-2.290527966246759e-5,-1.6551490343528095e-5,-4.3264040725207975e-6,6.7679703448748565e-6,-6.892074267623165e-6,3.15966689369052e-6,1.0145386321936454e-05,-3.3054561523854827e-6,-7.843106308010278e-6,1.68880695352857e-5,-5.187961779036625e-6,3.137808466478651e-6,-4.468710721434393e-6,1.313983546728566e-7,1.3165150100579492e-6,-3.162986570929449e-6,2.883254688074183e-5,-8.944499327874622e-7,-6.97877227045813e-6,1.1544800819953445e-5,-2.4541013506212053e-7,1.5342081933038778e-6,-4.327901988243565e-6,7.355518336282638e-7,-1.468590375622714e-6,-3.0875952346164792e-6,-1.4129659386117678e-6,-4.097884487128436e-7,-3.7173795296602465e-6,1.319480043512778e-6,-4.277099763035414e-6,3.314539299959264e-6,-1.0741447538186648e-4,-2.8153575991819306e-6,-3.8001405645037475e-5,-5.866642529788189e-5,3.230700890218227e-6,-3.1900005048888055e-4,-3.014608196876255e-6,1.937048905312865e-7,3.700636645225879e-5,-1.391145663779621e-6
-0.00314556871462987,-5.153292539513652e-5,-5.975346262622295e-5,-8.84530148683084e-5,-5.755084600139284e-5,-1.2568764186701438e-4,-1.0141184472285476e-4,-1.4675117263039073e-4,-1.5004188114964447e-4,-1.8237738554913402e-4,-1.7098114531599373e-4,-1.591680096688743e-4,-1.2892548176347742e-4,-1.4799608290239224e-4,1.4688727982410108e-5,3.022331486225087e-6,-3.119758734990964e-8,-7.02228651947897e-6,3.4835559889757934e-6,-8.246180303443232e-6,-2.2351034339417828e-5,-2.2629004468439324e-5,-2.0234126806073705e-5,2.8789513105227177e-6,-1.0016738783711708e-5,1.015338743916187e-5,2.941514583028419e-7,2.6126944036949054e-5,-4.5357471681987515e-5,1.590251537706076e-5,-8.707117533377038e-6,-7.758715402743233e-6,-7.867109677826912e-6,-8.859586267942695e-6,1.9733177979287628e-5,-2.207091691549413e-6,-2.264286522101751e-6,-2.4541013506214843e-7,2.3425393482092514e-5,1.3093841882424004e-6,-1.7658005620815375e-6,-3.6036969163442216e-6,5.435718232546387e-6,4.193317329287316e-6,8.418989841695055e-7,-5.417362130314375e-6,4.310075118126886e-6,-6.597060878000055e-6,1.3456800119501396e-6,1.250054008025665e-6,1.0997986479989807e-4,4.995464639602205e-6,-1.1780586400732668e-4,6.440207727799845e-5,3.2917315868604383e-6,3.531306426025634e-4,2.7458359849098855e-6,7.283747222791974e-7,-3.600623670185027e-5,1.3058101779541145e-6
-0.0019102721586351703,-4.202227774058918e-6,-3.057228236026486e-5,-3.168407794433116e-5,1.0455190115049819e-7,-5.062617189948611e-6,2.9361355345174762e-5,-1.8859545050902146e-6,-1.3417209741549545e-5,-1.2195286607875719e-5,-1.6735288079735812e-5,-2.521063545853107e-5,-2.6186139045069254e-5,-2.0168214611593773e-5,5.984702481549067e-6,2.1949676403017518e-6,-2.631955575954806e-8,-9.199930210523717e-6,-1.066451590202766e-5,-8.412253471071333e-6,-5.782717872793457e-7,-5.966801546742773e-6,-9.430401952300718e-6,5.970947239992926e-6,-1.1335732575706443e-6,8.410747804055847e-6,-3.779331672870765e-6,6.996711543444768e-6,-1.4299277538875648e-5,1.5144353001731735e-5,6.55051169948055e-7,-6.666770660545017e-6,-2.373813207044543e-6,-2.971350026824984e-6,1.067864277954006e-5,-3.3826547600628834e-7,-7.026686590757561e-7,1.534208193303905e-6,1.309384188242417e-6,1.0352946868617762e-5,-5.847389104966957e-6,-3.318342676101112e-6,-2.0142573105308133e-7,-2.8595747345670167e-6,2.5343961473929893e-6,-7.178193794791978e-7,-2.0792424793967417e-6,-2.3139787619455528e-6,1.9695768418352278e-6,-1.1975423718100058e-6,1.4649207788648076e-4,-1.8742321664201444e-5,-5.36490365550824e-5,-2.792319700908747e-6,9.62560246496239e-7,3.824431540269505e-4,-2.831202591433803e-6,1.4542122418973692e-7,-2.702621954451868e-5,7.25415425059143e-6
7.537407783073041e-5,7.602506216324839e-6,6.13957328063973e-5,2.387331973388761e-5,2.6278351776230674e-5,1.4487535709694782e-5,-2.4977173846994385e-6,4.892923038195161e-5,2.433589868845466e-5,4.6020479947037526e-5,4.4160036379392456e-5,5.912990203818941e-6,1.3837527401991557e-5,7.968599699607809e-6,-1.0596632172130028e-5,-1.6195132155306076e-6,1.7255453000618086e-8,2.194656669716115e-5,2.1237741327044605e-5,1.7482247881813925e-5,9.478373939455025e-6,1.0924205032301263e-5,1.2755482544059209e-5,-2.64541787223161e-6,3.953842860065458e-6,2.4708400777461832e-6,8.768745108381463e-6,-1.079027430945016e-5,2.1159238724100304e-5,-1.5166552314808565e-5,2.7011587534445537e-6,1.3782362814860516e-6,1.380358423716214e-6,7.697743036891629e-6,-6.165280543742063e-6,-6.283890375175111e-7,3.922280713693143e-6,-4.327901988243597e-6,-1.7658005620815593e-6,-5.847389104966966e-6,1.2310473410085343e-5,-1.1931222511038073e-6,-1.3364022686696892e-6,1.7375108603509108e-6,1.7891163808468598e-6,1.2960838568995037e-6,3.6205570087870554e-6,-1.0946951132526907e-6,-6.60410395318216e-7,-3.927435855800914e-6,-2.211765950671147e-5,2.3351292616774504e-5,-2.8260166496278164e-6,2.4886281011389334e-5,-6.537992796093579e-7,1.8674016029612636e-5,-2.645634314377895e-6,2.8382977265833014e-7,-4.027430696166456e-6,-7.672465933567284e-6
0.0036103317373914253,1.239102914996379e-5,1.1396644541639801e-5,2.221157196703244e-5,1.7947066445695276e-5,1.5705526210643916e-5,4.50017485826513e-5,1.6584724513255386e-5,2.8302598393818438e-5,3.780305287067007e-5,3.5708013086035874e-5,5.5576730885001885e-5,1.9483334719247822e-5,5.2253839374500043e-5,3.541704989548975e-6,-1.0134504352166333e-6,1.724385031258182e-8,-9.42108712310379e-6,-2.514094965298438e-6,-9.365990664158198e-6,-5.841776386725251e-6,9.321925246642484e-6,6.0633922802796735e-6,-5.756547275019694e-6,8.79773423751543e-7,-1.0218668617555322e-5,-1.2654264736518497e-5,-8.062727800832737e-6,1.7695491382507572e-5,-3.00893771844539e-6,-5.52846535211934e-6,-7.409435489837954e-6,-8.176341049214329e-6,-2.4007899555931344e-6,-3.8547021527318186e-5,2.480436898388155e-6,-2.715807169598813e-6,7.355518336282517e-7,-3.6036969163442153e-6,-3.3183426761010886e-6,-1.1931222511038346e-6,1.1741123212203803e-5,-2.2315565362130494e-6,-2.3597317334592594e-6,-5.5325204134997115e-6,2.1529418940587882e-06,-2.1088842901430336e-6,9.783079915720076e-7,1.4111004485641575e-6,-9.27908297887864e-7,-2.4104647734713805e-4,-4.603126006896103e-5,1.1388376491334407e-5,-4.992369280194207e-6,-7.593475543912497e-8,-7.293496909388567e-4,1.1633535925155308e-5,-9.846813602685056e-7,5.884933796498141e-5,1.3942211361179135e-5
-0.002052438034990336,-2.2212132693854636e-5,-4.9736466334927115e-5,-2.6533776622289246e-5,-2.816290176832535e-5,-5.178696436269454e-5,-8.906483362113343e-5,-8.880116997354105e-5,-9.16542028575521e-5,-1.0516545495851516e-4,-1.2598836843527025e-4,-1.0851969930880774e-4,-1.0319714233610533e-4,-1.055039168161601e-4,1.8042721732540942e-6,4.810052517535258e-7,-4.074909946905626e-9,7.745035660425246e-7,9.921136565547096e-6,5.376177387553045e-7,-8.74452946056041e-6,3.864321810306561e-6,-7.902007708626128e-7,-2.4767887409841104e-6,-3.8453466124543826e-7,3.8417132367514965e-7,5.588541636685362e-6,1.4075799821585714e-6,-1.2274456079243746e-5,3.0824598370474344e-7,-6.3092156258853475e-6,1.0307109157307018e-5,5.287815388378164e-6,-7.165779902450198e-6,-6.622678901409534e-5,1.1526860735400078e-6,-8.263533240277345e-7,-1.4685903756226934e-6,5.435718232546383e-6,-2.0142573105312919e-7,-1.3364022686696723e-6,-2.2315565362130472e-6,9.540094120698635e-6,4.402697992871483e-6,9.459469751286113e-7,-1.7184268036610254e-6,5.525548634159329e-6,-2.8276760436943206e-6,-6.875710765858286e-7,-1.8610394727866862e-6,1.616255603903826e-4,2.0961114699507265e-5,-3.2376911952390105e-5,9.474922567572904e-5,-7.086650387183977e-7,4.163602585609201e-4,2.3593248785054843e-5,-3.9778841810885194e-7,-5.101553446831156e-5,-7.378935242249453e-6
-1.5005726113972e-4,-1.7880030504451333e-5,9.752293712883542e-6,3.580553738139275e-5,4.5635135134554906e-5,5.150656292749009e-5,1.5939966393154646e-5,-1.3262630979642297e-5,-2.646337406428837e-5,-2.1242933505527525e-5,-2.7430156137414375e-5,-6.474317596380115e-6,-3.0462615119214247e-6,-6.79154510737734e-6,-7.730854784736229e-6,-3.287416374688737e-6,3.1133986391593365e-8,-3.371124033330321e-8,1.646148274036433e-5,1.5368233141781294e-5,-3.6654213787038208e-6,-1.3176547728415473e-5,6.158473648253977e-6,5.7742529014194855e-6,1.8764786504417535e-6,4.014119896341309e-6,7.302829153474322e-6,1.8095457242194962e-5,-1.1392906178878561e-5,-1.1520226542807369e-5,-5.496915964894883e-6,2.195556975651311e-5,9.323956876414596e-6,-7.428795907687232e-6,-5.048344397416358e-5,-1.1523071233812556e-8,-1.147903763047646e-6,-3.0875952346164754e-6,4.193317329287168e-6,-2.8595747345669684e-6,1.7375108603509494e-6,-2.359731733459271e-6,4.402697992871464e-6,1.6781372663599497e-5,2.0296168324773137e-6,-2.566959776559938e-6,4.104862302109805e-6,-7.332548766979706e-8,4.866898890476236e-6,-3.2232228609926636e-6,-1.227697724124125e-4,3.9099460774104845e-5,1.2444024450635738e-4,4.088199386770148e-5,-2.330293503665997e-6,-8.327944878103173e-5,2.0737017004226133e-5,-4.516977842601157e-8,-5.545762860588655e-6,-1.1496357404901804e-5
-0.0035528483426125993,8.957798906498999e-6,-2.0577832590079403e-5,-1.1231231126110795e-5,-3.3093051508732626e-5,1.507429831816051e-5,-7.114354486613533e-6,1.101198548216418e-5,-4.21351208063266e-5,-1.6863461919806578e-5,-1.1563475029954855e-5,-3.936167433270878e-5,-2.342151678804804e-5,-3.120042959304399e-5,-2.317662401907008e-5,-8.426511836939142e-7,-3.1673836426764772e-9,2.4883929273644805e-5,1.1552882235598e-5,2.122312676107805e-5,2.517950891631345e-5,1.2429908357625448e-5,7.057474808882927e-6,9.276019235780909e-6,-6.670860179748552e-6,6.736123796672932e-6,1.052235925871102e-5,1.870833064120461e-5,9.727841723679577e-6,-4.1939155160545105e-6,7.032674510024066e-6,4.776181418015802e-6,1.5111348224746081e-5,1.778259738058203e-5,-1.8288303587352596e-5,-1.6965361730203578e-6,3.6672470797902957e-6,-1.412965938611618e-6,8.418989841691825e-7,2.5343961473929673e-6,1.7891163808470006e-6,-5.532520413499743e-6,9.459469751287759e-7,2.0296168324771575e-6,1.894753853075068e-5,-2.0113955266826255e-6,2.035898767409558e-6,-2.735051324135048e-6,3.283152612969305e-6,-4.4833420408870865e-6,1.229030655615487e-4,1.3874758614360322e-5,4.614846006572172e-6,6.623447363465881e-5,-1.1404303667766038e-6,5.569840320894223e-4,4.636332335273202e-6,7.020382781403883e-7,-4.122002335969695e-5,-3.2075269126148625e-6
-2.0436651691134607e-4,-8.246383608555544e-6,8.367394977174675e-6,7.600246170647045e-7,-3.05385973502547e-5,-2.3497033845727066e-6,6.456271478225455e-6,5.720328541848608e-6,6.237911464878577e-6,6.4162853787568375e-6,-1.104847983044123e-5,6.148432469786507e-6,-4.562800987397069e-6,2.0702462199956195e-5,3.323476486016618e-6,-3.1018260799062096e-6,3.007346295566208e-8,1.8352835673760022e-5,1.866102273976847e-5,6.7254475322254955e-6,1.0091071517932871e-5,1.2489755740354293e-5,2.6009684757427072e-5,-3.7403359596266906e-6,9.794792459156723e-6,-1.0251255867854066e-5,-8.201095274466742e-6,-2.1094098094641125e-5,3.068601726114166e-5,-2.257670468131234e-5,1.6546145123567458e-7,-1.6569725539318087e-6,4.5255320418652e-7,1.1152778524080458e-5,-3.514516266973694e-5,2.842446103149911e-6,-5.46482589874281e-7,-4.0978844871283424e-7,-5.417362130314354e-6,-7.178193794792225e-7,1.2960838568994855e-6,2.152941894058784e-6,-1.718426803661019e-6,-2.5669597765599624e-6,-2.011395526682681e-6,7.819432793160562e-6,-2.1528866535762826e-6,1.3618109669197819e-6,-1.5290638562088498e-6,1.72628343764994e-6,6.877739330453885e-5,-9.488421628741418e-6,4.538338690852795e-5,-1.977944538443319e-5,-1.373481450120486e-6,3.434793025473248e-4,8.21692772336227e-6,-1.0610270496237483e-6,-3.535983963263814e-5,2.7057640228564254e-6
2.29517029110316e-4,-3.370803952499921e-5,-1.8230104364169697e-5,-2.9088651294363022e-5,-4.445974349223737e-5,-6.198377792101295e-5,-6.26093815336737e-5,-3.785704863289937e-5,-5.820142429243903e-5,-4.588681438944419e-5,-7.337542608137314e-5,-7.715948509557966e-5,-7.67297625456338e-5,-7.644955317855002e-5,-8.21660472034235e-6,-1.3161679406240305e-6,5.3446704451670335e-9,1.921006855459426e-5,1.713965446674412e-5,1.494313260095534e-5,7.598330663487095e-6,1.3612849134469018e-5,1.3246180353910764e-5,-6.329553173851509e-6,1.259306615546818e-7,-1.2967710271057688e-6,9.384752798165384e-6,2.526566878462259e-6,8.543770116297941e-6,-5.688317824038784e-6,5.786658946473831e-6,8.815942755928756e-6,1.017509902726668e-5,7.253634023038581e-6,-3.2075708664304905e-5,2.7211860768722584e-7,3.2496635739189243e-6,-3.717379529660183e-6,4.310075118126896e-6,-2.0792424793969565e-6,3.6205570087871427e-6,-2.1088842901429726e-6,5.525548634159311e-6,4.104862302109752e-6,2.0358987674090463e-6,-2.152886653576266e-6,1.0302817277403736e-5,-5.033609706577933e-6,-5.315024821887744e-7,-1.983720567821132e-6,-1.2251854072267216e-4,1.0248872408481213e-5,-1.6736499980797683e-5,4.767774911474019e-5,1.9367429579370942e-7,-2.3289226908517393e-4,8.462918090739534e-6,-1.4972900357414352e-8,2.5519302868123444e-5,-2.9186713054063883e-6
5.085400108577182e-4,4.140713402487183e-5,6.066443198525383e-5,8.160805228622032e-5,1.048542912117588e-4,1.392914193153515e-4,8.101555352433665e-5,9.007585015799582e-5,1.1251656442216736e-4,1.0429460288448152e-4,1.1168236687148671e-4,8.82060804117959e-5,1.1358922270713004e-4,1.0361648144094873e-4,-8.89477869427181e-6,-1.3550973243505192e-6,1.3461473404802234e-8,-1.4820149690579873e-5,-2.8404509381382407e-6,7.930333497607723e-8,9.79381065972867e-6,6.705730689248833e-7,-1.485340138407366e-5,8.275220881647746e-6,4.008558433478397e-7,-1.309381929725437e-6,1.0961862434680536e-6,-2.6059797169905112e-6,-1.7123297472240476e-5,-2.2620221062486076e-6,-8.707860118944026e-8,1.7900868081210855e-5,9.714511686440982e-6,-3.636588895181207e-6,1.4978538258856165e-5,3.464868395017641e-7,-2.407380864505685e-6,1.3194800435128308e-6,-6.597060877999982e-6,-2.3139787619455295e-6,-1.0946951132527174e-6,9.783079915720017e-7,-2.8276760436942706e-6,-7.332548766977559e-8,-2.7350513241351923e-6,1.36181096691982e-6,-5.033609706577817e-6,1.5244371081868636e-5,6.490783798538806e-6,1.5052339498651959e-6,-8.339480261981273e-5,-2.952147146923878e-6,1.4440817358149543e-4,-9.13129005064993e-5,-7.649524800079221e-8,-1.0791872678454095e-4,-5.326592170529612e-6,-7.193844553438531e-8,6.250539439221882e-6,4.098297860649598e-7
-0.00389142097807983,7.063028606020355e-5,9.889913630411193e-5,1.0385146693267791e-4,1.1864777916170089e-4,1.5639890365150316e-4,1.313291565631254e-4,9.11254436860054e-5,5.860182654877317e-5,5.262666241870925e-5,5.1233396145556966e-5,4.703526860112719e-5,4.630883458667724e-5,4.258308517715617e-5,-7.4527944739531024e-6,1.977117097472529e-6,-2.195782336924828e-8,-2.934992902211805e-5,-1.8441419025837095e-5,-2.4219896968012932e-5,7.1165482965851586e-6,1.1136015581286477e-6,-3.0761680148993034e-5,1.5151640598057238e-5,-1.1849072702334427e-5,1.326198494723856e-5,4.363015577103324e-6,2.3116769513008663e-6,-4.556217344827187e-5,-7.687787105147933e-6,-1.2159891244507276e-6,2.4749702387700353e-5,-9.053040536537676e-6,-4.374832747707424e-6,-1.5854957662180176e-5,-6.484208515625327e-7,-5.57273969238949e-7,-4.277099763035515e-6,1.345680011949684e-6,1.969576841835267e-6,-6.604103953185736e-7,1.4111004485641784e-6,-6.875710765858378e-7,4.866898890476543e-6,3.283152612969694e-6,-1.529063856208781e-6,-5.315024821893884e-7,6.490783798538755e-6,2.8942685078351658e-5,-6.6835022566377e-6,1.2325439985010113e-4,-3.70828892730046e-5,7.455970227598249e-5,-1.947655699668419e-5,-2.0466928426455292e-6,4.5553617262088437e-4,9.361599788248252e-6,1.7585336421600593e-7,-6.080601028477211e-5,1.2476153752445367e-5
0.0021124712017804264,-5.978125295994532e-5,-7.175165023177673e-5,-4.313292737906186e-5,-5.982376947128817e-5,-7.692328319568752e-5,-5.917929988795808e-5,-7.264274076219379e-5,-4.5292630688322815e-5,-6.37313085793445e-5,-6.129030877628329e-5,-2.7516366820715583e-5,-1.6910871012262684e-5,-1.839506064684651e-5,7.672536361883148e-6,-9.83144020518705e-7,5.470482535878628e-9,1.3603215830931684e-5,7.140226526313255e-6,-2.861020829330799e-7,2.488166047991102e-6,-1.0254351367947525e-5,1.7439356080299097e-5,-9.917166419945377e-6,2.852112463776571e-6,-6.568702782068389e-6,-5.246408294855593e-6,3.4981831880523346e-6,1.201291176409293e-5,-7.451324773602643e-6,6.3397367353111936e-6,-2.030150485160277e-6,1.1033780779381569e-5,1.178394331316877e-5,6.613684704141413e-5,-1.3828602745697826e-7,-5.135669679274141e-7,3.31453929995926e-6,1.250054008025686e-6,-1.1975423718100039e-6,-3.927435855800923e-6,-9.279082978878583e-7,-1.8610394727866805e-6,-3.2232228609926568e-06,-4.4833420408870755e-6,1.7262834376499356e-6,-1.9837205678211353e-6,1.5052339498652094e-6,-6.6835022566377965e-6,1.2036615734236033e-5,-2.2468968474714156e-4,6.074289965033334e-6,1.832345616546394e-5,-9.585738715212788e-5,2.4916367035620646e-6,-4.386534324625953e-4,-1.937549587869563e-5,-3.3092232560547185e-8,5.823468128703957e-5,-2.968296854188303e-6
-1.3731992566907463,1.592841193961102e-5,-0.0017414225172448538,-0.004822245167634593,-0.002559347187472328,-0.0011021541954901394,-0.0032258114950535844,-0.0032081220693313006,-0.005114457211519022,-0.006569802126662515,-0.008099653843245791,-0.004388547796364323,-0.004781904637401195,-0.008843439987493068,-2.8153051489367034e-4,-7.606987191309422e-5,5.919928676757615e-7,-1.553475964094657e-4,-2.48282154813734e-4,-8.810575095362228e-4,0.0012636648558894629,2.503968309547544e-4,7.233171887777665e-4,-4.603898911225647e-5,-1.4442255663744513e-4,2.9443682959393063e-4,3.4036439465020337e-4,-8.806447246030341e-4,-9.391196031119221e-4,-0.0010728366329631539,4.3782250788604635e-4,5.305608676158832e-4,-3.3256211454671744e-4,0.0015021489602567656,-0.012982641624161715,2.80922695455107e-4,-6.154449941489634e-5,-1.0741447538185454e-4,1.0997986479992703e-4,1.4649207788667356e-4,-2.2117659506677733e-5,-2.410464773471996e-4,1.6162556039045554e-4,-1.2276977241241566e-4,1.22903065561923e-4,6.877739330446977e-5,-1.225185407224618e-4,-8.339480261974799e-5,1.2325439985002247e-4,-2.2468968474717807e-4,0.15679507309772298,0.001028440650929247,-0.007199590563626656,-0.0026054366529724717,-5.913741364283652e-4,0.3469669379029476,0.003931604999784102,-7.936377053432338e-5,-0.03914983023132877,-3.02179310606745e-4
-0.016472066681078104,-2.94778686106013e-4,-5.04629685725522e-4,-3.5652973422176104e-4,-3.944739000762188e-4,-3.906862789102475e-4,-9.048019925628254e-4,-8.612724093023358e-4,-6.682320724263463e-4,-6.367156868993613e-4,-8.484415278027625e-4,-4.8534673975646924e-4,-4.541377857324297e-4,-7.521594198078768e-4,-3.597484413732871e-5,1.0089523721108691e-5,-1.1960101766635184e-7,2.755561156370766e-5,8.471471756735509e-5,-1.0429972508159668e-5,3.4598443720426263e-5,-1.6688787443902084e-4,1.4019794519088194e-4,-5.723001000068902e-5,-6.09148139005316e-5,8.865295429572648e-5,4.559985566570582e-5,-1.478498205715409e-5,-6.04230539653032e-6,-1.5865869143177095e-5,2.7224778422208964e-5,-3.569273940119572e-5,7.194157403310165e-5,1.0142140297676245e-4,0.0010323359221904933,-3.0759369535997486e-5,-3.3837085886525264e-6,-2.8153575991821826e-6,4.995464639602042e-6,-1.8742321664201525e-5,2.335129261677442e-5,-4.6031260068960996e-5,2.096111469950733e-5,3.909946077410538e-5,1.3874758614361362e-5,-9.488421628741311e-6,1.0248872408481216e-5,-2.9521471469233665e-6,-3.708288927300522e-5,6.074289965033222e-6,0.0010284406509300957,0.0019336069038603744,8.97866031878075e-5,3.489146082695991e-4,-2.4536206103271853e-5,0.004543132902436326,-3.398712310165158e-4,1.0813299427954214e-5,-1.8972522758278288e-4,-6.142607898785604e-4
0.07784029216193342,-2.61898321277259e-4,5.961970240742944e-4,0.001147692633003569,0.0014214137816656557,0.001686658305107251,0.0013784362213469542,0.001165323426720654,0.0012718615169733717,0.0012788455334569145,9.759877592488308e-4,0.0017175342410196634,0.0015446442843625218,0.0020908093590143767,7.682843945547356e-6,-9.566905173765814e-5,7.056385498593654e-7,2.659879981458268e-4,5.374628725982041e-4,5.446872974396234e-4,3.2026869819325654e-4,-4.3537531931647066e-5,7.233415666034409e-4,-1.371955732988886e-4,7.695134726723937e-5,-3.7283801368615964e-4,9.476074939658197e-5,1.182340550220253e-4,2.952403767968198e-4,-3.8220717467393425e-4,2.653606200228091e-4,2.6660580692598935e-4,5.589304955378635e-4,8.262796414949838e-5,-0.0017773523999080301,6.417576900391606e-5,1.3298516170656953e-5,-3.8001405645039996e-5,-1.1780586400732341e-4,-5.3649036555086324e-5,-2.8260166496277754e-6,1.1388376491335146e-5,-3.237691195239537e-5,1.244402445063611e-4,4.614846006584431e-6,4.538338690852581e-5,-1.67364999808115e-5,1.4440817358149293e-4,7.455970227599912e-5,1.832345616546027e-5,-0.0071995905636148844,8.978660318784167e-5,0.007663425545478542,-0.0025303566101815486,-7.651870485330222e-5,-0.015231049430801427,4.2966722162422966e-4,-1.920896162629684e-5,0.0010408979286337956,2.9385326300063233e-5
0.01637084454680972,-1.943093390653882e-4,-9.033566095028065e-4,-0.001143782182829229,-0.0017372609660789029,-0.00183353009953871,-0.0021593516693806753,-0.0019297943226197747,-0.002149201501373254,-0.0021951395247554505,-0.0023952111967345245,-0.0023732426741843826,-0.0027335336436065515,-0.002806684205819385,2.0943901808579275e-4,5.331521538595348e-5,-2.6896979902846075e-7,-1.3058115526474396e-4,-6.266962256473686e-5,1.275333841026642e-5,-1.8919001571496356e-4,2.87696612596925e-6,-4.438858128632671e-4,1.4714105139587992e-4,-1.495343443777212e-4,1.9320945681778262e-4,-2.21886511690569e-5,8.139655459324967e-6,-3.685261850564956e-4,3.1698569207273526e-4,-2.9373352735722946e-4,-1.9688529536279096e-5,-3.7870467623442994e-4,-3.142752267448126e-4,-1.4150957268335433e-4,-2.375239847062447e-5,3.126959275780233e-5,-5.866642529788213e-5,6.440207727800237e-5,-2.792319700911957e-6,2.4886281011386868e-5,-4.992369280192674e-6,9.474922567572611e-5,4.088199386770765e-5,6.623447363463167e-5,-1.9779445384436144e-5,4.767774911473493e-5,-9.131290050650722e-5,-1.9476556996659856e-5,-9.585738715212762e-5,-0.0026054366529794275,3.489146082696242e-4,-0.0025303566101810304,0.005924190088606454,-3.799901114515067e-5,-0.005174668814601035,1.0607175018237809e-4,6.973116213233559e-6,7.722447762361324e-4,-1.1866012868243726e-4
0.0045043025081930544,2.47663960395722e-5,3.152338752312379e-5,3.722559818716659e-5,1.5334983137751476e-5,3.7036379659773064e-5,4.453529037137106e-5,4.47203869239873e-5,4.671631086156066e-5,5.001807666848888e-5,7.777492715172175e-5,3.168991261052291e-5,6.507175432301373e-5,7.179055507300068e-5,-7.078214278204353e-6,2.3796677060071047e-6,-2.2896168877837477e-8,2.4387662206662254e-6,-2.7849690055783547e-6,9.299906257467306e-7,-1.5492896423839204e-5,-9.279848546299971e-6,-2.4386182996490526e-5,-2.160141448502193e-6,2.67421836220543e-6,1.5295178009920095e-6,-9.405412070701058e-7,2.8128176920939192e-6,1.9798775789715655e-7,1.1432209916836114e-5,-1.7401348666025542e-6,-6.531039725824359e-6,3.98908295269497e-6,8.395552876983812e-7,4.07224115101971e-5,-8.8190745004039225e-07,-1.936341690096331e-6,3.23070089021826e-6,3.2917315868604917e-6,9.625602464960857e-7,-6.53799279609337e-7,-7.593475543908069e-8,-7.0866503871849e-7,-2.330293503665983e-6,-1.1404303667772867e-6,-1.37348145012063e-6,1.9367429579359073e-7,-7.64952480009803e-8,-2.0466928426451307e-6,2.4916367035620757e-6,-5.913741364284067e-4,-2.4536206103271975e-5,-7.651870485328231e-5,-3.799901114514259e-5,1.0631993678778453e-5,-0.0011549072967732914,-1.3654118131311689e-5,3.300631882562358e-7,1.4035965788711087e-4,6.962921424024276e-6
-3.2624639296409326,9.734581050827005e-4,-0.004360509053733209,-0.008290002407474698,-0.005663132805943732,5.730968987144175e-4,-0.006525476701562062,-0.006288615066640845,-0.009988402841732172,-0.013857845210092548,-0.01791661790256531,-0.010516972894870762,-0.011094498203429221,-0.01882789085897891,-0.0010353478266991428,-1.9763021091868886e-5,-3.2114132695781937e-7,-4.665919514721149e-4,-8.260782711312118e-4,-0.002835727262147766,0.0036181515052591167,-0.0010384932509984784,-5.345860776975993e-5,2.791531310877213e-4,-0.0013232868473882391,0.0018591486602272636,9.165512225955576e-4,-0.0020486364428657787,-0.003012864155331194,-0.0019105279066705418,0.0012858804455953181,0.0013936926827652798,-1.7682912037904954e-4,0.0037351605780303063,-0.019164858883150067,4.4137773065981234e-4,9.462293406368236e-5,-3.1900005048882856e-4,3.5313064260189384e-4,3.824431540269839e-4,1.8674016029693338e-5,-7.293496909389275e-4,4.163602585611711e-4,-8.327944878088096e-5,5.5698403209068e-4,3.434793025477416e-4,-2.3289226908487323e-4,-1.0791872678413207e-4,4.5553617261950754e-4,-4.386534324627929e-4,0.34696693790289473,0.004543132902436772,-0.015231049430804765,-0.005174668814586326,-0.0011549072967723861,0.8427362558227639,0.005726344242324695,-1.1211375671217505e-4,-0.09092341143089534,-0.0014751643081174976
-0.02223618924047611,-6.861595540727462e-5,-7.501093168103427e-5,-3.4976157042441956e-5,-7.901399593522842e-5,4.649845790578687e-5,7.043491301279695e-5,-8.894450932314135e-5,-3.166954387139708e-4,-3.025801872300021e-4,-3.123498873424517e-4,4.1470195200081685e-5,9.131688425739057e-5,2.142476823812833e-7,1.3372696323584722e-6,-2.921729821371613e-5,2.407202158436628e-7,1.7561715232908574e-4,2.4205660120186223e-4,2.1908525606546874e-4,3.307979549385475e-5,1.6822449992174308e-4,2.124153825074367e-4,-3.131036538097014e-5,9.389895852768079e-5,-1.293099663664971e-4,1.8789316948023605e-5,1.0064840926094159e-5,1.5255405643127665e-4,-1.537556341762339e-4,4.276845192495361e-6,5.147836167669553e-5,8.364277824179e-5,8.7610748812021e-5,-0.0025599930290771708,7.182784806456295e-5,-2.2950869960672442e-5,-3.01460819687663e-6,2.7458359849099884e-6,-2.831202591434656e-6,-2.64563431437831e-6,1.1633535925155527e-5,2.3593248785055222e-5,2.073701700422661e-5,4.636332335268545e-6,8.216927723360709e-6,8.462918090734307e-6,-5.3265921705292306e-6,9.361599788242814e-6,-1.9375495878696222e-5,0.003931604999784908,-3.3987123101651457e-4,4.296672216242657e-4,1.060717501825093e-4,-1.3654118131317648e-5,0.005726344242327403,7.816283755111362e-4,-2.31391464552279e-5,-0.0011370041966807887,1.214497200353572e-4
2.075127932808424e-4,5.668152689202405e-6,5.768663223474947e-8,7.713587039024583e-8,4.107907717921588e-6,3.9507775683632267e-7,-5.731181976257967e-6,-1.1421602826452319e-7,2.2406487354295584e-6,1.7591856206432313e-6,6.077292568395749e-6,-1.4151229897506745e-5,-1.0185093739119704e-5,-1.1651516427520197e-5,-2.5172853140556237e-6,1.04511813155736e-6,-6.8417662700183375e-9,-4.636427044080731e-6,-8.027371146990843e-6,-6.404549967683965e-6,-2.263340039224077e-6,-4.9714522170923625e-6,-7.145779724481498e-6,1.7138662059413455e-6,-2.983062238781822e-6,6.165032963520745e-6,1.8218984664859286e-6,2.9956992114431615e-6,-8.412319995335295e-6,6.102848958895613e-6,-1.111280136069601e-6,1.888159159349897e-6,-2.2002558049356645e-6,-2.788083291750638e-6,7.700833822410296e-5,-3.2930236449080645e-6,6.831516606561516e-7,1.9370489053128556e-7,7.283747222791869e-7,1.4542122418976048e-7,2.8382977265832993e-7,-9.846813602685135e-7,-3.9778841810887586e-7,-4.516977842601224e-8,7.020382781406123e-7,-1.0610270496237018e-6,-1.4972900357310657e-8,-7.19384455343719e-8,1.7585336421612454e-7,-3.309223256052776e-8,-7.936377053427989e-5,1.0813299427954455e-5,-1.920896162629976e-5,6.973116213225294e-6,3.300631882563097e-7,-1.1211375671205606e-4,-2.3139146455226808e-5,1.0785216840749646e-6,2.607969721396491e-5,-3.8929247196367875e-6
0.3510536199883268,-3.0323342529544185e-5,4.882251716704964e-4,8.613337114991509e-4,5.159403715511175e-4,-1.1227932829091621e-4,5.703935427332253e-4,6.825048730267194e-4,0.0012028901212549198,0.0016216328195346812,0.0019891268932296,0.0010152160744781528,0.0010123843726789746,0.0018894117474754853,9.831550631191047e-5,2.3261804688180625e-5,-1.6066526927699564e-7,-1.1820326130738953e-5,-5.246724563012135e-5,1.795213536599952e-4,-3.730364401710878e-4,-4.139912216747752e-6,-1.823147624741751e-4,-1.6254505694233627e-5,8.153343343779051e-5,-9.283154659937724e-5,-1.1543815769183087e-4,2.0910938566870858e-4,2.623795501278253e-4,3.155557538938355e-4,-1.2205352517057003e-4,-1.9261532449632815e-4,-3.197575137452581e-5,-4.0996855834341916e-4,0.00374422333011606,-8.954618851447417e-5,6.340648190653041e-6,3.7006366452292946e-5,-3.600623670179387e-5,-2.702621954449187e-5,-4.027430696165393e-6,5.884933796496849e-5,-5.1015534468333664e-5,-5.545762860606863e-6,-4.1220023359854214e-5,-3.53598396326895e-5,2.5519302868154344e-5,6.250539439187382e-6,-6.080601028464691e-5,5.823468128705672e-5,-0.03914983023139212,-1.8972522758286238e-4,0.0010408979286358328,7.722447762382335e-4,1.4035965788711962e-4,-0.09092341143107072,-0.0011370041966805948,2.6079697213979173e-5,0.010313036946296006,5.152158022004807e-5
0.005125450275964173,7.865936725706053e-5,1.4415214847934054e-4,6.719266372991584e-5,1.0243163788505178e-4,8.682641885547609e-5,2.719352154028735e-4,2.5102750621164885e-4,1.7817608642070582e-4,1.607266798675769e-4,2.30963416195725e-4,1.6336762899376943e-4,1.3588927208018365e-4,2.2520641515830523e-4,2.951587054273649e-5,-2.709177044977618e-6,2.411020634894318e-8,-7.281008322578067e-6,-1.8768331050208667e-5,1.5742133101417227e-5,-1.4585976930230773e-5,4.606907401367826e-5,-4.053709990037165e-5,1.6831020258085454e-5,1.8949238210523204e-5,-3.69910203048966e-5,-1.6809218724814764e-5,1.5285132188241223e-6,-5.368083896185731e-7,-2.102341527082072e-6,-4.171566436675878e-6,2.5190489360871605e-6,-2.794002491761297e-5,-3.454089173842974e-5,-3.6561301108225614e-4,1.1133882794960917e-5,2.0501217019103947e-6,-1.391145663779607e-6,1.305810177954391e-6,7.2541542505912855e-6,-7.672465933567221e-6,1.3942211361179154e-5,-7.378935242249478e-6,-1.149635740490191e-5,-3.2075269126154846e-6,2.705764022856289e-6,-2.918671305406252e-6,4.0982978606468e-7,1.2476153752445456e-5,-2.968296854188312e-6,-3.0217931060719515e-4,-6.142607898785525e-4,2.938532630008421e-5,-1.1866012868242242e-4,6.962921424024341e-6,-0.0014751643081179146,1.2144972003535191e-4,-3.892924719636497e-6,5.1521580220069856e-5,2.0230145415572426e-4
