(Intercept),year2010,year2011,year2012,year2013,year2014,year2015,year2016,year2017,year2018,year2019,year2020,year2021,year2022,gendermale,age,age_squared,relationship_statuspartnered,relationship_statusseparated,relationship_statuswidowed,food1,housing1,health1,water1,air1,healthcare1,security1,social_support1,respect1,education1,interesting_activity1,recreation1,occupation1,freedom1,personal_income,relative_income,country_average_food,country_average_housing,country_average_health,country_average_water,country_average_air,country_average_healthcare,country_average_security,country_average_social_support,country_average_respect,country_average_education,country_average_interesting_activity,country_average_recreation,country_average_occupation,country_average_freedom,gdp,growth,government_effectiveness,democracy,social_protection
0.1250631593789194,-0.001291295082444198,-6.909622524820674e-4,2.730987454365644e-4,-5.838631977856452e-4,1.0645649669837225e-4,8.075860467292832e-5,6.143946921593825e-4,4.8050486757139854e-4,5.508362951114604e-4,1.662509204097546e-4,-3.1366960401044375e-4,4.2853894762500425e-4,0.001432128654846939,6.802538292175388e-6,4.847448122548141e-6,3.179402221762374e-9,0.00017210264230691839,1.8365086202285305e-4,1.518763785024148e-4,1.5035353832718558e-4,-1.3056000754913433e-4,-5.762741308961183e-5,9.424950797762363e-5,2.0935629873814813e-4,2.1837074521411759e-4,1.0667124039122606e-4,2.3928124726920136e-4,2.282568946316245e-5,3.7970938612396905e-4,1.3020239335548122e-5,-3.07788806471864e-5,5.4530875974930784e-5,6.109440310993456e-5,1.8423986254737117e-4,-6.281528358406785e-6,6.821970898440975e-5,2.9231638436363843e-5,-6.0052759169307876e-5,3.836685538269343e-5,-1.1319007938810101e-4,-1.0927754418247245e-6,2.439370298050589e-5,-3.3028145313813306e-5,-8.848712628005783e-5,5.392736655532802e-5,-4.613337238520865e-5,8.051941654739843e-5,-6.138853695479006e-4,9.792734109151498e-5,-0.007695559845290606,-5.925497165908666e-5,0.0030510337570945675,0.001996661428562026,3.140996826787761e-5
-0.0012912950824443008,5.04714950032521e-4,3.309718799976505e-4,2.842504488315894e-4,2.63537344880217e-4,2.504105437820708e-4,2.3701207081727667e-4,2.505593496058186e-4,2.491618834297329e-4,3.035454144388895e-4,2.705828193875847e-4,2.8665983130586473e-4,3.091431203958567e-4,3.189212764848612e-4,-1.0291916830219739e-5,1.9340193305123567e-8,-2.387657419847931e-9,-2.534089278029282e-6,-2.6152307040402704e-6,4.2193884872222835e-6,-5.492766314048573e-6,-9.771788901891052e-7,9.93188570420065e-7,-5.970871421330632e-6,1.1335461317550048e-5,1.859699729055041e-5,4.22640402809625e-6,6.2861817886349686e-6,1.3646415416467902e-5,-2.1429795096844132e-5,-3.4587972565472917e-6,5.333866053746518e-7,1.6607396079127138e-6,2.883381504566768e-5,-3.350966737721981e-5,1.062334274118382e-6,1.9394691993328263e-6,-5.064845299968832e-7,4.9588485119141054e-6,-2.6035125601416273e-6,-1.049919552725447e-6,1.592429452546863e-6,-2.3535477513813077e-6,-3.5693043875910666e-6,1.0179827198428445e-7,-1.5431054989760531e-6,1.5407545725293207e-6,-4.659507869284264e-6,1.6148372607694396e-5,-2.6074965347033803e-6,2.2553093641581227e-5,4.906640860476075e-6,-4.2254766103402334e-5,5.4119203715792e-6,2.6694484228738503e-6
-6.909622524821342e-4,3.3097187999765146e-4,5.832204838616712e-4,4.010979728338001e-4,3.670171055526751e-4,3.8700501500921414e-4,4.189960901837239e-4,4.2432503401084587e-4,4.2302893700515396e-4,4.4883518972620005e-4,4.4619474109788956e-4,4.1934818057108234e-4,4.539379220276363e-4,4.1216557026010247e-4,-1.2453437805268275e-5,-1.1856684368259152e-7,-5.64105335571176e-9,6.623624740224862e-6,1.7303193510218005e-5,1.4133120400462597e-5,-7.167895966936383e-6,3.250443181371305e-6,-9.677517790155708e-6,-1.0573538607979482e-6,-6.814157901040373e-6,2.9496176661154584e-5,1.6092287096399064e-5,-2.613774733695542e-7,1.7705107501619505e-5,-3.0466037898282998e-5,-7.922431904195224e-6,1.5687932290890897e-6,1.0557567254407782e-5,4.120348642371677e-5,-3.586699424112059e-5,1.0903821321800207e-6,6.997692813633127e-7,-1.5090300090125293e-6,-9.549044693100047e-7,-1.3970955020585955e-6,-1.9433212805140196e-6,4.022377034995425e-6,-3.7272511009646637e-6,-1.3143592450563577e-6,5.19627449155514e-6,-2.681279367898757e-6,-1.9870142513115395e-6,-1.151435273423019e-6,1.3130265778214081e-5,-7.205113529333629e-6,1.140171539830056e-5,7.050055830043776e-6,-1.4079156471239349e-5,-3.830757969607658e-6,2.3578704164600547e-6
2.7309874543644195e-4,2.8425044883158827e-4,4.0109797283379773e-4,6.633055333633154e-4,5.061413490809476e-4,4.520122469547982e-4,4.093355588969295e-4,4.248788566137446e-4,4.374645801733696e-4,4.462316524057201e-4,4.534034541054601e-4,4.029863147413467e-4,4.590411390003577e-4,5.019769436154123e-4,-2.089103486351281e-5,2.8920652190420352e-6,-2.884583916469128e-8,-2.691125017577129e-6,-2.628326399957378e-6,1.8791760021400568e-5,3.760046135583493e-7,-6.303881330634061e-6,-1.1101518544326379e-5,1.4141738999633137e-5,5.0798005547571654e-6,4.5998907153330836e-5,1.0971073565073726e-5,-7.086071840393137e-6,1.3199356080870365e-5,-7.820851987408203e-6,-6.7088554666201716e-06,1.815757751119206e-5,1.7522305573785065e-6,2.4155048389995673e-5,-2.862151011795464e-5,9.395240882451649e-7,3.1391978642257316e-6,-1.119305684962029e-6,-1.8550833739504193e-7,-9.748156980404686e-7,-6.214362679638414e-6,6.3290935476204886e-6,-2.663648300668077e-6,-2.06101136669886e-6,-2.570942521155515e-6,-2.9010132135676987e-06,1.8690379308983665e-6,3.748224425538328e-6,8.906701268007628e-6,-8.490583727765022e-7,-1.1476124275632612e-4,-2.7657180073294817e-5,-1.4967031946807967e-4,1.0493482309444224e-4,5.110268897186623e-6
-5.838631977856957e-4,2.635373448802159e-4,3.6701710555267286e-4,5.061413490809489e-4,5.761771581487972e-4,4.6905675068736934e-4,4.2396542147796635e-4,3.9940554009883043e-4,4.056617670883595e-4,4.167293007962123e-4,4.0837761634861296e-4,4.0151326196051696e-4,4.179847393338615e-4,4.6168401228400684e-4,-1.3909219659416246e-5,1.7083445660664526e-6,-1.5954737705631463e-8,7.078385440052465e-7,1.617027593987563e-6,1.7069966468246418e-5,8.891911792781035e-6,1.0015375256539086e-5,-8.491760295983324e-7,2.640356457561013e-6,1.0619148357587201e-5,2.4674129923240543e-5,-9.310470698219649e-7,2.875148157248329e-6,1.1450475748430065e-5,-1.0273953000321105e-5,-3.1009039662256966e-6,6.80687920162392e-6,1.1333141743448933e-5,9.693875891206522e-6,-2.1228479070049317e-5,5.440686824750432e-7,3.4990692737726426e-6,-3.2820315758034895e-6,-1.6023799242890599e-6,-1.551539254360262e-6,-5.343369307858086e-6,6.252775682283595e-6,1.8922093714086966e-7,1.1965342041033565e-6,3.5552909361337645e-6,-3.363439978573019e-6,-3.897957852232497e-7,3.985478481534193e-6,1.1719982539526623e-5,-3.89202450536771e-6,-8.082014889769684e-5,-1.3397199414179372e-5,-1.3745544973891053e-4,1.454307442852959e-4,2.3724608310360705e-6
1.0645649669835344e-4,2.5041054378206957e-4,3.870050150092127e-4,4.520122469547998e-4,4.6905675068736966e-4,6.590181147991023e-4,5.814724140438042e-4,5.676670229558563e-4,5.89146692566494e-4,6.05007101414422e-4,6.057727390892433e-4,5.374113041385444e-4,5.999878958661024e-4,5.308534577082668e-4,-1.0223751236766183e-5,1.8634911251070632e-7,-9.16255462487409e-9,8.521813897977948e-6,1.3261544416793087e-5,3.590946804140355e-5,2.5106513913440986e-6,7.502353984355949e-6,-1.0348195987782341e-6,-3.988843162533672e-6,4.94130685423957e-6,2.5729268917918712e-5,-5.4186242628957875e-6,-1.2402752051263696e-5,1.0043003065822148e-5,-1.816351936429466e-5,-6.122523061557141e-6,6.6306533269028535e-6,1.61525847961589e-5,3.430382690114561e-5,-2.435555656024988e-5,5.02919128464074e-7,-2.5629038352165085e-6,1.108084789578671e-6,-5.144708884219548e-7,8.05719341409382e-7,-6.2060196548088215e-6,3.3177314753516067e-6,2.6272272744765404e-6,-3.1916704261711235e-6,6.000548734702333e-7,-3.6641204179454146e-6,7.263003204671752e-7,9.699293993974955e-6,1.15927376577569e-5,-8.745407056976308e-6,-1.2227406935138454e-4,7.981093309203844e-6,-5.838494108406438e-5,9.005541654127646e-5,4.882655314791235e-6
8.075860467293104e-5,2.370120708172765e-4,4.189960901837222e-4,4.0933555889693186e-4,4.239654214779672e-4,5.814724140438048e-4,7.626340713447344e-4,6.705881828113696e-4,6.555046048705116e-4,6.59398382144082e-4,6.707269627665994e-4,5.775611559975861e-4,6.506842067991874e-4,5.329097211878457e-4,-1.1247884457362335e-5,-8.661503541981831e-7,-4.471396120755598e-9,1.0041141890347808e-5,1.6145100231686356e-5,4.211388286246389e-5,-4.182048378682251e-6,6.616970762668737e-6,-4.8799757068180225e-6,-9.014865934449087e-6,-1.2740063254815577e-5,1.6766187992309638e-5,-9.024567324588471e-6,-1.9086248115150483e-6,1.978440737243457e-5,-2.5091168912741183e-5,-1.1177488774635505e-5,7.754516063552476e-6,1.2865409628848087e-5,3.0670848308179374e-5,-2.17258314272469e-5,2.295028676150424e-7,-1.2009148378847703e-6,-2.423194879772853e-7,-4.0073224446472656e-6,1.693055504782307e-6,-5.021636949263129e-6,2.8119904246545446e-6,2.8829456687867263e-6,1.0938126410948815e-6,4.51697719839194e-6,-1.649200283890916e-6,-4.558679347154077e-6,7.253480065268484e-6,1.6885554773342867e-5,-1.1283442416752774e-5,-1.675306168778924e-4,4.021193805019254e-6,-3.3586132440196216e-6,8.175096523355124e-5,2.978997930119517e-6
6.14394692159513e-4,2.5055934960581774e-4,4.2432503401084327e-4,0.00042487885661374603,3.9940554009883076e-4,5.67667022955857e-4,6.705881828113694e-4,7.366242213939219e-4,7.157801115165983e-4,7.210528409650681e-4,7.296918589437306e-4,6.386403210515331e-4,7.184504517344957e-4,6.273675843483099e-4,-6.513360168790541e-6,-5.308019296790307e-7,-7.119781345062934e-9,3.077453274895909e-6,8.70681905073784e-6,3.261388542361255e-5,-1.0368214519138885e-5,1.149438906284749e-6,-3.966956297535935e-6,-8.552221010708455e-6,-7.1373131543339795e-6,1.8551774313295664e-5,-7.021447275780306e-6,7.452454032239136e-7,2.326638671953424e-5,-2.521546509997809e-5,-1.3406693819318796e-5,1.613015435862954e-6,6.801746712047887e-6,2.7846518061748012e-5,-1.939552057252699e-5,2.6078387648455347e-7,-7.678399536983844e-8,1.8429849886377994e-6,1.9805452101170588e-7,5.357527141370847e-7,-5.175118563747922e-6,3.1459541418754463e-6,-5.005104191281981e-8,-3.98877558662236e-6,3.0014326215514005e-6,-2.3864594974086492e-6,-1.8634431448720103e-6,5.689051000651566e-6,1.5746303693655437e-5,-9.531628745226455e-6,-2.1184582904099818e-4,1.5086317051434959e-5,6.59929553097625e-5,6.013775981472665e-5,3.5024694413865167e-6
4.805048675713147e-4,2.4916188342973304e-4,4.230289370051548e-4,4.3746458017337325e-4,4.056617670883613e-4,5.891466925664952e-4,6.555046048705118e-4,7.157801115165977e-4,8.748894993091024e-4,8.73465829668955e-4,8.535738944073985e-4,7.190636512647968e-4,8.401518293621965e-4,7.214552083985086e-4,2.4086665409427986e-6,-2.997309285665561e-6,1.0309382486745398e-8,3.047455359264624e-6,1.8067301809429023e-5,3.949724042024775e-5,-3.419640646309078e-6,-3.4875477443617348e-6,-9.464523153488672e-6,-8.215069469607089e-7,-7.880014824787637e-6,2.9345466306015486e-5,-1.2097978694095157e-5,-1.0410507094644183e-7,2.9662245603497428e-5,-2.2138111553531295e-5,-1.4789112404285194e-5,-7.541934922685392e-7,2.4236470638452353e-5,2.7738206657110205e-5,-2.0956051613526113e-5,1.0360493910958015e-7,-1.438004994776505e-6,5.150552797354041e-6,2.355665808133361e-6,3.2131827732916687e-6,-4.9885859999908326e-6,2.139837394769524e-6,-4.9917389869388335e-8,-4.814453740035494e-6,2.7187774537061974e-7,-2.1991204051858704e-6,-7.801363722432688e-7,6.402052924470635e-6,1.7104158102598644e-5,-1.1834147384142126e-5,-2.2662925557751879e-4,2.5779702892997717e-5,5.095460695586711e-5,5.416995095002294e-5,4.031079604577073e-6
5.50836295111418e-4,3.035454144388899e-4,4.4883518972619945e-4,4.462316524057224e-4,4.1672930079621347e-4,6.050071014144219e-4,6.593983821440813e-4,7.210528409650664e-4,8.734658296689549e-4,0.0010354660309696622,9.718917597207359e-4,7.846293270785773e-4,9.166496778275748e-4,8.191794267370197e-4,9.09313541478006e-6,-3.673076490186665e-6,1.2631013880652853e-8,4.757871584311917e-6,2.2055980203784572e-5,4.32503468546907e-5,-3.125221790207157e-6,7.492660101911079e-7,-9.256245414501859e-6,-1.371663749586785e-5,3.823388393814129e-6,2.54522309579367e-5,-1.913540927915944e-5,5.225445473714863e-6,2.9433676605180294e-5,-2.105598554626904e-5,-1.9450535106777822e-5,-3.952346270897189e-7,2.2278318330174465e-5,2.7444324695945776e-5,-2.5589664887503075e-5,1.8434126865877258e-7,-1.4839213879454163e-6,8.3274680488387e-6,6.118642298307626e-6,2.051910507716036e-6,-3.1994612731302525e-6,1.2534786464208356e-6,-1.724029239798019e-6,-5.87906380969861e-6,1.1243348420760773e-6,-3.0258755089016604e-6,-7.794328629306294e-7,3.924273080621339e-6,1.645932214761783e-5,-1.1456741946758057e-5,-2.564390873802184e-4,3.054264293699709e-5,7.749141652691801e-5,5.574040591785085e-6,4.928478391124598e-6
1.6625092040988205e-4,2.705828193875828e-4,4.4619474109788577e-4,4.534034541054606e-4,4.0837761634861225e-4,6.057727390892419e-4,6.707269627665982e-4,7.296918589437283e-4,8.535738944073973e-4,9.718917597207345e-4,0.0010947030752928649,8.461420955308717e-4,9.435227612484663e-4,8.43596561203889e-4,1.3436020127674243e-5,-1.5353350610345396e-6,-6.126458408949089e-9,2.7810919880210624e-6,1.4040936009095358e-5,4.171451786179879e-5,-9.560031196943522e-6,-7.476776400944192e-6,-6.500117752217167e-6,-1.8816398918895893e-5,-8.70317211685408e-6,2.6564949338609187e-5,-1.4437455052727198e-5,-2.7350368558759863e-6,2.3018160783429785e-5,-1.769252345906174e-5,-2.0486843899905323e-5,1.1396265933088725e-6,1.3854925319709059e-5,1.7782416609985093e-5,-2.0384405806535283e-5,1.9026861779805293e-7,-1.2566201740508746e-7,7.817891881282949e-6,2.8015578777975073e-6,-6.550755846055751e-8,-4.659007966130919e-6,2.2874394169207622e-6,5.432543022211605e-7,-5.403157392934844e-6,-1.6726584610889172e-6,-4.38561364775351e-6,1.7164047059466262e-6,3.2199223632699034e-6,2.4019281623009104e-5,-1.3241985068094991e-5,-2.3084301441657484e-4,1.0028383726466952e-5,7.698108241548425e-5,-2.1202754321942502e-5,5.016735398394238e-6
-3.136696040105326e-4,2.8665983130586484e-4,4.1934818057108125e-4,4.0298631474134847e-4,4.0151326196051794e-4,5.374113041385452e-4,5.775611559975856e-4,6.386403210515325e-4,7.190636512647944e-4,7.846293270785765e-4,8.46142095530873e-4,0.001257955884258325,9.29039762769142e-4,7.946383089958947e-4,9.188440470356682e-6,6.811302059721867e-7,-1.2388496928008088e-8,-1.0782349536644842e-6,5.375777316663602e-6,2.4000355397938594e-5,1.0746569480502453e-5,-1.4422513321781085e-5,1.9705145608320468e-7,-7.017594686997372e-6,1.6886610222942178e-7,2.3330281903455747e-5,8.96333538957938e-6,1.3006379232224342e-5,1.4237788926032536e-5,3.163398083273633e-6,-2.381343079763882e-7,3.731352322312718e-6,3.3263881447256964e-5,-2.676968481508512e-6,-1.6809575408777346e-5,5.726350388871936e-7,2.2639090589480663e-6,4.827800261282512e-6,-4.2799533771904504e-7,-1.526764474801984e-6,-8.901870228686447e-7,9.512484518957248e-7,-6.344983749191506e-6,-5.455296607415174e-6,-5.058631486187976e-7,-8.931754133434044e-6,-2.8727624298729312e-6,7.688687918309517e-6,1.5419867373950532e-5,-1.3805628124934099e-5,-2.4014481489544274e-5,4.3207966327393614e-5,1.357212841229098e-4,-5.730861915027815e-5,3.4634137259279435e-6
4.2853894762492055e-4,3.0914312039585675e-4,4.539379220276348e-4,4.590411390003605e-4,4.1798473933386213e-4,5.999878958661023e-4,6.506842067991862e-4,7.184504517344937e-4,8.401518293621945e-4,9.16649677827573e-4,9.435227612484665e-4,9.290397627691418e-4,0.0011189904271082503,8.71498784071348e-4,1.1022486519292686e-5,-1.7120611058350243e-6,-3.1520432483290964e-9,5.921365145004792e-6,2.228847294122703e-5,5.014576326891437e-5,-2.2504070975806873e-5,-3.970573504533276e-6,-6.8529313192837025e-6,-1.4007235612854625e-5,-8.412587817887656e-6,2.186677063480067e-5,-7.3327695829454915e-6,-6.619457464500308e-6,2.8451094834451797e-5,-2.5477734815476377e-5,-2.545360917227191e-5,-2.357057823029549e-6,1.81642895579124e-5,1.1138044168930006e-5,-2.1270528734892672e-5,3.48835045240919e-7,9.86786818267815e-7,6.955398814843267e-6,8.27544650608381e-6,1.8361417390293596e-6,-6.871243107951886e-6,-2.3422624595323677e-8,-4.102448995736421e-6,-3.1477545257162107e-6,2.528456132645489e-6,-6.289898502900569e-6,-3.260537844292564e-6,5.471343614247262e-6,1.7300029032536565e-5,-1.1270081033153072e-5,-2.351048181497217e-4,3.33628705256755e-5,1.5243121735193795e-4,-4.759432455932885e-6,3.808052127003092e-6
0.001432128654846975,3.1892127648486176e-4,4.1216557026010236e-4,5.019769436154151e-4,4.616840122840089e-4,5.308534577082688e-4,5.329097211878466e-4,6.273675843483083e-4,7.214552083985101e-4,8.191794267370217e-4,8.435965612038898e-4,7.946383089958986e-4,8.714987840713513e-4,0.0010059985403648268,4.962944820290816e-6,4.231067861378661e-7,-1.352824919299282e-8,-2.9561702519633753e-7,2.4311978652568764e-7,2.6119471570421447e-5,-1.8242773595787397e-5,-7.401340356599107e-6,-4.5483124950220875e-6,-1.236363406216522e-5,1.74485824073529e-5,2.969410001510529e-5,-1.2814901815805947e-5,1.3784857201687294e-5,2.6389279883232422e-5,-9.71707441331736e-6,-1.7879267851240915e-5,1.062670453502162e-6,5.2928648022773836e-6,5.175854147080286e-6,-1.5608961161976883e-5,3.1507917714205957e-7,2.008133842057527e-6,7.511418315066794e-6,6.46880235812975e-6,-1.7132644116522238e-6,-7.426913655928429e-6,4.458487185685433e-6,-1.2859950314627874e-6,-6.083551038942117e-7,-1.1838701697860477e-6,-4.790623941262526e-6,-2.6299349659266258e-6,2.160417924735547e-6,9.97449287674736e-6,-6.965344524286303e-6,-2.9150466825324375e-4,8.306254837894195e-6,4.783058039120211e-5,5.914687497357233e-5,2.9775910273389015e-6
6.802538292173961e-6,-1.0291916830219746e-5,-1.2453437805268309e-5,-2.089103486351283e-5,-1.3909219659416263e-5,-1.0223751236766229e-5,-1.124788445736239e-5,-6.513360168790612e-6,2.4086665409427736e-6,9.09313541478002e-6,1.3436020127674185e-5,9.188440470356628e-6,1.1022486519292659e-5,4.96294482029074e-6,1.9044812224316422e-5,-6.389069383569161e-7,2.988238681290929e-9,1.319817862011884e-6,3.7714876008725347e-6,5.203636008869187e-6,5.532869900636451e-6,-2.3038721882957403e-6,1.3959371493374656e-6,-1.5890045337098314e-6,4.323994126153052e-6,-2.496853200430767e-6,8.59984823404009e-7,5.252700105375447e-6,3.4903685880204175e-8,2.2596076322028713e-6,1.3286101874381425e-6,-1.1855352038860069e-6,7.363297737494563e-6,-3.988916762691901e-6,3.290354988546083e-6,-2.1260698406700903e-7,-2.0642806411181626e-7,1.1248021649092943e-7,-3.6231955582962727e-7,2.0904082423517642e-7,4.495660133505721e-7,-5.005664004147498e-7,8.798908314607525e-7,9.911434015141982e-8,-3.2855423504530543e-7,4.486583068226885e-7,3.029118573191229e-7,-1.0283676664230248e-7,3.226833223855637e-7,-6.88937023729178e-7,-4.982868331220388e-6,1.8405882243344248e-6,4.444398367606535e-6,1.4717031486205346e-5,-5.169490616496351e-7
4.8474481225466135e-6,1.9340193305117767e-8,-1.1856684368257413e-7,2.892065219042014e-6,1.7083445660664524e-6,1.863491125107218e-7,-8.661503541981575e-7,-5.308019296790526e-7,-2.9973092856655424e-6,-3.6730764901866586e-6,-1.5353350610345418e-6,6.811302059721836e-7,-1.7120611058349794e-6,4.2310678613794643e-7,-6.389069383569197e-7,5.229632287406829e-7,-4.337317422777939e-9,-9.438807179473627e-7,-1.9400937237983303e-6,-1.0190081198310086e-6,-6.553963003185242e-7,-1.3472777188401462e-6,5.939752083925791e-7,1.2581538916433783e-6,-4.6271094961699457e-7,3.3473005010579474e-7,7.117014275385855e-7,1.4168255257193274e-6,3.549754915911252e-7,1.3146982307912067e-6,4.141466435506774e-8,6.825967159894826e-7,-6.457163790476546e-7,-1.0654607053906186e-6,-9.30081099031135e-8,3.765948348066591e-8,-1.4615160377307936e-8,-2.1303962271542502e-8,8.10143574503938e-8,3.1921055314371824e-8,-1.795036284491266e-7,3.567734233820407e-10,6.191865255518209e-8,2.433734674264204e-8,7.647002669830441e-9,-1.0747393426132748e-7,1.718656815020901e-8,7.536816854928703e-9,3.017608560555302e-8,6.240068338117406e-8,-1.4731628103616203e-6,-6.432316520022775e-7,2.9801255204735925e-6,7.966614626146879e-7,-5.084339517255428e-8
3.1794022217787266e-9,-2.3876574198478402e-9,-5.641053355711863e-9,-2.8845839164691002e-8,-1.5954737705631383e-8,-9.162554624874202e-9,-4.471396120755841e-9,-7.119781345062691e-9,1.0309382486745153e-8,1.2631013880652734e-8,-6.126458408949011e-9,-1.2388496928008055e-8,-3.1520432483295964e-9,-1.3528249192993643e-8,2.9882386812909766e-9,-4.337317422777969e-9,3.9617011487444314e-11,7.526930805637937e-9,1.3682071374483104e-8,3.825226554212843e-9,6.121913664773415e-9,1.0654101108887771e-8,-4.223909794362957e-9,-9.260360241262139e-9,4.466640602996695e-9,-4.022278382078239e-9,-6.246214995311475e-9,-9.335999430284607e-9,-3.0977104136800393e-9,-8.684361582846884e-9,3.386329976333449e-10,-4.995757371302983e-9,3.362276969616501e-9,7.71605767545718e-9,9.212319060483608e-10,-2.917976884435474e-10,4.1577211887386927e-10,-1.0298071094506544e-10,-5.680448310703995e-10,-4.5303285135872063e-10,1.6171483281056798e-9,3.6269194404022554e-10,-5.594876291377919e-10,-2.906758120115812e-11,-4.668660245110256e-10,7.254678192467301e-10,-8.710900407952022e-11,-5.6373617729356155e-11,-9.900478203720624e-10,-1.8904374933967398e-10,1.2114542690397468e-8,4.691269527096397e-9,-3.151602067275168e-8,-7.360080036755728e-9,6.753646550201914e-10
1.7210264230693405e-4,-2.5340892780293042e-6,6.623624740224773e-6,-2.69112501757709e-6,7.078385440052345e-7,8.521813897977882e-6,1.004114189034772e-5,3.077453274896018e-6,3.0474553592645826e-6,4.757871584311962e-6,2.7810919880211247e-6,-1.0782349536644698e-6,5.9213651450046695e-6,-2.956170251965238e-7,1.3198178620118998e-6,-9.438807179473696e-7,7.526930805637924e-9,1.0246141085905035e-5,1.105521145870287e-5,9.50362607474889e-6,1.037390337072409e-6,2.8623655424882887e-6,-2.0017791793536015e-6,-1.7150518026541074e-6,-3.813187174216863e-7,3.462057942429345e-6,-6.459874564502733e-7,-4.991542398667465e-6,-1.7751455172758951e-6,-4.602497072017901e-6,2.763678654972985e-7,7.473376913483756e-7,3.6859361478158766e-6,3.4570434178789347e-6,-1.7072818468925707e-6,4.632449951582593e-9,3.617295096981833e-7,-1.3290835742335285e-7,-1.3998232984319374e-7,-5.471602834763429e-7,1.3529950501341108e-7,6.142405532914348e-7,-1.9785862609070907e-7,-7.653458124095192e-8,3.0700853395111373e-7,3.691276909896096e-7,-2.5527819541214126e-7,1.5631300378662935e-7,-1.1678452671677672e-6,-4.700905329740498e-8,-1.005947525787983e-5,-8.742799608625598e-7,-2.867960716078714e-6,-7.688524377676762e-7,3.95859781956821e-7
1.8365086202286698e-4,-2.6152307040402234e-6,1.7303193510217944e-5,-2.628326399957266e-6,1.617027593987606e-6,1.3261544416793075e-5,1.6145100231686316e-5,8.706819050737985e-6,1.8067301809429003e-5,2.205598020378462e-5,1.4040936009095472e-5,5.3757773166636754e-6,2.2288472941226974e-5,2.43119786525478e-7,3.7714876008725466e-6,-1.9400937237983303e-6,1.3682071374482993e-8,1.1055211458702831e-5,2.7729682406354096e-5,1.5984133963625557e-5,4.01575066691407e-6,6.363620750680417e-6,-3.965838364023303e-6,-2.1673475509478746e-06,-3.3240005293840646e-6,6.325945916361205e-6,9.618951043633264e-7,-9.60032547484307e-6,-4.9849823051792265e-6,-8.85678414767927e-6,1.245055467012409e-6,-1.740613942770663e-6,6.576297925663312e-6,7.045943608162733e-6,-4.858661139819966e-6,2.543781103583453e-8,4.2553918530798377e-7,6.487616615331607e-7,-9.058698807612006e-7,-1.939447775662206e-7,6.756100769631838e-7,-3.490167143937382e-7,-5.438510057029611e-7,-1.5563251056990272e-7,3.251308694839933e-8,7.183046852482788e-7,-2.493443417201898e-7,1.1625449719148442e-7,-1.233481132436344e-6,1.555301667585238e-7,-3.7910541489950987e-6,1.915072945150792e-6,1.9410443650518027e-7,5.768678409660222e-6,-4.8440862983204564e-8
1.5187637850241846e-4,4.219388487222251e-6,1.4133120400462585e-5,1.879176002140055e-5,1.7069966468246394e-5,3.590946804140351e-5,4.211388286246381e-5,3.261388542361255e-5,3.949724042024767e-5,4.3250346854690654e-5,4.171451786179876e-5,2.400035539793857e-5,5.0145763268914145e-5,2.6119471570421216e-5,5.20363600886919e-6,-1.0190081198309902e-6,3.825226554212672e-9,9.503626074748841e-6,1.598413396362552e-5,2.668893107895224e-5,1.0291310440279967e-6,3.450706771590452e-7,-3.65405106793583e-6,-1.3962729042164892e-6,-2.273612960032055e-6,8.42736829489902e-6,-8.352037658734197e-9,-1.0680711535069942e-6,-1.125000810556001e-6,-3.0555788920312272e-6,7.683261377635885e-7,1.5595333604134876e-6,4.947745233063609e-6,5.494961375459242e-6,-2.5722114655133135e-6,1.901382545353722e-8,4.1105218082113654e-7,-8.067603921951739e-8,-7.470862591004803e-7,-1.4327231871808e-8,-3.4340027326607947e-7,-8.109343281754461e-8,-3.654379780648579e-8,-8.56661984478792e-8,2.0909692773039117e-7,3.177612152713609e-7,-3.2621444452883833e-7,9.67877964720874e-7,-8.158107047865633e-7,-6.522454609842616e-7,-4.878359694879619e-6,9.438068711126206e-7,-4.04086814820914e-6,7.122353380417287e-6,1.377247064361879e-7
1.5035353832718707e-4,-5.4927663140485135e-6,-7.1678959669363284e-6,3.760046135584283e-7,8.891911792781075e-6,2.510651391344175e-6,-4.182048378682189e-6,-1.0368214519138813e-5,-3.419640646308989e-6,-3.1252217902070905e-6,-9.560031196943435e-6,1.074656948050259e-5,-2.250407097580677e-5,-1.8242773595787316e-5,5.532869900636447e-6,-6.553963003185248e-7,6.121913664773436e-9,1.0373903370724126e-6,4.015750666914077e-6,1.0291310440279953e-6,2.243330317685374e-5,-1.2356194095333816e-6,-1.45773068704139e-6,5.121157061859197e-8,7.534574243516725e-6,-4.497795787496198e-7,1.0519131973363658e-6,3.3847879290361818e-6,-3.5149199435217516e-6,-4.6459327409918795e-7,7.12377588160257e-6,1.400689378270957e-6,1.0397686621416471e-5,-1.198281585031783e-6,7.753389225210552e-8,-1.4063370276762138e-7,2.7345721765827693e-7,-3.486092152405207e-7,-1.7932692116921617e-6,5.064529263509269e-7,6.789209787668258e-7,-8.601875492129618e-8,1.6562151079006e-7,-2.1898852874676077e-7,-7.997515364584741e-7,5.900666324242089e-7,1.0020432855632143e-6,1.0477101904229831e-6,-1.9652293207326842e-6,-7.618930348760539e-7,8.279522025844088e-6,1.861736444812576e-7,-9.148082936945702e-6,1.7871874115785663e-5,-3.304607058400411e-7
-1.3056000754913717e-4,-9.771788901891097e-7,3.250443181371314e-6,-6.303881330634069e-6,1.00153752565391e-5,7.502353984355933e-6,6.616970762668742e-6,1.149438906284746e-6,-3.4875477443617526e-6,7.492660101911223e-7,-7.476776400944205e-6,-1.4422513321781103e-5,-3.970573504533267e-6,-7.401340356599101e-6,-2.303872188295741e-6,-1.3472777188401466e-6,1.0654101108887763e-8,2.862365542488291e-6,6.363620750680415e-6,3.4507067715904364e-7,-1.2356194095333854e-6,2.2304195212089937e-5,-1.1095259737309554e-6,-8.60765847570408e-6,4.203067260168499e-7,-3.049786045715165e-6,-7.456474456599718e-6,-1.4084908411960073e-5,-2.8075697256500645e-6,-7.0430604867176304e-6,-8.796882701105968e-7,-4.646217088356674e-6,1.1944020509965167e-6,3.3744283670715852e-6,1.7301381197486228e-6,-2.4568023597640804e-7,7.427284748166075e-8,-3.3296288203359397e-7,1.993401543659606e-7,-4.5968808431074674e-7,8.669604081875598e-8,-1.2438077506115582e-7,-2.8632559185878176e-7,-5.985148675829887e-9,1.466709904821653e-6,3.7311840239586574e-7,-7.624841317492687e-7,5.5554542316650724e-8,2.3498477896388342e-7,4.951870188493203e-7,7.3627439041270785e-6,4.0810963241739773e-7,-5.8908446326190546e-6,-3.428235240123186e-6,-2.0160899346307714e-7
-5.762741308961285e-5,9.931885704200639e-7,-9.677517790155725e-6,-1.1101518544326372e-5,-8.491760295983331e-7,-1.0348195987782303e-6,-4.879975706818019e-6,-3.966956297535933e-6,-9.464523153488686e-6,-9.25624541450186e-6,-6.500117752217179e-6,1.970514560832051e-7,-6.852931319283684e-6,-4.548312495022083e-6,1.3959371493374666e-6,5.939752083925809e-7,-4.223909794362975e-9,-2.0017791793536147e-6,-3.965838364023314e-6,-3.6540510679358307e-6,-1.4577306870413906e-6,-1.1095259737309551e-6,7.943023702478894e-6,4.5739835937172606e-7,7.076750682459395e-7,-3.1461835620335886e-6,1.3044814268742512e-6,3.3760319253657124e-6,1.4055417853710923e-6,4.1356929661639485e-6,8.121714673405357e-7,-8.751656300867799e-8,4.4198498239675257e-7,-2.5651198285578213e-6,7.216376682469285e-7,4.809759473949629e-8,-2.90857305518935e-7,-4.4123939108982934e-8,8.860898626295583e-7,6.244211872717428e-8,-3.3721721359976444e-7,-5.934090493128317e-7,7.226960163684665e-7,2.4038114627356008e-8,-9.697637200223706e-8,-3.2826024257286324e-7,1.380670955915233e-7,1.5886799375883917e-8,1.1097134281189244e-6,2.5258561273515793e-8,-9.209617843074992e-6,1.263785342893453e-6,1.784546610227099e-5,2.4328656008160995e-6,4.160245267891679e-8
9.42495079776276e-5,-5.970871421330677e-6,-1.0573538607979586e-6,1.4141738999633123e-5,2.640356457561017e-6,-3.988843162533649e-6,-9.014865934449075e-6,-8.552221010708462e-6,-8.21506946960721e-7,-1.3716637495867824e-5,-1.8816398918895883e-5,-7.0175946869974016e-6,-1.4007235612854596e-5,-1.2363634062165242e-5,-1.589004533709832e-6,1.258153891643378e-6,-9.260360241262104e-9,-1.7150518026541046e-6,-2.1673475509478683e-6,-1.396272904216493e-6,5.1211570618592215e-8,-8.607658475704075e-6,4.5739835937172627e-7,2.3739531429211622e-5,1.204730547774728e-7,7.887342190447389e-6,9.644486939775283e-6,7.787007852527746e-6,5.649146472849863e-6,3.6667375745129662e-6,2.1956691876736916e-6,3.4895251014291887e-6,-2.3106198192023294e-6,-3.563592364938217e-6,-7.497368376901357e-7,1.772765165628522e-7,1.9115166415577252e-7,1.5912350955301858e-7,-8.016668624067378e-7,4.5045084031179377e-7,3.3823500068885644e-7,-5.071328042196788e-7,-5.12078758950391e-8,-1.1254956080539759e-7,-7.612240595546767e-7,-2.46066909810601e-9,3.887712336337919e-7,9.259590902992921e-8,-8.257779910654342e-7,3.034500212963815e-7,-1.8508391861059287e-6,-1.994895887881134e-6,2.874370947016935e-6,1.2462818736074506e-5,-2.435255347574153e-7
2.093562987381462e-4,1.133546131755007e-5,-6.814157901040345e-6,5.079800554757189e-6,1.0619148357587247e-5,4.941306854239602e-6,-1.2740063254815567e-5,-7.13731315433397e-6,-7.880014824787581e-6,3.823388393814182e-6,-8.703172116854051e-6,1.6886610222947305e-07,-8.412587817887629e-6,1.7448582407352973e-5,4.3239941261530475e-6,-4.6271094961699457e-7,4.466640602996701e-9,-3.8131871742168623e-7,-3.3240005293840684e-6,-2.2736129600320553e-6,7.534574243516737e-6,4.203067260168486e-7,7.076750682459386e-7,1.2047305477746296e-7,2.9821891858908114e-5,-3.696708531421776e-6,1.6536550117219066e-6,6.873628690658116e-7,1.3975605926713485e-6,-3.784676444244528e-6,2.6732564267776984e-7,2.386538086630593e-7,2.4643865597655083e-6,2.3084170899429847e-6,2.887337956017492e-6,-2.7473242004005017e-7,-4.784979237031266e-7,7.752578528529481e-7,-6.459684768274334e-8,2.9876274823760494e-7,-4.5254039786759103e-7,5.928667592833359e-7,2.8124863837315596e-7,-3.490248840390183e-7,-1.5249650004592148e-6,2.00816603525146e-7,8.589891190943098e-7,8.022127537708161e-7,-2.3489682676557234e-6,3.513885563895528e-7,-3.439026571189989e-6,-4.933718542298623e-7,-3.000072402338323e-5,3.416578142712718e-5,-3.502751014098407e-7
2.1837074521412116e-4,1.859699729055041e-5,2.9496176661154577e-5,4.59989071533308e-5,2.4674129923240543e-5,2.5729268917918706e-5,1.676618799230966e-5,1.8551774313295647e-5,2.9345466306015446e-5,2.545223095793669e-5,2.6564949338609174e-5,2.3330281903455734e-5,2.1866770634800718e-5,2.9694100015105275e-5,-2.4968532004307694e-6,3.3473005010579516e-7,-4.022278382078239e-9,3.4620579424293504e-6,6.325945916361204e-6,8.427368294899012e-6,-4.49779578749621e-7,-3.049786045715163e-6,-3.14618356203359e-6,7.88734219044739e-6,-3.6967085314217778e-6,2.806317770328278e-5,1.0248181688981776e-5,-1.7911750144637909e-6,2.794381870639994e-6,1.1896002805240762e-6,8.458377478974853e-7,3.882038016286014e-6,-7.149355373087857e-7,7.987725677927163e-6,-3.2293327713041286e-6,2.0356048413824648e-7,4.552627943746746e-7,5.5679012508456033e-08,-4.988231375405101e-7,-6.158727927653311e-7,-4.225191373241772e-7,3.447058045427435e-7,1.9313485506199672e-7,-5.908197964719129e-7,-8.754290318928962e-7,-3.492215912029899e-7,9.530754311908584e-8,2.0410094880687642e-7,-1.1984775745431669e-6,7.208211218052883e-7,-6.4872427163405825e-6,-5.133104090821099e-6,-2.400712140177632e-5,7.481478823910677e-6,9.66862470334383e-7
1.0667124039122457e-4,4.226404028096291e-6,1.60922870963991e-5,1.097107356507377e-5,-9.31047069821918e-7,-5.418624262895757e-6,-9.024567324588453e-6,-7.0214472757802705e-6,-1.2097978694095138e-5,-1.913540927915943e-5,-1.4437455052727173e-5,8.963335389579418e-6,-7.332769582945541e-6,-1.281490181580594e-5,8.599848234040093e-7,7.117014275385856e-7,-6.246214995311502e-9,-6.459874564502831e-7,9.61895104363321e-7,-8.352037658732995e-9,1.0519131973363584e-6,-7.45647445659972e-6,1.3044814268742512e-6,9.644486939775292e-6,1.6536550117219104e-6,1.0248181688981776e-5,2.7671107761819575e-5,5.529817607911172e-6,4.224955113184042e-6,3.5956205800301587e-6,2.214685332981776e-6,2.7393222322241625e-6,1.429889724535783e-6,7.239439634711971e-7,-8.074361367682244e-7,1.9253923517188538e-7,5.381902428088461e-7,-1.0759308603917558e-7,-6.256872397595542e-7,6.008438462563875e-7,-1.1690079661305482e-7,-1.773963280330069e-7,-4.369811541054551e-7,-1.0553953644929817e-6,-5.114705078989451e-7,-8.15121494076683e-7,-2.784769474762128e-7,-2.9038090624138315e-7,-1.4726029906372834e-6,4.7285151678256336e-7,1.820346911181319e-5,-1.7292005285805681e-6,-7.840852461361802e-6,4.415046690539977e-6,3.4205541353469253e-7
2.392812472691999e-4,6.286181788634956e-6,-2.6137747336956907e-7,-7.086071840393164e-6,2.87514815724831e-6,-1.2402752051263713e-5,-1.908624811515063e-6,7.452454032238874e-7,-1.0410507094644564e-7,5.225445473714846e-6,-2.735036855876e-6,1.3006379232224317e-5,-6.6194574645002955e-6,1.3784857201687344e-5,5.252700105375436e-6,1.4168255257193288e-6,-9.335999430284612e-9,-4.9915423986674715e-6,-9.600325474843074e-6,-1.0680711535070056e-6,3.3847879290361847e-6,-1.4084908411960068e-5,3.376031925365702e-6,7.78700785252775e-6,6.873628690658107e-7,-1.79117501446379e-6,5.529817607911171e-6,4.082062009405017e-5,6.6303013359777184e-06,1.781358332793822e-5,6.07305854183437e-6,5.518673559063335e-6,2.2965884020539884e-6,-1.1696469117388283e-5,3.540568165030047e-6,9.518037206165662e-8,-2.072731478900322e-7,-1.8533599324768878e-7,4.1046575264145915e-7,1.1824750700806489e-6,-1.6533806500834965e-7,2.2635115984585947e-7,-7.29419586963297e-8,8.001183159297935e-7,-1.291527989797454e-6,-1.4113870790889282e-7,-4.301794818552121e-7,-9.998371289514663e-7,-9.08976483836227e-7,-2.998941621157744e-8,-2.025898148041053e-5,1.061228784357113e-6,3.645917735870504e-5,-5.2996857410447065e-6,-5.542002590781169e-7
2.2825689463160056e-5,1.3646415416467917e-5,1.770510750161951e-5,1.3199356080870382e-5,1.1450475748430082e-5,1.0043003065822155e-5,1.9784407372434545e-5,2.3266386719534292e-5,2.9662245603497428e-5,2.943367660518027e-5,2.301816078342982e-5,1.4237788926032561e-5,2.845109483445179e-5,2.6389279883232443e-5,3.490368588020473e-8,3.5497549159112536e-7,-3.0977104136800604e-9,-1.7751455172758962e-6,-4.984982305179231e-6,-1.1250008105559998e-6,-3.5149199435217516e-6,-2.8075697256500637e-6,1.4055417853710934e-6,5.649146472849855e-6,1.3975605926713479e-6,2.7943818706399986e-6,4.224955113184036e-6,6.630301335977717e-6,2.080935564504671e-5,-3.8639582194232474e-7,-1.513647039926678e-6,-1.7515912336475437e-6,-6.679553267523229e-7,-2.1377707804541482e-7,-1.095426270665166e-6,8.380721686132503e-8,2.479319961605329e-7,3.5726507161341754e-7,7.547098233777057e-7,2.2703850199561482e-7,-1.0913472325114923e-7,-5.858916116495168e-7,1.3304849567971025e-7,-7.584788974887948e-7,2.716998630691083e-7,-2.576326636841903e-7,-3.882320262739627e-7,-1.9817001364614503e-7,6.044132040377561e-7,-4.718387599290537e-8,-1.4060282872779919e-5,1.3851524617875311e-6,1.6428299999360903e-5,-1.1771593507617606e-5,4.4676060886372203e-7
3.7970938612396813e-4,-2.142979509684412e-5,-3.0466037898283035e-5,-7.82085198740821e-6,-1.0273953000321107e-5,-1.816351936429468e-5,-2.50911689127412e-5,-2.5215465099978142e-5,-2.2138111553531332e-5,-2.1055985546269083e-5,-1.7692523459061788e-5,3.1633980832736e-6,-2.5477734815476414e-5,-9.71707441331742e-6,2.259607632202864e-6,1.3146982307912031e-6,-8.684361582846851e-9,-4.6024970720178884e-6,-8.856784147679257e-6,-3.055578892031224e-6,-4.645932740991917e-7,-7.0430604867176304e-6,4.135692966163948e-6,3.666737574512968e-6,-3.7846764442445186e-6,1.1896002805240743e-6,3.5956205800301587e-6,1.7813583327938226e-5,-3.863958219423274e-7,3.302198587089947e-5,6.029172937202702e-6,4.864252661879913e-6,1.1611031289598962e-6,-1.1668499459197824e-5,7.63459685919061e-6,3.005284520171207e-8,1.168993187870991e-7,-2.829743420439293e-7,5.5130788155140256e-8,-3.1368288737294117e-7,2.6472071126177287e-8,8.591574842606292e-8,1.5895301757143417e-7,9.103369325413582e-7,-5.62452553880791e-7,-4.192614489739725e-7,3.9379631526533886e-7,-1.3656735530948945e-7,-4.116116538401766e-6,-2.4395360213703024e-7,-7.940714866331715e-6,-1.107806026313936e-6,1.6946715826496792e-5,-1.0236427091154865e-5,-5.744852312802409e-8
1.3020239335544861e-5,-3.4587972565472913e-6,-7.922431904195225e-6,-6.708855466620177e-6,-3.1009039662256975e-6,-6.122523061557157e-6,-1.1177488774635528e-5,-1.3406693819318808e-5,-1.478911240428521e-5,-1.9450535106777833e-5,-2.0486843899905346e-5,-2.381343079764095e-7,-2.5453609172271934e-5,-1.7879267851240932e-5,1.32861018743814e-6,4.141466435506842e-8,3.386329976333414e-10,2.7636786549729587e-7,1.2450554670124074e-6,7.683261377635893e-7,7.123775881602569e-6,-8.796882701105958e-7,8.121714673405382e-7,2.1956691876736954e-6,2.673256426777689e-7,8.458377478974858e-7,2.2146853329817767e-6,6.073058541834372e-6,-1.5136470399266734e-6,6.02917293720271e-6,1.359863874465357e-5,2.5554469018301375e-6,5.054150676555931e-6,-1.4539148311191202e-6,-6.751840419039729e-7,6.337638360746073e-8,2.1721680248923424e-7,-4.308722191823807e-7,-3.478856315444717e-7,-3.3780469375658004e-7,6.386819679364414e-7,-1.212137270133996e-7,-2.655835293639812e-7,1.5459698277683203e-7,-2.814178060402422e-7,2.1649555314955082e-7,8.952830370449264e-7,-2.0912991533120794e-7,-8.209959809838745e-7,-1.944469705037142e-7,7.259938939433362e-6,-3.954266864492324e-8,2.7668179928266165e-6,1.734520648126091e-6,3.8499079128565045e-8
-3.077888064718572e-5,5.333866053746227e-7,1.568793229089069e-6,1.815757751119202e-5,6.806879201623897e-6,6.630653326902846e-6,7.754516063552464e-6,1.6130154358629068e-6,-7.541934922685393e-7,-3.9523462708973475e-7,1.139626593308861e-6,3.7313523223126916e-6,-2.3570578230295363e-6,1.062670453502178e-6,-1.1855352038860103e-6,6.82596715989485e-7,-4.995757371302983e-9,7.473376913483733e-7,-1.7406139427706707e-6,1.559533360413479e-6,1.4006893782709597e-6,-4.646217088356676e-6,-8.7516563008681e-8,3.4895251014291875e-6,2.3865380866306007e-7,3.882038016286014e-6,2.7393222322241655e-6,5.518673559063335e-6,-1.7515912336475454e-6,4.864252661879914e-6,2.555446901830136e-6,1.0336797211904583e-5,8.797062593032399e-8,-1.2210656809617126e-6,-1.6175516017004516e-6,1.1453698172564598e-7,-2.0391198879767175e-8,-2.2973887762172156e-8,3.0208910056442103e-7,-1.2300814511017954e-7,-4.814267906524511e-7,4.90149443590715e-7,7.432390434414374e-8,2.2860135517740664e-7,-5.85940471435415e-7,-1.934066154288903e-7,3.5296159666761297e-7,5.502030913143309e-7,-4.1873423442466034e-7,6.611492777585881e-8,1.2088033684400064e-6,-3.6043475279233554e-6,-1.4387136257647292e-5,1.8342334796776108e-7,2.3110333285521729e-7
5.4530875974929286e-5,1.660739607912697e-6,1.0557567254407789e-5,1.7522305573785154e-6,1.1333141743448918e-5,1.6152584796158896e-5,1.286540962884807e-5,6.801746712047872e-6,2.4236470638452316e-5,2.227831833017444e-5,1.3854925319709008e-5,3.3263881447256964e-5,1.8164289557912398e-5,5.292864802277331e-6,7.36329773749456e-6,-6.457163790476596e-7,3.3622769696165464e-9,3.6859361478158923e-6,6.576297925663333e-6,4.947745233063616e-6,1.0397686621416474e-5,1.1944020509965167e-6,4.4198498239675395e-7,-2.310619819202329e-6,2.4643865597655057e-6,-7.149355373087864e-7,1.429889724535785e-6,2.2965884020539863e-6,-6.679553267523224e-7,1.1611031289598987e-6,5.05415067655593e-6,8.797062593032283e-8,2.7384130822575162e-5,1.8778589526486837e-7,-3.0074567696289353e-6,5.8025966606674784e-8,3.7368158143706594e-7,-2.795159032971036e-7,3.897504269991452e-7,1.239548835613049e-6,-1.0177702608610947e-6,-7.293157565307492e-8,-3.433337847245817e-7,-1.026315414016787e-6,-3.7580321285661693e-7,1.577356789750956e-7,-2.72572888305879e-7,6.437553229152354e-7,3.117829735279323e-7,-2.0933087784346237e-7,-3.077526044617558e-6,2.145399519111541e-6,7.587222694069894e-6,8.879686967549397e-6,-1.1497047794185021e-7
6.109440310993617e-5,2.883381504566768e-5,4.120348642371673e-5,2.415504838999563e-5,9.693875891206548e-6,3.43038269011456e-5,3.06708483081794e-5,2.7846518061748005e-5,2.7738206657110205e-5,2.7444324695945766e-5,1.7782416609985113e-05,-2.6769684815085174e-6,1.113804416893e-5,5.175854147080289e-6,-3.988916762691899e-6,-1.0654607053906197e-6,7.716057675457192e-9,3.4570434178789427e-6,7.045943608162738e-6,5.494961375459237e-6,-1.1982815850317816e-6,3.374428367071585e-6,-2.5651198285578213e-6,-3.5635923649382193e-6,2.308417089942985e-6,7.98772567792716e-6,7.239439634711945e-7,-1.1696469117388276e-5,-2.137770780454119e-7,-1.1668499459197819e-5,-1.45391483111912e-6,-1.2210656809617126e-6,1.8778589526487062e-7,3.1742215019682224e-5,-7.28707907598946e-6,1.2607950277077382e-7,-2.0611331831099718e-7,3.315922580559581e-7,-1.103425437846804e-6,3.508722076200804e-7,2.071325122825995e-7,-7.872785684447717e-7,3.764898992611745e-7,-8.381772013224076e-7,-5.314405080382467e-7,4.2918976504291274e-7,2.1021235634943073e-7,1.2637337572221655e-6,-1.823204141519423e-7,3.216873104687192e-7,-1.1975325986322015e-6,1.3329001267083044e-6,-1.0170526317630584e-5,-3.518327934015258e-6,7.779157927435447e-7
1.8423986254738147e-4,-3.350966737721985e-5,-3.586699424112058e-5,-2.862151011795454e-5,-2.1228479070049345e-5,-2.4355556560249893e-5,-2.1725831427246884e-5,-1.939552057252696e-5,-2.0956051613526123e-5,-2.558966488750296e-5,-2.038440580653532e-5,-1.6809575408777393e-5,-2.1270528734892835e-5,-1.5608961161976988e-5,3.2903549885460835e-6,-9.300810990311969e-8,9.212319060483223e-10,-1.707281846892567e-6,-4.85866113981995e-6,-2.572211465513309e-6,7.753389225212982e-8,1.7301381197486266e-6,7.216376682469443e-7,-7.497368376901346e-7,2.887337956017492e-6,-3.229332771304132e-6,-8.074361367682298e-7,3.540568165030074e-6,-1.0954262706651753e-6,7.63459685919063e-6,-6.751840419039994e-7,-1.6175516017004514e-6,-3.007456769628931e-6,-7.2870790759894705e-6,2.1153649623727433e-5,-6.074344110607011e-7,-3.8156550259194827e-7,2.6216675467550666e-7,-6.037815275973538e-8,4.976208836571202e-7,6.376789181523963e-7,-3.7630084170400914e-7,3.2718144848199553e-7,7.654045425434648e-7,3.4840258744396574e-7,-1.7430395932234954e-7,6.811959534052706e-8,1.5647344617176844e-8,-3.1696402988291372e-6,-5.354774655637051e-7,-9.828304932353353e-6,-3.681780748977716e-8,3.3638839108560292e-06,4.948048928122565e-6,-8.096908107999383e-7
-6.281528358407107e-6,1.062334274118384e-6,1.0903821321800197e-6,9.395240882451617e-7,5.440686824750444e-7,5.02919128464075e-7,2.2950286761504286e-7,2.6078387648455363e-7,1.0360493910958102e-7,1.8434126865877018e-7,1.902686177980548e-7,5.726350388871965e-7,3.488350452409242e-7,3.1507917714206253e-7,-2.1260698406700892e-7,3.7659483480666096e-8,-2.9179768844354595e-10,4.632449951582733e-9,2.5437811035834078e-8,1.9013825453537195e-8,-1.4063370276762228e-7,-2.456802359764081e-7,4.809759473949573e-8,1.7727651656285223e-7,-2.747324200400501e-7,2.0356048413824693e-7,1.925392351718858e-7,9.518037206165554e-8,8.380721686132532e-8,3.005284520171103e-8,6.337638360746177e-8,1.1453698172564587e-7,5.8025966606674546e-8,1.260795027707744e-7,-6.074344110607025e-7,2.8683147619525116e-8,2.5578054428717914e-8,-2.30757272471714e-8,2.4844818331727355e-8,-2.609018328283538e-8,-1.3706165353295077e-8,9.701227068739414e-9,-2.720309235037565e-8,-2.5272983222202314e-8,-2.0315063812667527e-8,-1.955424279505481e-8,-3.617662265079971e-9,-1.253559103200166e-8,6.199985472416167e-8,2.1831406887280154e-8,8.449090152954606e-7,-2.908409812225459e-8,2.8842736131721157e-7,-5.855677743455598e-7,2.700026661616811e-8
6.821970898444128e-5,1.9394691993327577e-6,6.997692813631148e-7,3.1391978642257405e-6,3.4990692737726905e-6,-2.5629038352164064e-6,-1.2009148378846822e-6,-7.678399536981664e-8,-1.438004994776229e-6,-1.483921387945167e-6,-1.256620174048606e-7,2.263909058948147e-6,9.86786818268331e-7,2.008133842057868e-6,-2.0642806411181515e-7,-1.4615160377307275e-8,4.1577211887385996e-10,3.617295096981771e-7,4.2553918530797567e-7,4.1105218082113633e-7,2.734572176582764e-7,7.427284748166118e-8,-2.908573055189348e-7,1.911516641557736e-7,-4.784979237031247e-7,4.5526279437467384e-7,5.381902428088447e-7,-2.072731478900317e-7,2.4793199616053155e-7,1.1689931878710004e-7,2.1721680248923623e-7,-2.039119887976908e-8,3.736815814370646e-7,-2.0611331831099726e-7,-3.815655025919534e-7,2.557805442871804e-8,1.5013246886387174e-6,-6.115332394200239e-7,-1.2629077500193267e-7,5.914215250818569e-8,-3.3794401732478746e-8,1.5327037470369435e-7,-3.653283187816681e-7,-3.1277050094129207e-7,-6.386058154139061e-9,-7.622383438622134e-8,2.5837673758966142e-8,-9.466747723570311e-8,-4.915445130337624e-7,1.952307621109572e-7,-2.9377022042602346e-6,-8.617304554160479e-7,-4.931368324258568e-6,1.218832383107619e-6,-1.2551294895356345e-7
2.9231638436364185e-5,-5.064845299968695e-7,-1.5090300090124397e-6,-1.1193056849620497e-6,-3.2820315758035005e-6,1.1080847895786533e-6,-2.4231948797728015e-7,1.8429849886378517e-6,5.150552797354053e-6,8.327468048838724e-6,7.817891881282927e-6,4.827800261282549e-6,6.955398814843255e-6,7.511418315066936e-6,1.1248021649092686e-7,-2.130396227154216e-8,-1.0298071094506759e-10,-1.3290835742335401e-7,6.487616615331636e-7,-8.067603921951653e-8,-3.4860921524052073e-7,-3.3296288203359466e-7,-4.4123939108982577e-8,1.5912350955301773e-7,7.752578528529481e-7,5.5679012508455974e-8,-1.0759308603917581e-7,-1.8533599324768926e-7,3.572650716134168e-7,-2.829743420439293e-7,-4.308722191823814e-7,-2.297388776217173e-8,-2.7951590329710365e-7,3.3159225805595744e-7,2.621667546755075e-7,-2.3075727247171404e-8,-6.115332394200176e-7,1.0552949255870809e-6,1.4689563401337496e-7,-7.0591613225433e-8,-1.7967903580676497e-8,-2.395727427760837e-7,6.67038586535126e-8,-6.737721531011059e-8,-2.310501305610852e-7,-6.076064057401231e-8,1.2360705362745793e-7,-6.603355220907804e-8,-1.316042266828963e-7,1.5357992042883547e-7,-3.845059772803648e-6,5.3595250492138535e-8,6.624198035625074e-6,-2.5606449261978667e-6,-2.2831849628800626e-8
-6.005275916932069e-5,4.9588485119140775e-6,-9.549044693099732e-7,-1.855083373949669e-7,-1.6023799242890052e-6,-5.144708884219396e-7,-4.007322444647296e-6,1.980545210116793e-7,2.355665808133489e-6,6.118642298307699e-6,2.8015578777976962e-6,-4.279953377190207e-7,8.27544650608355e-6,6.4688023581299765e-6,-3.6231955582962563e-7,8.101435745039894e-8,-5.68044831070447e-10,-1.3998232984321256e-7,-9.058698807612171e-7,-7.470862591004874e-7,-1.7932692116921621e-6,1.9934015436596105e-7,8.860898626295575e-7,-8.016668624067348e-7,-6.45968476827425e-8,-4.988231375405082e-7,-6.256872397595563e-7,4.1046575264146064e-7,7.547098233777065e-7,5.513078815513912e-8,-3.478856315444718e-7,3.020891005644233e-7,3.897504269991448e-7,-1.1034254378468027e-6,-6.037815275973443e-8,2.4844818331727176e-8,-1.2629077500193196e-7,1.4689563401338025e-7,1.942720124277049e-6,-8.633872371831352e-8,-1.8338228034356657e-7,6.219118183534983e-8,-2.8482832435934864e-7,-2.133661862745218e-7,-6.502517735366827e-8,-1.8307338963664142e-7,-5.089779725271137e-8,-2.49092112122932e-7,2.2727864022804747e-7,2.100933496152652e-7,-5.746627607425659e-6,9.59398910344482e-7,5.320222331571352e-6,-4.601802626159657e-6,2.1375245221154914e-7
3.836685538269714e-5,-2.6035125601416e-6,-1.3970955020585434e-6,-9.74815698040469e-7,-1.5515392543603365e-6,8.057193414093581e-7,1.6930555047823407e-6,5.357527141370751e-7,3.213182773291734e-6,2.051910507716018e-6,-6.550755846058653e-8,-1.5267644748019911e-6,1.8361417390293946e-6,-1.713264411652159e-6,2.0904082423517562e-7,3.192105531437307e-8,-4.5303285135873563e-10,-5.471602834763485e-7,-1.9394477756622354e-7,-1.4327231871809505e-8,5.064529263509266e-7,-4.5968808431074626e-7,6.244211872717349e-8,4.504508403117916e-7,2.9876274823760224e-7,-6.158727927653324e-7,6.008438462563903e-7,1.1824750700806493e-6,2.270385019956149e-7,-3.1368288737294345e-7,-3.3780469375657983e-7,-1.2300814511017806e-7,1.2395488356130494e-6,3.508722076200809e-7,4.976208836571213e-7,-2.6090183282835385e-8,5.914215250817696e-8,-7.059161322543225e-8,-8.633872371831708e-8,1.3580743504355192e-6,-5.568552495784802e-7,-3.4440626159250075e-7,2.822247855790642e-9,-2.279639486431142e-8,2.2478046646033064e-8,1.0337526144504215e-7,-2.529723090278335e-7,1.574177942210293e-7,1.0803094198029529e-07,-1.0223251905173394e-7,-7.153486824963603e-6,6.791383156118618e-7,2.1485907901712457e-7,2.689534971175726e-6,-1.5780920687852011e-07
-1.1319007938812256e-4,-1.0499195527254603e-6,-1.9433212805139895e-6,-6.214362679638374e-6,-5.343369307858024e-6,-6.206019654808811e-6,-5.02163694926319e-6,-5.175118563747884e-6,-4.988585999990951e-6,-3.1994612731303614e-6,-4.659007966130904e-6,-8.901870228686807e-7,-6.871243107952124e-6,-7.426913655928647e-6,4.495660133505681e-7,-1.795036284491253e-7,1.6171483281056633e-9,1.3529950501341354e-7,6.756100769631824e-7,-3.4340027326607926e-7,6.789209787668294e-7,8.669604081875605e-8,-3.372172135997638e-7,3.3823500068885707e-7,-4.525403978675869e-7,-4.225191373241758e-7,-1.1690079661305698e-7,-1.653380650083475e-7,-1.0913472325115529e-7,2.647207112617768e-8,6.3868196793644e-7,-4.814267906524495e-7,-1.0177702608610923e-6,2.0713251228260112e-7,6.376789181524057e-7,-1.3706165353295416e-8,-3.3794401732452104e-8,-1.79679035806818e-8,-1.8338228034357594e-7,-5.568552495784862e-7,1.389929701912411e-6,-1.6834865848797465e-7,-1.2949821080783494e-7,-1.0693539688176666e-7,-5.530502567123577e-8,7.520397367595206e-8,1.710928530216843e-7,-1.2973808218115332e-7,-7.02623110644518e-8,-1.8973072344252878e-7,1.1710126808185537e-5,3.0515080413517117e-7,-2.450544129273643e-6,-5.178129556560367e-6,4.1409851335888586e-8
-1.0927754418136437e-6,1.5924294525468308e-6,4.0223770349953486e-6,6.329093547620476e-6,6.252775682283615e-6,3.3177314753516156e-6,2.811990424654563e-6,3.1459541418754297e-6,2.1398373947695385e-6,1.2534786464209065e-6,2.2874394169207614e-6,9.512484518957388e-7,-2.3422624595216802e-8,4.4584871856854235e-6,-5.005664004147489e-7,3.5677342338321217e-10,3.62691944040218e-10,6.142405532914285e-7,-3.490167143937445e-7,-8.109343281754547e-8,-8.601875492129593e-8,-1.2438077506115616e-7,-5.934090493128316e-7,-5.071328042196775e-7,5.928667592833359e-7,3.4470580454274504e-7,-1.7739632803300753e-7,2.263511598458604e-7,-5.85891611649517e-7,8.591574842606367e-8,-1.2121372701339938e-7,4.90149443590716e-7,-7.293157565307537e-8,-7.872785684447714e-7,-3.76300841704009e-7,9.701227068739375e-9,1.5327037470369422e-7,-2.395727427760829e-7,6.219118183535537e-8,-3.444062615924954e-7,-1.683486584879849e-7,1.0820373984196454e-6,-1.189570024381888e-7,1.300967496156646e-7,1.0768682494766385e-7,-5.7064443303090735e-8,-1.0962420901114744e-7,-1.263066553505472e-7,7.11837957584929e-8,-8.391077742066864e-8,-2.291674504786331e-6,-1.0744526361441053e-6,-1.2357562690031634e-5,5.6023770489878815e-6,1.375519857769667e-7
2.4393702980510363e-5,-2.3535477513812484e-6,-3.72725110096455e-6,-2.663648300668029e-6,1.8922093714094883e-7,2.6272272744766217e-6,2.8829456687868195e-6,-5.0051041912782536e-8,-4.9917389869296015e-8,-1.7240292397979485e-6,5.432543022211555e-7,-6.344983749191396e-6,-4.1024489957363e-6,-1.2859950314627224e-6,8.79890831460753e-7,6.191865255518181e-8,-5.594876291377891e-10,-1.9785862609071095e-7,-5.438510057029624e-7,-3.654379780648471e-8,1.6562151079005955e-7,-2.863255918587814e-7,7.226960163684671e-7,-5.12078758950399e-8,2.8124863837315644e-7,1.931348550619966e-7,-4.369811541054563e-7,-7.294195869632968e-8,1.330484956797112e-7,1.5895301757143361e-7,-2.655835293639813e-7,7.432390434414359e-8,-3.4333378472458185e-7,3.7648989926117425e-7,3.2718144848199204e-7,-2.7203092350375534e-8,-3.6532831878167646e-7,6.67038586535089e-8,-2.8482832435934886e-7,2.8222478557916146e-9,-1.2949821080783547e-7,-1.1895700243818836e-7,1.0881896401118565e-6,2.4267242954250953e-7,-2.6705217812417663e-7,7.708656308805975e-8,1.0524260045659953e-7,1.7909662622521552e-7,2.308061834866758e-7,-2.0181219126773238e-7,-5.5998946179577205e-6,-9.256412383521872e-7,-8.02898028614162e-6,9.822154953886824e-6,-3.977619525667309e-8
-3.302814531380643e-5,-3.5693043875910395e-6,-1.31435924505631e-6,-2.0610113666987774e-6,1.196534204103404e-6,-3.1916704261711175e-6,1.0938126410950077e-6,-3.988775586622333e-6,-4.814453740035516e-6,-5.87906380969871e-6,-5.403157392934772e-6,-5.455296607415109e-6,-3.147754525716067e-6,-6.083551038940586e-7,9.91143401514201e-8,2.4337346742642207e-8,-2.9067581201152662e-11,-7.653458124095068e-8,-1.5563251056990383e-7,-8.566619844787918e-8,-2.18988528746761e-7,-5.98514867582948e-9,2.4038114627355912e-8,-1.1254956080539912e-7,-3.49024884039019e-7,-5.908197964719128e-7,-1.0553953644929819e-6,8.001183159297926e-7,-7.584788974887947e-7,9.103369325413577e-7,1.545969827768323e-7,2.2860135517740614e-7,-1.026315414016788e-6,-8.381772013224075e-7,7.654045425434674e-7,-2.5272983222202483e-8,-3.1277050094130594e-7,-6.737721531010958e-8,-2.133661862745193e-7,-2.279639486431038e-8,-1.0693539688176719e-7,1.3009674961566674e-7,2.4267242954251043e-7,1.393713050201e-6,4.580061072019199e-7,4.934017741510723e-8,-2.9771683256155663e-7,-2.228319899469808e-9,-1.1941274395362938e-7,-3.025016374160064e-7,-3.0051985914311844e-6,-4.047376039306263e-7,1.8955960518409884e-6,2.953147074406816e-6,-2.9421679113974895e-7
-8.848712628006832e-5,1.0179827198430102e-7,5.196274491555243e-6,-2.570942521155406e-6,3.555290936133749e-6,6.000548734701808e-7,4.516977198391882e-6,3.0014326215513204e-6,2.7187774537050677e-7,1.124334842076045e-6,-1.6726584610890095e-6,-5.058631486188571e-7,2.528456132645335e-6,-1.1838701697868975e-6,-3.2855423504530104e-7,7.647002669831542e-9,-4.668660245110499e-10,3.0700853395111076e-7,3.2513086948398494e-8,2.0909692773038233e-7,-7.997515364584743e-7,1.4667099048216529e-6,-9.697637200223711e-8,-7.612240595546719e-7,-1.5249650004592175e-6,-8.754290318928973e-7,-5.114705078989431e-7,-1.291527989797452e-6,2.71699863069109e-7,-5.624525538807895e-7,-2.8141780604024314e-7,-5.859404714354146e-7,-3.758032128566181e-7,-5.314405080382455e-7,3.48402587443962e-7,-2.031506381266746e-8,-6.386058154134964e-9,-2.3105013056108435e-7,-6.502517735366469e-8,2.2478046646035082e-8,-5.530502567122366e-8,1.0768682494765637e-7,-2.670521781241838e-7,4.5800610720191685e-7,2.50115558667371e-6,-3.255617787778009e-8,-5.436328046737624e-7,-4.0302067332428166e-7,-3.819580701878267e-9,-4.710233905575145e-7,-3.6344266317060075e-6,1.1659221631351655e-6,9.502309526825069e-6,-3.4622843042231475e-6,-1.2066292358453673e-7
5.3927366555322154e-5,-1.5431054989760726e-6,-2.681279367898847e-6,-2.9010132135677224e-6,-3.3634399785730316e-6,-3.6641204179454464e-6,-1.6492002838909729e-6,-2.386459497408762e-6,-2.199120405185939e-6,-3.025875508901647e-6,-4.385613647753676e-6,-8.931754133434033e-6,-6.289898502900618e-6,-4.7906239412625555e-6,4.486583068226898e-7,-1.0747393426132895e-7,7.254678192467436e-10,3.691276909896118e-7,7.183046852482796e-7,3.177612152713623e-7,5.900666324242081e-7,3.7311840239586553e-7,-3.282602425728638e-7,-2.460669098107278e-9,2.0081660352514535e-7,-3.492215912029911e-7,-8.15121494076681e-7,-1.4113870790889322e-7,-2.5763266368419085e-7,-4.192614489739723e-7,2.1649555314955108e-7,-1.9340661542889123e-7,1.5773567897509604e-7,4.2918976504291184e-7,-1.743039593223517e-7,-1.9554242795054766e-8,-7.622383438623466e-8,-6.076064057401591e-8,-1.830733896366323e-7,1.0337526144504737e-7,7.520397367595987e-8,-5.7064443303095096e-8,7.708656308805493e-8,4.934017741510335e-8,-3.2556177877763406e-8,6.210351401043928e-7,-1.4304123085150102e-7,9.927210290739706e-8,2.8882281918970182e-8,1.0875683813005255e-7,-8.989627491656009e-6,-4.426393769513055e-8,-3.4104467328864045e-7,4.245237907136592e-6,-6.086146824952391e-8
-4.613337238521453e-5,1.5407545725293531e-6,-1.9870142513114937e-6,1.8690379308983364e-6,-3.8979578522322534e-7,7.26300320467189e-7,-4.558679347154087e-6,-1.8634431448719758e-6,-7.801363722432847e-7,-7.79432862930711e-7,1.7164047059465746e-6,-2.8727624298729477e-6,-3.2605378442926317e-6,-2.629934965926709e-6,3.029118573191233e-7,1.7186568150208857e-8,-8.710900407951552e-11,-2.552781954121393e-7,-2.493443417201872e-7,-3.2621444452883775e-7,1.0020432855632169e-6,-7.624841317492684e-7,1.3806709559152378e-7,3.8877123363379153e-07,8.589891190943097e-7,9.530754311908664e-8,-2.784769474762134e-7,-4.301794818552127e-7,-3.882320262739618e-7,3.937963152653372e-7,8.952830370449255e-7,3.5296159666761265e-7,-2.725728883058792e-7,2.1021235634943118e-7,6.811959534052637e-8,-3.617662265079918e-9,2.583767375896866e-8,1.236070536274599e-7,-5.089779725271847e-8,-2.529723090278346e-7,1.7109285302168077e-7,-1.0962420901114762e-7,1.052426004566007e-7,-2.9771683256155525e-7,-5.43632804673776e-7,-1.4304123085149795e-7,1.081393397199468e-6,-2.1565534523010525e-7,2.231518245806955e-7,-2.7714500454560962e-8,5.553357888335496e-6,-5.357985372867987e-7,-1.4218539533088028e-6,-6.031379859913292e-6,1.9293772215739431e-7
8.0519416547395175e-05,-4.659507869284302e-6,-1.1514352734229945e-6,3.7482244255383864e-6,3.985478481534215e-6,9.69929399397498e-6,7.253480065268511e-6,5.689051000651612e-6,6.4020529244707004e-6,3.924273080621536e-6,3.2199223632699217e-6,7.688687918309551e-6,5.471343614247176e-6,2.16041792473565e-6,-1.0283676664230357e-7,7.536816854929998e-9,-5.6373617729369e-11,1.5631300378662488e-7,1.1625449719147787e-7,9.678779647208737e-7,1.0477101904229827e-6,5.5554542316651544e-8,1.5886799375884202e-8,9.259590902992747e-8,8.022127537708168e-7,2.0410094880687636e-7,-2.9038090624138347e-7,-9.998371289514657e-7,-1.9817001364614794e-7,-1.3656735530948953e-7,-2.0912991533120773e-7,5.502030913143316e-7,6.437553229152353e-7,1.2637337572221643e-6,1.5647344617177956e-8,-1.2535591032001763e-8,-9.466747723570118e-8,-6.603355220908064e-8,-2.490921121229249e-7,1.5741779422102537e-7,-1.2973808218115803e-7,-1.2630665535054428e-7,1.7909662622521693e-7,-2.228319899464882e-9,-4.0302067332428114e-7,9.927210290740288e-8,-2.1565534523010949e-7,1.4663208786392939e-6,-6.462671726840338e-7,-1.0800563999777602e-7,-5.3027949820326185e-6,3.7682488150058904e-7,-2.0952095674939764e-6,7.014883935646195e-6,2.6793565004430113e-8
-6.138853695479856e-4,1.614837260769446e-5,1.31302657782141e-5,8.906701268007682e-6,1.1719982539526879e-5,1.15927376577569e-5,1.6885554773342853e-5,1.5746303693655887e-5,1.7104158102597777e-5,1.6459322147617402e-5,2.401928162300932e-5,1.5419867373950024e-5,1.730002903253568e-5,9.974492876746735e-6,3.226833223855624e-7,3.0176085605555384e-8,-9.900478203720957e-10,-1.1678452671677556e-6,-1.2334811324363476e-6,-8.158107047865968e-7,-1.9652293207326885e-6,2.349847789638866e-7,1.1097134281189234e-6,-8.257779910654543e-7,-2.348968267655723e-6,-1.198477574543161e-6,-1.4726029906372694e-6,-9.08976483836226e-7,6.04413204037728e-7,-4.116116538401757e-6,-8.209959809838688e-7,-4.187342344246488e-7,3.1178297352793715e-7,-1.8232041415193635e-7,-3.169640298829123e-6,6.199985472416096e-8,-4.915445130337497e-7,-1.3160422668287539e-7,2.272786402281187e-7,1.080309419803568e-7,-7.026231106451138e-8,7.11837957585068e-8,2.3080618348664545e-7,-1.194127439536615e-7,-3.819580701864155e-9,2.888228191895108e-8,2.2315182458069528e-7,-6.46267172684048e-7,7.024408479502236e-6,-6.505135824516588e-7,5.474534642223557e-6,-8.644940854996875e-7,-6.793971556833188e-6,-3.4152899837946867e-6,3.506949133779695e-7
9.792734109151748e-5,-2.607496534703439e-6,-7.205113529333736e-6,-8.490583727765559e-7,-3.892024505367741e-6,-8.745407056976315e-6,-1.1283442416752817e-5,-9.531628745226475e-6,-1.1834147384142106e-5,-1.1456741946758021e-5,-1.3241985068094976e-5,-1.3805628124934131e-5,-1.127008103315309e-5,-6.965344524285952e-6,-6.889370237291771e-7,6.240068338117408e-8,-1.8904374933967465e-10,-4.700905329740443e-8,1.5553016675852384e-7,-6.522454609842595e-7,-7.618930348760539e-7,4.951870188493207e-7,2.52585612735156e-8,3.0345002129638006e-7,3.5138855638955323e-7,7.208211218052884e-7,4.7285151678256394e-7,-2.998941621157776e-8,-4.7183875992905796e-8,-2.4395360213703066e-7,-1.9444697050371423e-7,6.611492777585816e-8,-2.0933087784346184e-7,3.2168731046871844e-7,-5.35477465563705e-7,2.1831406887280177e-8,1.9523076211096025e-7,1.5357992042883412e-7,2.1009334961526284e-7,-1.0223251905173418e-7,-1.8973072344253514e-7,-8.391077742066858e-8,-2.0181219126772786e-7,-3.0250163741600157e-7,-4.7102339055751196e-7,1.0875683813005531e-7,-2.7714500454564198e-8,-1.0800563999777421e-7,-6.505135824516784e-7,1.1666149216234044e-6,-5.7191601537058664e-6,-1.2114324879092553e-6,1.4295246902868914e-6,5.432506277031031e-7,7.611939073047076e-8
-0.00769555984529253,2.2553093641585753e-5,1.1401715398310495e-5,-1.1476124275633067e-4,-8.082014889770557e-5,-1.2227406935139522e-4,-1.6753061687790373e-4,-2.1184582904100002e-4,-2.2662925557753963e-4,-2.5643908738024417e-4,-2.3084301441658674e-4,-2.4014481489562892e-5,-2.3510481814975254e-4,-2.915046682532811e-4,-4.982868331220788e-6,-1.473162810361586e-6,1.2114542690396712e-8,-1.0059475257879346e-5,-3.791054148994766e-6,-4.8783596948797965e-6,8.279522025844362e-6,7.362743904127017e-6,-9.209617843074961e-6,-1.8508391861055322e-6,-3.4390265711899933e-6,-6.4872427163405715e-6,1.8203469111813067e-5,-2.0258981480410557e-5,-1.4060282872779814e-5,-7.940714866332022e-6,7.259938939433112e-6,1.2088033684401015e-6,-3.077526044617636e-6,-1.1975325986321833e-6,-9.828304932354577e-6,8.44909015295506e-7,-2.9377022042591673e-6,-3.845059772803044e-6,-5.746627607426362e-6,-7.153486824964591e-6,1.1710126808186267e-5,-2.2916745047861773e-6,-5.59989461795748e-6,-3.0051985914303856e-6,-3.6344266317095904e-6,-8.989627491656681e-6,5.553357888335843e-6,-5.302794982032634e-6,5.4745346422255496e-6,-5.71916015370506e-6,0.0011196139579073908,1.913531791827154e-5,-2.7527252030701694e-4,-2.0243181660569925e-4,-9.846313716726472e-6
-5.9254971659072116e-5,4.906640860475959e-6,7.050055830043629e-6,-2.765718007329498e-5,-1.3397199414179535e-5,7.98109330920378e-6,4.02119380501914e-6,1.5086317051434722e-5,2.577970289299773e-5,3.0542642936997065e-5,1.0028383726466712e-5,4.3207966327393525e-5,3.336287052567545e-5,8.306254837894053e-6,1.8405882243344275e-6,-6.432316520022795e-7,4.6912695270964114e-9,-8.742799608625613e-7,1.9150729451507965e-6,9.438068711126213e-7,1.8617364448125597e-7,4.081096324173982e-7,1.2637853428934536e-6,-1.9948958878811334e-6,-4.933718542298606e-7,-5.133104090821099e-6,-1.7292005285805686e-6,1.061228784357113e-6,1.3851524617875307e-6,-1.1078060263139335e-6,-3.954266864492401e-8,-3.6043475279233575e-6,2.145399519111542e-6,1.332900126708304e-6,-3.681780748977926e-8,-2.9084098122254484e-8,-8.617304554160509e-7,5.359525049213255e-8,9.593989103444796e-7,6.791383156118674e-7,3.0515080413517995e-7,-1.0744526361441097e-6,-9.256412383521858e-7,-4.0473760393063187e-7,1.1659221631351837e-6,-4.426393769513551e-8,-5.357985372868005e-7,3.7682488150058925e-7,-8.644940854997513e-7,-1.2114324879092595e-6,1.9135317918273005e-5,1.909061101361281e-5,3.01766458100673e-5,-9.494766464911453e-6,-2.6483212168036306e-7
0.0030510337570943584,-4.2254766103393444e-5,-1.4079156471233606e-5,-1.496703194680702e-4,-1.3745544973890454e-4,-5.838494108406146e-5,-3.358613244017787e-6,6.599295530976162e-5,5.09546069558706e-5,7.749141652692212e-5,7.698108241548535e-5,1.3572128412291866e-4,1.5243121735194327e-4,4.783058039120242e-5,4.444398367606672e-6,2.980125520473646e-6,-3.151602067275244e-8,-2.867960716079078e-6,1.941044365047957e-7,-4.04086814820899e-6,-9.148082936945703e-6,-5.890844632618979e-6,1.7845466102270966e-5,2.8743709470167036e-6,-3.0000724023383172e-5,-2.400712140177625e-5,-7.840852461361862e-6,3.645917735870507e-5,1.6428299999360937e-5,1.694671582649682e-5,2.7668179928266304e-6,-1.4387136257647299e-5,7.587222694069848e-6,-1.0170526317630643e-5,3.363883910855891e-6,2.884273613172146e-7,-4.9313683242592935e-6,6.624198035624789e-6,5.320222331572127e-6,2.1485907901655904e-7,-2.4505441292726506e-6,-1.2357562690031782e-5,-8.028980286141898e-6,1.895596051839823e-6,9.50230952682569e-6,-3.4104467328865104e-7,-1.4218539533084426e-6,-2.095209567494235e-6,-6.793971556828747e-6,1.429524690286762e-6,-2.75272520306933e-4,3.017664581006657e-5,0.0010018494366293663,-3.777835087187942e-4,-3.3878298506759654e-6
0.00199666142856205,5.41192037157938e-6,-3.830757969607206e-6,1.0493482309444225e-4,1.454307442852959e-4,9.005541654127671e-5,8.17509652335516e-5,6.013775981472709e-5,5.4169950950023305e-5,5.57404059178576e-6,-2.1202754321942045e-5,-5.730861915027831e-5,-4.759432455932658e-6,5.914687497357294e-5,1.471703148620534e-5,7.96661462614687e-7,-7.360080036755899e-9,-7.688524377676545e-7,5.7686784096602e-6,7.122353380417293e-6,1.7871874115785663e-5,-3.4282352401231984e-6,2.432865600816097e-6,1.2462818736074512e-5,3.41657814271272e-5,7.481478823910677e-6,4.415046690539991e-6,-5.299685741044699e-6,-1.17715935076176e-5,-1.0236427091154865e-5,1.7345206481260997e-6,1.8342334796776768e-7,8.879686967549395e-6,-3.5183279340152514e-6,4.948048928122558e-6,-5.855677743455604e-7,1.2188323831076273e-6,-2.5606449261978476e-6,-4.601802626159595e-6,2.6895349711757345e-6,-5.1781295565603924e-6,5.602377048987897e-6,9.822154953886834e-6,2.9531470744068033e-6,-3.4622843042231924e-6,4.245237907136591e-6,-6.031379859913285e-6,7.0148839356461915e-6,-3.4152899837946502e-6,5.432506277031014e-7,-2.0243181660570232e-4,-9.494766464911504e-6,-3.77783508718795e-4,7.828747022812851e-4,-9.292177060555428e-6
3.140996826788273e-5,2.669448422873877e-6,2.357870416459958e-6,5.110268897186746e-6,2.372460831036148e-6,4.882655314791256e-6,2.978997930119512e-6,3.50246944138641e-6,4.031079604577184e-6,4.928478391124768e-6,5.016735398394213e-6,3.463413725928055e-6,3.8080521270031506e-6,2.9775910273390858e-6,-5.169490616496315e-7,-5.084339517255528e-8,6.753646550202252e-10,3.9585978195681583e-7,-4.844086298320237e-8,1.377247064361928e-7,-3.30460705840043e-7,-2.0160899346307671e-7,4.160245267891643e-8,-2.435255347574157e-7,-3.50275101409841e-7,9.668624703343813e-7,3.4205541353469195e-7,-5.542002590781171e-7,4.4676060886372235e-7,-5.744852312802146e-8,3.849907912856484e-8,2.3110333285521654e-7,-1.149704779418468e-7,7.77915792743543e-7,-8.096908107999393e-7,2.7000266616168138e-8,-1.2551294895358254e-7,-2.283184962880392e-8,2.1375245221156378e-7,-1.5780920687852797e-7,4.1409851335902284e-8,1.3755198577696348e-7,-3.977619525667732e-8,-2.942167911397625e-7,-1.2066292358451765e-7,-6.086146824951465e-8,1.9293772215739852e-7,2.6793565004426136e-8,3.5069491337797845e-7,7.611939073047287e-8,-9.846313716725087e-6,-2.6483212168036046e-7,-3.387829850675832e-6,-9.292177060555476e-6,9.482371473415073e-7
