(Intercept),year2010,year2011,year2012,year2013,year2014,year2015,year2016,year2017,year2018,year2019,year2020,year2021,year2022,gendermale,age,age_squared,relationship_statuspartnered,relationship_statusseparated,relationship_statuswidowed,food1,housing1,health1,water1,air1,healthcare1,security1,social_support1,respect1,education1,interesting_activity1,recreation1,occupation1,freedom1,personal_income,relative_income,expected_economic_conditions,country_average_food,country_average_housing,country_average_health,country_average_water,country_average_air,country_average_healthcare,country_average_security,country_average_social_support,country_average_respect,country_average_education,country_average_interesting_activity,country_average_recreation,country_average_occupation,country_average_freedom,gdp,growth,government_effectiveness,democracy,social_protection
0.6682577136306401,-0.0019431325055401809,-0.0023194249516784505,-0.009007289843037308,-0.0084445465758379,-0.012131634211248188,-0.008572124798417102,-0.008444135070286608,-0.0057002752219561205,-0.003564974690863786,-0.005068819903298026,-0.00793754493861598,-0.004791995916713825,-0.0030374679498105556,0.0023924414950925025,3.299083856761304e-5,-2.4311645160862717e-7,-1.833301139380537e-4,0.001411809168672592,6.592080852104111e-4,5.743878647993006e-5,-0.002116594146412187,-5.088894990845378e-4,-6.222365050710819e-4,-2.72778671645791e-5,-0.0010567379971844466,-2.4302174817151698e-4,-0.002345234283300257,6.03014436234064e-4,0.0023635450678867534,4.2081347156357223e-4,-0.001505149796458551,4.1238357892045996e-4,-3.5516870337262e-4,-0.0011034905945246196,-1.4195921631875396e-5,-7.333970984197894e-4,3.789591581220906e-4,-4.811501315393667e-4,-0.001271465696219296,1.1530874790728572e-4,-4.1198965913782123e-4,1.8526086588049293e-4,2.1835393076387766e-4,1.589531424391846e-4,-0.0014492147513484118,5.648613254272911e-4,2.4904866960064086e-4,2.958119999057598e-5,-0.0026615383697357648,8.640792752702887e-5,-0.028317627373442365,0.0010571351942020057,0.013266113749922308,-0.0037263334127163915,5.027896818419175e-4
-0.0019431325055400011,0.0013992486486056486,0.0011383493148617045,0.0011864509257644552,0.001126773875277089,0.0013516023257378607,0.001291417534314825,0.0012466175962758605,0.001116044692581058,0.0011427103716344631,0.0012678918529909929,0.0013761733521546694,0.0013354141931278024,0.0012434286370575068,-2.082878175587441e-5,1.500454950873155e-5,-1.3519588748614532e-7,-1.2451997024075916e-5,-1.591726850950738e-5,4.264179317212418e-6,-6.384471162791585e-5,-1.6090434464030067e-5,-9.842539923470753e-5,4.2025553782514716e-5,-2.0803132325590307e-6,1.6806384418402677e-5,-2.1312571755391467e-5,-6.499620382050029e-5,-6.433007360978766e-6,-3.844228334183079e-5,-7.945186218662374e-7,1.28224964924182e-5,-4.0381369899493975e-5,-5.222891235550696e-5,2.4596294243512764e-5,2.4135786430614885e-7,4.968891257154391e-5,5.529919472544626e-6,6.567732526539303e-6,-9.38167235582262e-6,-1.1641812642492324e-5,1.3653170116950476e-5,7.0103507977716106e-6,-1.1776048308043813e-5,2.9493694020959513e-6,-4.188273240855138e-6,-4.2572809919451025e-6,-2.1394625414031685e-5,-2.982575519961851e-6,5.9449890342014564e-5,-9.135459382304169e-6,-3.4249284288320075e-4,-9.340087916167482e-6,-1.1038812891013364e-4,-9.775717199648547e-5,1.1399623310911862e-5
-0.002319424951678605,0.0011383493148617101,0.0026192101359214836,0.0019964988558500065,0.001795634677433316,0.002134952898780718,0.002075238639999991,0.0020471244602752307,0.0021131573910241172,0.002145010498777266,0.001994597924720143,0.0021366965293967296,0.0020605189536858476,0.0018612691274815763,-1.0251107158728589e-5,1.079195362194585e-5,-4.170240711339994e-8,8.347068866677631e-6,-1.0025699060215882e-4,2.5911696963613236e-5,-4.1723031834868184e-5,5.2974211731942754e-5,-1.282032539813917e-4,8.267831663402648e-5,1.6036689402535347e-5,-5.2102677410843894e-5,-1.99940749936577e-5,-1.3413714756925631e-4,4.2725362801914516e-5,-2.6572215394917752e-5,5.874715278607553e-5,3.232092386714918e-5,-9.338627890973263e-5,-5.2604338299453e-5,-9.735846091017065e-5,1.8050962455068638e-6,5.1371567023838995e-5,-2.305836625100612e-5,2.8743963893862045e-5,-2.5817376187886828e-5,-1.1704904227614109e-5,2.5743520955784486e-5,-1.7783551959059883e-6,-3.420402365639479e-5,7.65357309450962e-6,-3.3375698411381426e-5,1.753121761309995e-5,-2.4143324225418644e-5,3.353292524380983e-5,5.418819339722577e-5,-2.020665836834076e-5,-1.3556739736809672e-4,1.1934634065414255e-6,4.3716423442241977e-4,-6.329798874798807e-4,2.049011981390294e-5
-0.009007289843037168,0.0011864509257644618,0.001996498855850004,0.002834874347475521,0.0023532408540874344,0.002544240428156107,0.0021929414784972864,0.002136625897767161,0.0022259214797458226,0.002163008959864347,0.0020308748166999596,0.002233839061999113,0.002110372211270228,0.002115710919344665,-4.1218187411968307e-5,1.0804192665695704e-5,-5.221792131735932e-8,4.397166951399391e-5,-6.785405404768688e-5,2.319477085646637e-5,-1.2208444294182895e-5,7.384533494707212e-5,-1.6357371401350452e-5,4.266072160312837e-5,2.5344454201321e-5,-4.3639522802710615e-5,2.062047748236989e-5,-7.754840195686663e-6,8.119506363295622e-5,-5.696975092469503e-5,6.325443890808846e-5,6.268299497363397e-5,6.989309142127518e-5,3.0016622740041976e-6,-4.098015960958813e-5,2.548683718438663e-6,4.6301546698252955e-5,-2.4073259895294845e-5,4.489919875039847e-5,1.5124078583581595e-5,-9.232041488088214e-6,1.3418441082496825e-5,-1.251327798851588e-6,-2.3090789839313247e-5,6.989693045991856e-6,-1.144050374382122e-5,3.6858583311864145e-6,-2.3619043349927393e-5,1.1493110965243165e-5,1.1143951615779047e-4,-5.589025107275666e-6,-6.492188902020311e-4,-8.821507614948522e-5,1.625248440211185e-4,-6.829887868615138e-4,3.026274861356538e-5
-0.00844454657583806,0.0011267738752770914,0.0017956346774333088,0.002353240854087428,0.003176886985571609,0.002763404531532137,0.002296724908640112,0.0022146650866826318,0.0022127171919471503,0.0020622572877395163,0.0019433328263556932,0.0021971131078973322,0.0019267778512331755,0.0020713714920240133,-7.768967121558463e-5,-1.2932870874836694e-5,1.3965530507188672e-7,1.1293927466720171e-4,3.8177923087577625e-5,5.983580488961014e-5,8.317111028788072e-5,1.2844221447684185e-4,1.0706977247868779e-4,-2.7139977244763595e-06,9.73774973726293e-5,-1.3554818731025006e-5,3.601295458003257e-5,4.9791527270882004e-5,1.2052430809428136e-4,-1.1754015324989948e-4,8.036856433935326e-5,1.0218991997164259e-4,8.832884170309817e-5,3.3521027023372274e-6,5.3082979664068094e-5,-8.553401973814411e-7,5.577339985803667e-5,-3.5966304237713914e-5,3.2614988416376595e-5,2.265914857100512e-5,-7.329361506222636e-6,1.241305404044984e-5,1.4977855103861621e-5,-1.765916858904043e-5,1.929882815995656e-5,3.754586078252378e-6,-5.78738644069948e-7,-2.9565630419588103e-5,1.861282540061649e-5,1.0622953181528121e-4,-1.6689154444395514e-5,-7.851235173211636e-4,-5.530710635224306e-5,5.216394217499698e-4,-6.148660972325309e-4,2.0352356286282603e-5
-0.012131634211248448,0.0013516023257378622,0.002134952898780712,0.0025442404281561023,0.0027634045315321353,0.0036523303231560593,0.0029189138844164996,0.0027562132711363807,0.0026260467028661368,0.0025825157736789894,0.002558465097252071,0.002723549215695023,0.0025787347147587765,0.002579563335598622,-1.9059683184119146e-4,-6.398846562828623e-6,9.161184776967343e-8,-8.224162077887483e-7,-9.103860571013265e-5,4.3516879724971237e-5,5.938539898577534e-5,5.825004681749401e-5,-3.629175466992036e-5,7.595084451966365e-5,1.7174971065926287e-5,2.0385262760854323e-5,-2.192460144565817e-5,-8.903275036562826e-6,4.555786922619454e-5,-1.872930110249384e-4,4.738333315190406e-5,1.1454303907197544e-4,5.92037720374875e-5,5.424529893635316e-6,2.0801430278296543e-5,-4.122272351741243e-7,1.011459209965091e-4,-2.31659877523415e-5,2.7318058776317335e-5,-4.102119485521541e-6,-6.164230349964561e-6,2.3425588201896634e-5,9.19097250976105e-6,-2.984611321194333e-5,1.7948736097384284e-5,3.154035018926598e-5,-1.5113940718874005e-6,-3.3614946634128175e-5,2.726912257916765e-5,1.2096516476383026e-4,-2.9050674372134898e-5,-5.357061627808227e-4,-4.583617877211369e-5,4.0822750622210237e-4,-9.314241973395546e-4,2.165751350643577e-5
-0.008572124798417187,0.001291417534314827,0.0020752386399999867,0.002192941478497284,0.0022967249086401167,0.002918913884416501,0.003344319938733523,0.002722726507874532,0.002587458390004009,0.002623847880580777,0.002538928381956402,0.0028846272610313826,0.0026615368273429727,0.002661715745367539,-9.543647079367495e-5,4.864737552082328e-6,-3.873730566096049e-8,1.690432559341699e-5,-8.731246215505195e-5,-6.860282031670965e-6,-1.6406892730634935e-5,8.577362790511279e-5,-7.568434470209743e-5,5.674447946857154e-5,5.357540299733807e-5,-2.6354416366958186e-5,-6.724610252959817e-5,-7.035270011920878e-5,7.217712109187926e-5,-1.5003400391078994e-4,3.879998565239402e-5,4.075028379636095e-5,-3.456929110823278e-5,1.034934789532101e-5,-5.0486962915474845e-5,5.357068852207171e-7,3.6239189349873024e-5,-2.154473087320899e-5,2.4381462440601284e-5,-1.8478881157750293e-5,5.691194740705917e-6,1.1499447533063557e-5,1.823673647387586e-5,-4.102517695315961e-5,2.164760993960036e-5,2.5227998881244494e-5,3.8056899170433685e-6,-4.590655291859194e-5,2.0070421444505744e-5,9.58863517050651e-5,-2.2985350216722387e-5,-3.992736662891031e-4,-1.1995298187110343e-5,5.381205243502145e-4,-0.001087869970253344,1.6763174699114186e-5
-0.008444135070287254,0.001246617596275864,0.0020471244602752276,0.002136625897767159,0.0022146650866826313,0.0027562132711363803,0.002722726507874526,0.0029398799323526984,0.00279170418915906,0.002814020125699295,0.0026685091586162615,0.0026047878302490517,0.0026126583314499004,0.0025537172641019947,-8.850867230422953e-5,4.1315000687905e-6,-2.731610434805569e-8,1.7334886681561287e-5,-7.206115031212828e-5,2.1066131893042946e-5,5.139204809565557e-6,8.69550065799436e-5,-7.655812625209617e-5,3.614171130844761e-5,3.481465548442283e-5,-2.462270638879819e-5,-3.60587411668944e-5,-1.166891498777853e-4,7.380135970262079e-5,-7.753419927461448e-5,3.424309814981081e-5,5.2380860586328175e-5,-4.3397979892274545e-5,1.7992998370100763e-5,-1.376086885428194e-4,3.222205096514095e-6,6.0937542746569235e-5,-6.751622990400132e-6,2.6814303528642946e-5,-2.8835385752919354e-5,-7.903884925271243e-6,2.620540026575811e-5,6.920348994940678e-6,-3.924561676738754e-5,2.6371359951745717e-6,2.5948574000394016e-5,1.0852724933069388e-6,-3.392240613489514e-5,3.440586153348617e-5,8.42606147358914e-5,-2.3708874797860314e-05,-2.409011882487683e-4,-4.717587952365931e-5,3.5207776121036396e-4,-0.0010511795721865494,2.3557576577517378e-5
-0.005700275221956738,0.0011160446925810616,0.0021131573910241125,0.0022259214797458182,0.0022127171919471542,0.0026260467028661402,0.002587458390004005,0.0027917041891590637,0.0034510599941539252,0.0032488186635352325,0.003026788182155326,0.0029633242244704503,0.0029808283538965653,0.0028010850657259876,9.797613103630373e-6,1.370664567206622e-5,-7.577278671246802e-8,-3.389787639462722e-5,-1.1859060414855206e-4,-5.2138310982395964e-5,-3.059733888871175e-5,2.464628693841235e-5,-1.5210927455611628e-4,3.834028145138407e-5,1.6349083155951182e-5,-3.7356727475728704e-5,-3.454283233546712e-5,-1.3694120241802872e-4,3.789889161096193e-5,-1.0641312524721289e-5,5.677443658094472e-5,1.153569600912727e-5,-2.8550107442671174e-5,-3.258649592032116e-5,-2.040581839071644e-4,5.727853962551976e-6,6.04652804840978e-5,-1.3341705401213549e-5,4.5971788226356314e-5,-4.6762791385086536e-5,5.0214270544566016e-6,1.3922757966746434e-5,-9.33451701022201e-7,-3.892755723156085e-5,4.82102825053519e-7,-2.5721558270378693e-5,-1.7568826521723412e-6,-2.3783477421044883e-5,4.417838379538548e-5,7.503251019960272e-5,-2.06151330275929e-5,2.1986037335284288e-5,-8.257795232913915e-5,2.616555273073468e-4,-0.00115105281213686,2.289576458019132e-5
-0.003564974690865623,0.001142710371634471,0.002145010498777271,0.0021630089598643483,0.002062257287739522,0.002582515773678992,0.0026238478805807723,0.0028140201256992973,0.0032488186635352264,0.003569327411112279,0.003258461327447753,0.0029755350986941163,0.003043203115477011,0.002839729480581871,-2.608712054312905e-5,1.6633655390710813e-5,-1.1982763880920969e-7,-5.5369064063704575e-5,-1.4291252341652272e-4,-6.475519767401778e-5,-1.662266162921541e-5,6.963605025643173e-5,-1.1943435458968877e-4,4.647391827656699e-5,4.184069626464426e-5,-4.778972818506268e-5,-2.505263617544376e-5,-8.507917999358533e-5,9.172234623813621e-5,-4.172540418380766e-5,3.871269608058858e-5,1.7419393455061382e-5,-8.426015535041044e-6,1.5447501878341027e-5,-2.5408688161113305e-4,6.263591620311843e-6,3.489371825208513e-5,-1.3720413171597088e-5,5.296295388521561e-5,-7.810938924848824e-5,2.4881265527423068e-6,1.5921915351547654e-5,4.171196150786288e-7,-3.960705074827023e-5,-1.3901812393614098e-6,-2.0906845109341492e-5,5.290521702406189e-6,-2.3538836722801645e-5,5.6150929224583804e-5,6.288182232341188e-5,-2.667826393688764e-5,2.9727697297939525e-5,-9.511653235342365e-5,3.458677989478245e-4,-0.0010987417016661094,1.8973471989175746e-5
-0.005068819903299085,0.0012678918529910055,0.0019945979247201545,0.002030874816699969,0.0019433328263557086,0.0025584650972520838,0.00253892838195641,0.0026685091586162784,0.003026788182155335,0.00325846132744777,0.0037660908539362964,0.0031424297816994478,0.003227538886939974,0.0029794549669189046,-7.630112075144301e-5,1.960799176428492e-5,-1.4386792560399444e-7,-1.7494057091196587e-4,-2.358157238918354e-4,-1.2023483439039174e-4,-6.342440448261898e-5,1.8165411736860023e-5,-2.6802105787379393e-4,6.816155558275097e-5,2.175393102956211e-5,4.309706295960755e-6,-4.1315358124205475e-5,-2.3663255182251544e-5,-4.310317452139959e-6,-1.875104602987147e-5,2.030889439574464e-5,1.74877294826361e-6,-3.96276691887064e-5,-2.1826449408049576e-5,-1.4476035444926181e-4,4.906751950467258e-6,3.44082547186864e-5,-2.939525980972747e-6,5.360672712988565e-5,-3.762407603590029e-5,-4.158201944382211e-6,2.4630839199990128e-5,7.354663044309426e-7,-4.6636120953856955e-5,-1.0627715875153082e-5,-9.268085873475042e-6,-1.1142819249471967e-5,-3.363354885398864e-5,3.3038033997543405e-5,9.586996258394216e-5,-2.5738301530604494e-5,-3.3850050767472137e-4,-7.423790451612426e-5,2.4521964058839567e-4,-0.001071166141198627,3.1003637048671486e-5
-0.007937544938616726,0.001376173352154672,0.0021366965293967244,0.0022338390619991077,0.002197113107897331,0.0027235492156950235,0.0028846272610313748,0.00260478783024905,0.0029633242244704434,0.0029755350986941124,0.003142429781699429,0.004183916086726777,0.003524581099430075,0.0031857795050751524,4.8250026516806844e-5,2.8085929525234337e-5,-2.6219386598701577e-7,-1.333185852989017e-4,-2.0941152773370735e-4,-1.0984969345895326e-4,-1.1319038135448027e-4,-2.3182008752428096e-5,-2.571050456383482e-4,4.2349531154499816e-5,1.953622645193456e-5,-3.7706509435485754e-5,-9.988569599494058e-5,-7.526056467249735e-5,4.084704812082545e-5,-1.1810017514383482e-4,5.232417992472496e-5,-8.53039494671162e-5,-1.2025198964743109e-4,-3.561497992582405e-5,-1.4930648717341756e-4,6.049079200680888e-6,3.7327988619176124e-5,-1.716246140946071e-5,5.330710917455378e-5,-2.001733744368984e-5,-8.44451332247459e-6,1.7230569185736774e-5,1.534464501258014e-5,-4.901111138989069e-5,-2.0421712033610266e-6,-4.564511752483947e-6,-1.2333622635670804e-5,-5.0570798671691755e-5,1.3033237639175985e-5,9.756806414239391e-5,-2.035473504813261e-5,3.547422778670934e-5,2.8912325520380098e-5,4.15433707155816e-4,-0.001023724119616283,1.7941983081332506e-5
-0.004791995916714204,0.0013354141931277979,0.0020605189536858338,0.002110372211270215,0.001926777851233168,0.002578734714758767,0.002661536827342957,0.0026126583314498983,0.0029808283538965584,0.0030432031154770155,0.0032275388869399562,0.003524581099430067,0.0038881399085505326,0.003208559440878689,4.013703831559452e-5,2.3304613343194775e-5,-2.631124695677363e-7,-1.0426919581398258e-4,-1.7206644894615766e-4,-9.694606360689849e-5,-1.0214259359338716e-4,1.914173201333834e-5,-2.499075768551227e-4,4.363626297162075e-5,9.349518867685557e-6,-4.8018695759605176e-5,-4.209658502229264e-5,-6.616051983510746e-5,5.645058435730759e-5,-8.842722814635868e-5,3.0273137087376498e-5,-4.11832224527639e-5,-2.607720075297151e-5,-1.9311719622433055e-6,-1.2212036640944836e-4,6.582754367497135e-6,6.487532994501106e-5,2.191606289753477e-6,4.778932367026873e-5,-3.7990289478422414e-5,-1.7531521389884174e-5,2.30195803941596e-5,5.654175091358483e-7,-4.0516120596837146e-5,-2.238020921048702e-6,-1.41282220083389e-5,-5.782400263988903e-6,-4.5183945519203796e-5,3.712011162640805e-5,8.471523457671022e-5,-1.9345764272795772e-5,-2.8950432675684126e-4,-2.5379926003260864e-6,2.9261118884697595e-4,-0.0010956220365563765,2.438745835578723e-5
-0.0030374679498115877,0.0012434286370575165,0.0018612691274815796,0.002115710919344669,0.002071371492024023,0.0025795633355986257,0.002661715745367536,0.002553717264102008,0.002801085065725989,0.002839729480581893,0.0029794549669188994,0.003185779505075162,0.003208559440878695,0.0036633129074324883,7.031495687509181e-6,1.5215209773189715e-5,-1.8944613710149107e-7,-4.9050493771317744e-5,-6.733385558953565e-5,-3.392296504097638e-5,-9.026752456981648e-5,1.4593911093950994e-6,-1.2830873481870346e-4,3.0801685279288866e-5,2.8066732241436805e-5,-3.573716313483535e-5,-4.628319115808032e-5,-6.870851089126803e-5,6.169396086683143e-5,-8.149500354315678e-5,8.0924605111151e-5,-1.2339854256234674e-5,-1.2248691646009896e-5,2.4284669333649724e-5,-5.5778286033555863e-05,3.2149956111298103e-6,3.823219865922899e-5,-8.839661759023654e-6,4.8562064898398e-5,-7.949288203333189e-6,-8.476532350507472e-6,7.569712302113194e-6,8.986334664982403e-6,-3.3447875341022634e-5,4.1868939702719207e-7,-1.4086167317103567e-5,-4.1418843843967445e-6,-3.6948578896975216e-5,1.630848018964313e-5,8.706503128664527e-5,-1.4518253399496438e-5,-6.997627773444198e-4,1.6428411320461623e-6,4.121481590357191e-4,-0.001012089017540532,2.6144363853528242e-5
0.0023924414950924956,-2.0828781755874263e-5,-1.0251107158728694e-5,-4.121818741196834e-5,-7.768967121558468e-5,-1.905968318411916e-4,-9.543647079367482e-5,-8.85086723042294e-5,9.797613103630161e-6,-2.6087120543129135e-5,-7.630112075144293e-5,4.825002651680684e-5,4.0137038315594355e-5,7.031495687509194e-6,1.8998427472704437e-4,1.3183871105469698e-5,-1.39606602035081e-7,2.29081230383297e-7,3.731705568309163e-6,-1.1709787712616444e-5,-6.977004946831012e-5,-2.8744296455902122e-5,-2.2987263531846097e-5,-1.7571597116435115e-5,-1.227543955767313e-5,-1.8522118085237233e-5,2.688963294973056e-7,-7.810442190394228e-5,-2.866938915636842e-5,1.9838237163490278e-5,-7.694704963337202e-6,-5.875549118758834e-5,-5.0825577874556884e-5,-5.469489479127408e-5,1.290761062816328e-6,-2.1042448593144144e-7,-2.1642332172232456e-5,-1.6086804295551939e-6,1.8169789063341383e-6,-1.728998331013222e-6,4.051449771724698e-6,-6.213497458373419e-6,3.4729914007141315e-6,1.445107425457385e-6,-3.0221562657484863e-7,-9.533013088975418e-6,3.294187102596868e-6,-2.5469506745392156e-6,-4.253435174530337e-6,-1.3501777228962986e-5,1.7309365726946419e-6,-2.9421139560602815e-5,2.589447984527654e-5,5.116031770453183e-5,1.027430770472249e-5,-1.7028692216857031e-6
3.29908385676148e-5,1.5004549508731514e-5,1.0791953621946009e-5,1.0804192665696011e-5,-1.293287087483675e-5,-6.398846562828519e-6,4.8647375520822054e-6,4.1315000687906155e-6,1.3706645672066154e-5,1.6633655390710867e-5,1.9607991764284833e-5,2.808592952523438e-5,2.3304613343194524e-5,1.5215209773189849e-5,1.3183871105469691e-5,6.477757834857489e-6,-6.27898147565067e-8,-1.635050066964549e-5,-2.2576138362929067e-5,-1.4402263350396707e-5,-1.6383989072277515e-5,-4.068066546161345e-6,-2.836142632767935e-5,-7.49036617096843e-7,-7.579871929107805e-6,1.257481586599716e-6,-1.857675903489108e-6,-1.4277597206487365e-5,-1.1582551971907973e-5,8.629634642493153e-6,-2.8398436456054224e-6,-1.0536353154877763e-5,-1.2363644709376219e-5,-1.1041896789548312e-5,-3.7411456737755493e-6,2.5985568649803353e-7,-2.2033938415022467e-7,5.571962412228398e-7,1.4160846179717618e-6,-3.014996024102242e-7,1.2190077746635973e-6,-1.6670075574733016e-6,-7.134873052425754e-7,-2.38721479143358e-7,-1.987511573179796e-6,4.3476538361725276e-7,-1.23748143021536e-6,-3.920400263932011e-7,4.366171428228751e-7,-1.0691500723079668e-8,-6.311348658556408e-7,1.0872472924400642e-5,1.6814855071495493e-6,-2.3619228321967536e-5,1.6660204893635925e-5,5.335940482762947e-7
-2.431164516086929e-7,-1.351958874861447e-7,-4.170240711340053e-8,-5.2217921317362046e-8,1.396553050718878e-7,9.161184776967283e-8,-3.8737305660959045e-8,-2.7316104348057132e-8,-7.577278671246704e-8,-1.1982763880921016e-7,-1.4386792560399402e-7,-2.6219386598701593e-7,-2.6311246956773377e-7,-1.8944613710149457e-7,-1.396066020350811e-7,-6.278981475650694e-8,6.926049558375456e-10,1.3228187881627287e-7,1.6882668808895433e-7,1.1769408144881989e-7,1.294634707681239e-7,3.657792214048449e-8,2.376486307825865e-7,2.31107471364026e-8,6.932278017771617e-8,5.525308271625866e-9,1.2855667227504676e-8,1.277734686762687e-7,9.225254116805192e-8,-5.714949266842776e-8,1.1283740979766456e-8,1.0579957210775515e-7,8.110502053211875e-8,7.103541346989896e-8,6.333093012272839e-8,-3.4761830106164823e-9,-5.985384916017405e-9,-6.845510435930978e-9,-1.1996071939635792e-8,3.3452305810430364e-9,-1.1267149411966141e-8,1.7389731480790336e-8,6.993331396256916e-9,-3.755896911408757e-11,1.8317391404660984e-8,-7.166612884134695e-9,1.084202628375818e-8,2.228185913923322e-9,-3.6351251206458695e-9,-2.100999289547111e-9,5.2676870643398665e-9,-7.227181196424415e-8,-2.8075464907592075e-8,1.29661252924988e-7,-8.680565176891943e-8,-3.354519200464971e-9
-1.8333011393805636e-4,-1.2451997024075752e-5,8.347068866677385e-6,4.3971669513993e-5,1.1293927466720196e-4,-8.224162077888144e-7,1.690432559341765e-5,1.7334886681561023e-5,-3.3897876394627053e-5,-5.536906406370453e-5,-1.7494057091196538e-4,-1.3331858529890139e-4,-1.0426919581398165e-4,-4.905049377131863e-5,2.2908123038329554e-7,-1.6350500669645873e-5,1.322818788162761e-7,2.611252359651074e-4,2.1496974728426368e-4,1.3920907809516667e-4,8.76454952946192e-5,5.569774395258718e-5,2.0844465507737566e-4,-2.7323589770410164e-5,6.024422073505777e-5,-9.375810423175223e-6,4.87367335267347e-5,2.2570831591962188e-5,1.4058573367690022e-4,-4.0169343231747374e-05,4.179085723629979e-5,3.079881746779365e-5,8.917968361882644e-5,1.0621802383341317e-4,-7.50407887187426e-6,-8.386483660841542e-7,-4.792321125318217e-5,7.312453395645038e-7,-5.041138832330736e-6,8.57606582540312e-7,-3.825620130554075e-6,8.893849844870105e-6,-1.279747853607367e-7,1.841648246755544e-6,6.9785326861726875e-6,6.678391975258682e-7,7.929698134298242e-6,4.214647487054801e-6,-8.088873379996211e-6,-5.549300365682173e-6,6.6330616012217185e-6,-1.0901611868632791e-4,-7.547140362026277e-6,7.576473457381387e-5,-3.0507804846849802e-5,-2.150141527631854e-6
0.001411809168672582,-1.5917268509507377e-5,-1.0025699060215945e-4,-6.785405404768801e-5,3.817792308757773e-5,-9.103860571013307e-5,-8.731246215505162e-5,-7.206115031212889e-5,-1.1859060414855183e-4,-1.429125234165231e-4,-2.3581572389183518e-4,-2.0941152773370762e-4,-1.72066448946157e-4,-6.733385558953681e-5,3.7317055683091675e-6,-2.2576138362929057e-5,1.6882668808895338e-7,2.1496974728426254e-4,3.4579034375735993e-4,1.742390685751549e-4,7.574578805247385e-5,2.0589888364003672e-5,2.1527110512750529e-4,-1.679646165897787e-5,4.0444483992360696e-5,-9.451942002482137e-7,3.8914717549355966e-5,2.98314400309929e-5,1.0686391933506712e-4,-3.400760294515414e-5,1.664637935557874e-5,3.079972456377744e-5,1.0151635369414508e-4,7.216459041438062e-5,-1.0163838425025707e-5,-1.0206048996979586e-6,-3.2613846070924435e-5,4.501370608057821e-6,-1.3638927240927793e-5,3.145781556921198e-6,-6.543890419998753e-6,1.1405387820203028e-5,4.4905079878139266e-6,4.6419227976569714e-6,1.1735238143648695e-5,-2.9448798816104123e-6,8.833745018441694e-6,2.558089687906613e-6,-5.309251017247058e-6,-4.932585486510196e-6,6.6385828199418726e-6,-2.910632795127141e-4,4.5685516284424785e-7,1.799431033776089e-4,-1.7564669335168342e-5,-1.1683986110054977e-6
6.592080852104036e-4,4.264179317212645e-6,2.5911696963612894e-5,2.3194770856466195e-5,5.983580488961029e-5,4.3516879724971284e-5,-6.860282031670715e-6,2.1066131893042875e-5,-5.213831098239594e-5,-6.475519767401778e-5,-1.2023483439039096e-4,-1.0984969345895298e-4,-9.694606360689807e-5,-3.392296504097693e-5,-1.1709787712616457e-5,-1.440226335039674e-5,1.1769408144881974e-7,1.392090780951665e-4,1.7423906857515488e-4,2.69227282920089e-4,1.9710801635016264e-5,7.920268658995809e-6,1.0117952315405626e-4,-1.828695930199418e-5,3.391729471127724e-5,-7.182912344577039e-7,1.6667151689954036e-5,-2.8440589460090035e-5,8.889180283927316e-5,-1.7456669947440164e-6,2.016012295600835e-6,-1.0755631762536407e-5,4.400213669473417e-5,2.382117802805139e-5,3.5687990667934757e-6,-1.3171224349305056e-6,-2.9115472470255646e-5,6.485370810278083e-7,-7.251438546984916e-6,-5.574595727901858e-6,-6.867938643496253e-6,1.0261682499344546e-5,-1.1881213150188277e-6,2.2449151811201184e-6,9.74881598577324e-6,9.480095474661206e-7,7.040029977495704e-6,3.420966918697807e-6,-3.3714874974744593e-6,-3.90445785056878e-6,5.477348950280914e-6,-1.4984905235878313e-4,2.98400307822957e-6,1.5885623981116653e-4,-7.869491306690137e-5,1.0576724150853808e-6
5.743878647993254e-5,-6.384471162791599e-5,-4.172303183486829e-5,-1.2208444294182895e-5,8.317111028788053e-5,5.9385398985775355e-5,-1.6406892730634993e-5,5.1392048095653825e-6,-3.0597338888711634e-5,-1.6622661629215287e-5,-6.342440448261896e-5,-1.1319038135448039e-4,-1.0214259359338693e-4,-9.026752456981639e-5,-6.977004946831004e-5,-1.638398907227747e-5,1.294634707681242e-7,8.764549529461949e-5,7.574578805247378e-5,1.9710801635016498e-5,2.1611799368269807e-4,2.2145896947182816e-5,1.2202396419985487e-4,-2.62664162126513e-6,1.840265853195854e-5,-2.0946618136958868e-5,2.043010004957812e-5,8.455233368390027e-5,4.6694519505010344e-5,-9.499937527647092e-6,4.5404691066875824e-5,4.815525567403161e-5,1.0408667118880381e-4,1.0425932751074466e-4,-2.6214099531117672e-5,7.853705316620975e-7,2.0266241944278494e-5,3.1596800788117616e-6,-5.1462402202226966e-6,-6.719095594057073e-7,-3.704159029299402e-6,2.537330664589553e-6,-4.429081642065492e-7,7.701846171786262e-7,2.900140254880797e-6,1.1394719122539015e-6,4.368029608916684e-6,2.7854610804050436e-6,4.264439162046157e-6,4.8474374960172185e-6,9.72623961917196e-7,-1.1914678316845724e-4,-1.2659310509741665e-5,9.868538811258467e-5,2.6138766148173372e-5,-2.8987543803868812e-6
-0.002116594146412193,-1.6090434464029874e-5,5.297421173194315e-5,7.384533494707234e-5,1.28442214476842e-4,5.8250046817493865e-5,8.577362790511272e-5,8.695500657994374e-5,2.4646286938412366e-5,6.963605025643178e-5,1.816541173685974e-5,-2.3182008752428096e-5,1.9141732013337978e-5,1.4593911093954259e-6,-2.874429645590221e-5,-4.068066546161334e-6,3.657792214048423e-8,5.569774395258717e-5,2.0589888364003686e-5,7.92026865899574e-6,2.2145896947182708e-5,2.0664514467600995e-4,7.766616454877138e-5,-1.8402990949283027e-5,4.404731084554316e-5,-3.186279303187807e-5,3.1899702755515606e-5,6.52108951102099e-6,7.641319942017695e-5,-4.157762711281433e-5,-4.996118138073082e-6,2.6435847344639994e-5,4.864164411721069e-5,3.239455269534232e-5,1.770497320699239e-5,-8.008606260739264e-7,-1.8303327370300465e-5,-7.976231793196614e-6,8.240867963950935e-6,-4.831549663234187e-6,-7.7028972011213e-7,-7.252449578229121e-7,2.9869310581768935e-6,2.2965566798364703e-6,-6.4639892826604e-7,6.854616733532044e-6,3.0233872604423287e-6,-5.4064579633571654e-9,2.959443778669723e-7,5.3349444308831885e-6,-4.820544436199941e-6,1.1875378232260552e-4,-1.5993738499370666e-5,-3.304962492333856e-5,6.226568985419028e-5,-6.453659105430054e-6
-5.088894990845623e-4,-9.842539923470738e-5,-1.2820325398139147e-4,-1.6357371401350412e-5,1.0706977247868764e-4,-3.6291754669920524e-5,-7.56843447020972e-5,-7.655812625209646e-5,-1.5210927455611592e-4,-1.1943435458968861e-4,-2.680210578737943e-4,-2.5710504563834877e-4,-2.4990757685512286e-4,-1.2830873481870487e-4,-2.298726353184609e-5,-2.83614263276795e-5,2.3764863078258768e-7,2.0844465507737606e-4,2.1527110512750607e-4,1.0117952315405652e-4,1.220239641998549e-4,7.766616454877143e-5,4.1625210591298675e-4,-4.195629548416804e-5,7.071135550609057e-5,-3.90433646536274e-5,5.692606088445852e-5,7.40857483903378e-5,1.8711682239417032e-4,-8.544375462969516e-5,5.063318464796548e-5,6.010346819203947e-5,1.4242447738135094e-4,1.4349421522243786e-4,-5.383058221042766e-6,-2.0696346463248005e-6,-6.068642672693509e-5,-8.385196381752699e-6,-7.346873034477293e-7,5.606658962625781e-6,-2.4188390849707852e-6,5.1861704278694446e-6,5.90656257686432e-6,1.8828744978815234e-6,1.0251596835171223e-5,-4.5150282119678466e-7,1.2070737479717758e-5,-2.877438353865071e-7,-1.0022921070720891e-5,-7.669135994960182e-6,9.252121253764374e-6,-4.366690497867986e-5,-8.097241968826107e-6,2.1921895338536298e-4,-6.491775942782988e-5,-8.550087825427077e-6
-6.22236505071092e-4,4.202555378251463e-5,8.267831663402649e-5,4.266072160312826e-5,-2.713997724476486e-6,7.59508445196636e-5,5.67444794685715e-5,3.6141711308447505e-5,3.834028145138391e-5,4.6473918276566806e-5,6.816155558275096e-5,4.234953115449972e-5,4.3636262971620764e-5,3.080168527928878e-5,-1.7571597116435126e-5,-7.490366170968692e-7,2.3110747136402844e-8,-2.7323589770410056e-5,-1.679646165897782e-5,-1.8286959301994172e-5,-2.6266416212651616e-6,-1.8402990949283023e-5,-4.195629548416799e-5,7.466561108188594e-5,-2.2509042763541762e-5,1.9156605761343058e-5,-7.610291279975569e-6,5.754083089521793e-6,-4.0243477270870815e-5,2.456023522179126e-5,-5.924001445686e-6,9.375508361017589e-6,-7.4169292632140326e-6,-3.181550107077486e-5,6.168155571402617e-6,2.5567056053659436e-8,5.0033940995331235e-6,-9.71827070316471e-7,1.670637064162607e-6,2.3795183086777053e-6,2.1336431912785733e-6,-8.529749422321536e-7,-1.1352778904897362e-6,-1.9811451716667823e-6,1.678139187870885e-6,1.05544587256543e-6,-9.307413502962491e-7,-1.0180906186927193e-6,2.488375579585351e-6,2.2062080435054667e-6,-2.0185760684105387e-6,8.794530245970059e-6,6.087590415830572e-6,-6.31488408815312e-5,-6.096819257451533e-6,6.05870485193596e-7
-2.7277867164588065e-5,-2.080313232558999e-6,1.6036689402535405e-5,2.5344454201321028e-5,9.737749737262944e-5,1.7174971065926293e-5,5.357540299733798e-5,3.481465548442286e-5,1.634908315595116e-5,4.1840696264644145e-5,2.175393102956216e-5,1.9536226451934513e-5,9.349518867685562e-6,2.8066732241436646e-5,-1.2275439557673138e-5,-7.579871929107792e-6,6.932278017771606e-8,6.024422073505773e-5,4.044448399236067e-5,3.391729471127723e-5,1.840265853195852e-5,4.404731084554314e-5,7.071135550609062e-5,-2.250904276354176e-5,9.503792269815525e-5,-1.8158468947691556e-5,1.0880241289176593e-5,1.4801296772646908e-5,6.198666863641007e-5,-3.328722560346069e-5,2.3664828956502664e-6,4.571284913187514e-6,3.388205174780578e-5,3.005232045322508e-5,4.605695338820772e-6,-9.604935605527465e-7,-2.293188416462487e-5,-2.390736836059925e-6,-9.748859342915217e-8,3.3832536072789206e-6,-1.927591895165839e-6,4.7922985466313e-6,3.164627341767819e-7,1.1967319745093811e-6,1.5992281932503196e-6,-1.9355704321802347e-6,4.371142615580158e-6,8.634735168080318e-7,-4.375942108518896e-6,-3.050241917001009e-6,1.4255277628268586e-8,-3.3845956808646424e-5,3.942261845243682e-6,8.332446600351016e-6,-4.167046812602995e-5,1.8111924621306465e-6
-0.0010567379971844087,1.680638441840267e-5,-5.210267741084381e-5,-4.363952280271042e-5,-1.3554818731024892e-5,2.038526276085443e-5,-2.6354416366957997e-5,-2.462270638879796e-5,-3.7356727475728616e-5,-4.778972818506252e-5,4.309706295960646e-6,-3.77065094354855e-5,-4.801869575960535e-5,-3.5737163134835014e-5,-1.8522118085237223e-5,1.2574815865997355e-6,5.525308271625783e-9,-9.375810423175199e-6,-9.451942002482796e-7,-7.182912344577123e-7,-2.094661813695884e-5,-3.1862793031878075e-5,-3.9043364653627354e-5,1.915660576134309e-5,-1.815846894769155e-5,7.525058864898506e-5,-7.980111615230846e-6,-8.699655939350605e-6,-2.719490580692584e-5,2.557858205218595e-5,-6.657204515250331e-6,6.438004094831561e-6,-2.9888132984066216e-5,-1.371335045483163e-5,1.624680782844854e-5,-1.1625369859703422e-7,9.644091965974322e-6,3.912189673126006e-6,-2.450150797034854e-6,6.2821651488746386e-6,2.587602740165233e-6,2.257132171715029e-6,-1.6089069801011894e-6,-1.7384090974338859e-6,-1.810427357366729e-7,4.790713589047376e-6,-4.601698729833534e-6,-8.794721591532433e-7,-4.262555996401018e-6,6.5158983307365665e-6,-6.618919970283476e-7,1.2669285532482581e-5,-4.027703301379573e-6,-1.4466964381262267e-4,1.0027420697155733e-4,-1.487069080715228e-6
-2.4302174817150907e-4,-2.1312571755391515e-5,-1.9994074993657685e-5,2.0620477482369818e-5,3.6012954580032505e-5,-2.1924601445658172e-5,-6.724610252959823e-5,-3.6058741166894466e-5,-3.454283233546708e-5,-2.5052636175443688e-5,-4.1315358124205306e-5,-9.988569599494044e-5,-4.2096585022292476e-5,-4.628319115808032e-5,2.688963294972917e-7,-1.8576759034891272e-6,1.2855667227504797e-8,4.873673352673458e-5,3.891471754935598e-5,1.666715168995401e-5,2.043010004957816e-5,3.1899702755515585e-5,5.692606088445847e-5,-7.6102912799755745e-6,1.08802412891766e-5,-7.980111615230845e-6,6.622694701701748e-5,2.2310848103477344e-5,3.168710367630274e-5,1.7093220820464575e-5,1.9102949647967977e-5,1.4594376025685002e-5,5.907761870811129e-5,2.2331319530805664e-5,1.2664293701144234e-5,-1.8745876549697554e-7,-9.618976845256433e-6,2.3795791166961932e-7,-3.888273028454443e-7,-1.960282893871494e-6,-1.8932725400607118e-6,1.4043843197502925e-6,-3.3426166424565685e-6,2.26116317322963e-6,1.7122957822261953e-6,1.1044265301786169e-6,6.597834903200511e-7,2.5401059544340504e-6,9.506478943220402e-7,3.550720146676834e-6,-8.868145185850573e-7,-3.960827968642373e-5,-4.759239907012702e-6,5.8975276383071896e-5,5.690024736337107e-5,-2.834451457011444e-6
-0.002345234283300245,-6.499620382050033e-5,-1.3413714756925648e-4,-7.754840195686476e-6,4.979152727088214e-5,-8.903275036562738e-6,-7.035270011920875e-5,-1.1668914987778517e-4,-1.369412024180285e-4,-8.50791799935854e-5,-2.366325518225095e-5,-7.526056467249746e-5,-6.616051983510719e-5,-6.870851089126753e-5,-7.810442190394236e-5,-1.4277597206487395e-5,1.2777346867626895e-7,2.2570831591962527e-5,2.983144003099303e-5,-2.8440589460089947e-5,8.45523336839002e-5,6.521089511021061e-6,7.408574839033781e-5,5.754083089521837e-6,1.4801296772646894e-5,-8.699655939350624e-6,2.2310848103477402e-5,2.667461462357002e-4,6.711068247204921e-6,5.212824373898842e-6,1.8222031473104883e-5,3.46775379898373e-5,9.486379076829103e-5,4.384485308834827e-5,1.4822826432500555e-5,9.623702479841801e-7,2.1792051127186514e-5,2.0669869523119326e-6,2.396078202544528e-6,2.435423110497931e-5,-3.924668603993956e-6,3.1980800360479077e-6,-1.2727739916931437e-6,2.5149115095368452e-6,4.144855332533241e-6,1.0741494257964481e-5,-7.048566243241334e-6,2.3986225697146013e-6,-5.21795522723064e-6,1.4323314262104585e-5,-7.130877128945471e-8,-2.1870764487286114e-4,-1.3397519162822743e-5,5.5895579664935266e-5,2.1970898621607706e-5,2.0068391943145856e-6
6.030144362340663e-4,-6.433007360978471e-6,4.2725362801914625e-5,8.11950636329564e-5,1.2052430809428136e-4,4.5557869226194655e-5,7.217712109187939e-5,7.380135970262102e-5,3.789889161096211e-5,9.172234623813651e-5,-4.310317452139649e-6,4.084704812082551e-5,5.645058435730784e-5,6.169396086683147e-5,-2.8669389156368408e-5,-1.1582551971907953e-5,9.225254116805155e-8,1.4058573367690006e-4,1.0686391933506695e-4,8.889180283927302e-5,4.6694519505010276e-5,7.641319942017692e-5,1.8711682239417032e-4,-4.02434772708708e-5,6.198666863641011e-5,-2.7194905806925822e-5,3.168710367630271e-5,6.711068247204971e-6,2.886774806979946e-4,-8.04059207387077e-5,2.970416396385127e-5,-4.184768708500932e-6,5.660892815924698e-5,1.0676566688600044e-4,-2.9636337218464946e-5,-1.11978092703094e-6,-6.22224302430072e-5,-7.359367094976984e-6,6.4443868207676614e-6,-1.0515638913594387e-5,-1.233330326728399e-6,4.43432964903566e-6,5.668339914601417e-6,-3.155119306913461e-6,-2.225813692951516e-6,1.2967748924029511e-6,1.2699338484408808e-5,-4.070010831105892e-6,-6.840331626652688e-6,-6.219528024107882e-6,7.031841254627134e-6,-1.1506682297995908e-5,-1.4102581159547479e-5,8.117275043657616e-5,-8.128402374718442e-5,-4.745628498020544e-6
0.002363545067886763,-3.844228334183083e-5,-2.6572215394917708e-5,-5.696975092469527e-5,-1.1754015324989962e-4,-1.8729301102493864e-4,-1.5003400391078997e-4,-7.753419927461453e-5,-1.0641312524721331e-5,-4.172540418380793e-5,-1.8751046029871694e-5,-1.1810017514383528e-4,-8.842722814635882e-5,-8.149500354315655e-5,1.983823716349028e-5,8.629634642493063e-6,-5.7149492668427205e-8,-4.0169343231747245e-5,-3.400760294515382e-5,-1.7456669947438895e-6,-9.499937527647163e-6,-4.157762711281433e-5,-8.544375462969519e-5,2.4560235221791242e-5,-3.3287225603460726e-5,2.5578582052185944e-5,1.7093220820464616e-5,5.212824373898744e-6,-8.040592073870774e-5,2.37143504780736e-4,5.567962982090566e-6,-2.613696895447113e-5,1.2058234393237462e-5,-5.557786664717464e-5,1.4733405729263452e-5,7.620300413759159e-7,1.522667348112386e-5,3.630748461709752e-6,8.451321632038354e-7,-9.757038302104851e-8,3.744105329856555e-6,-6.2322980311183735e-6,-1.7008028287493336e-6,2.9471558544833624e-6,-2.767025236874497e-6,-1.0533165625724097e-5,-5.5591895508938794e-6,1.7045705749356838e-6,-8.226041347511894e-8,-6.640246601425727e-6,-1.3731542365738623e-6,-1.0060772887845493e-4,-3.475288312528294e-6,-1.0641798777711318e-4,1.680803514360512e-5,6.120734007204061e-6
4.2081347156356925e-4,-7.945186218662937e-7,5.874715278607551e-5,6.325443890808837e-5,8.036856433935307e-5,4.738333315190403e-5,3.879998565239395e-5,3.4243098149810705e-5,5.677443658094474e-5,3.8712696080588485e-5,2.0308894395744593e-5,5.232417992472488e-5,3.0273137087376376e-5,8.092460511115096e-5,-7.694704963337212e-6,-2.839843645605384e-6,1.1283740979766013e-8,4.17908572362997e-5,1.664637935557864e-5,2.016012295600858e-6,4.5404691066875905e-5,-4.996118138073099e-6,5.0633184647965423e-5,-5.924001445685998e-6,2.366482895650262e-6,-6.6572045152503244e-6,1.9102949647967977e-5,1.8222031473104924e-5,2.970416396385129e-5,5.567962982090542e-6,6.968212179422657e-5,9.703642619840874e-6,3.323081159430171e-5,3.992004743189736e-5,-1.8748281009236155e-5,8.660665482567971e-7,3.707283576801404e-6,8.386159604699595e-7,1.455581425076189e-6,-1.1952345852155712e-8,1.2496702105334707e-6,-1.209905670416193e-6,-2.3601058951711586e-6,-9.812137729054007e-7,-1.513491502217054e-6,-8.740480607947887e-7,4.6581552088049596e-7,1.124782085456893e-6,-5.573115641417562e-7,-1.2226064486830906e-6,2.6743522918161544e-6,-3.816868441372204e-5,2.021700084495489e-6,9.499830352309824e-5,-2.7646916729634145e-5,-1.2703964260136134e-6
-0.0015051497964585383,1.2822496492417968e-5,3.2320923867149045e-5,6.268299497363394e-5,1.021899199716425e-4,1.1454303907197559e-4,4.0750283796360836e-5,5.238086058632822e-5,1.1535696009127547e-5,1.7419393455061535e-5,1.748772948263969e-6,-8.530394946711622e-5,-4.118322245276388e-5,-1.233985425623418e-5,-5.875549118758827e-5,-1.0536353154877777e-5,1.0579957210775534e-7,3.079881746779385e-5,3.079972456377748e-5,-1.0755631762536375e-5,4.8155255674031557e-5,2.6435847344639977e-5,6.0103468192039585e-5,9.375508361017598e-6,4.571284913187515e-6,6.438004094831523e-6,1.4594376025684991e-5,3.467753798983727e-5,-4.1847687085009155e-6,-2.613696895447113e-5,9.703642619840857e-6,1.1415527962236413e-4,4.557043499066839e-5,4.178741961536542e-5,2.2925096328347522e-5,-3.8674039584943453e-7,1.4362215116031796e-5,-6.746166869976901e-7,-1.907986471213073e-6,-7.180569966717169e-8,-2.500066452530007e-6,-3.327956411793106e-7,-2.6036187653452923e-6,2.4613464355011534e-6,6.563654042640825e-6,-5.208601223381595e-7,-6.691634748237277e-7,3.944976662166778e-6,7.0494277843986855e-6,9.117032012252803e-6,-1.338624375242622e-6,1.4375210847532666e-5,-9.246427919817969e-6,7.542098461453588e-5,8.95772572101259e-5,-5.192902950311368e-6
4.123835789204534e-4,-4.0381369899494056e-5,-9.338627890973273e-5,6.989309142127516e-5,8.832884170309816e-5,5.920377203748751e-5,-3.4569291108233026e-5,-4.339797989227467e-5,-2.8550107442671414e-5,-8.426015535041063e-6,-3.962766918870626e-5,-1.2025198964743134e-4,-2.607720075297166e-5,-1.224869164601006e-5,-5.082557787455684e-5,-1.2363644709376287e-5,8.110502053211951e-8,8.917968361882662e-5,1.0151635369414524e-4,4.4002136694734237e-5,1.0408667118880384e-4,4.864164411721061e-5,1.4242447738135094e-4,-7.416929263214074e-6,3.388205174780578e-5,-2.9888132984066222e-5,5.907761870811133e-5,9.486379076829103e-5,5.660892815924701e-5,1.2058234393237476e-5,3.323081159430173e-5,4.557043499066835e-5,2.0913110450780686e-4,7.835370781493709e-5,-1.4446340419861927e-6,5.08808231623013e-7,-2.9634428575226767e-6,2.2055818128390698e-6,-4.6991157920412235e-7,2.0205965564370728e-6,-2.7133889286699393e-6,1.1159515337694575e-6,-1.863391476165383e-6,5.30224979544895e-6,3.763913024961269e-6,-5.903027165841908e-6,2.614610669670388e-6,3.2414828723864265e-6,4.839417707462117e-7,7.692270425601766e-6,5.321839602545109e-6,-2.7649015333254377e-4,-1.2118894156840822e-5,1.0478346624526579e-4,-7.986103689552307e-5,3.961596556754077e-6
-3.5516870337261834e-4,-5.222891235550679e-5,-5.2604338299452985e-5,3.001662274004341e-6,3.3521027023373977e-6,5.424529893635479e-6,1.0349347895320957e-5,1.7992998370100838e-5,-3.258649592032121e-5,1.5447501878341128e-5,-2.1826449408049512e-5,-3.5614979925824e-5,-1.9311719622430743e-6,2.4284669333649795e-5,-5.469489479127403e-5,-1.1041896789548266e-5,7.103541346989853e-8,1.0621802383341307e-4,7.216459041438048e-5,2.3821178028051307e-5,1.0425932751074471e-4,3.239455269534234e-5,1.4349421522243802e-4,-3.181550107077488e-5,3.0052320453225106e-5,-1.3713350454831602e-5,2.233131953080566e-5,4.384485308834836e-5,1.0676566688600045e-4,-5.557786664717466e-5,3.992004743189735e-5,4.178741961536547e-5,7.835370781493702e-5,1.7997096479516677e-4,-5.854050996887039e-5,1.266732833850497e-6,-2.070404051760718e-5,-1.2104900925391426e-6,-2.1523546876702495e-6,1.737877780700373e-6,-1.444070476174326e-6,1.8097027297346915e-6,2.42053828483225e-6,-2.155837098238688e-6,-5.49009084336341e-7,-5.361708800114107e-6,5.244321887306706e-6,-1.725613091159231e-7,-3.4206340765865287e-6,6.657851967711057e-6,6.032415044847934e-6,-4.056201198657521e-7,-9.349288922338631e-6,5.170227861356336e-6,6.758062854642216e-6,-1.9531386669928855e-6
-0.0011034905945246083,2.4596294243512808e-5,-9.735846091017137e-5,-4.098015960958781e-5,5.3082979664068764e-5,2.080143027829646e-5,-5.0486962915476315e-5,-1.376086885428204e-4,-2.040581839071617e-4,-2.5408688161113137e-4,-1.4476035444926423e-4,-1.493064871734173e-4,-1.221203664094481e-4,-5.5778286033555416e-5,1.2907610628163318e-6,-3.7411456737755222e-6,6.333093012272794e-8,-7.504078871874472e-6,-1.0163838425025964e-5,3.568799066793442e-6,-2.621409953111773e-5,1.7704973206992376e-5,-5.383058221042791e-6,6.168155571402603e-6,4.605695338820884e-6,1.6246807828448605e-5,1.2664293701144217e-5,1.4822826432500343e-5,-2.9636337218464685e-5,1.4733405729263357e-5,-1.8748281009236135e-5,2.2925096328347573e-5,-1.4446340419861704e-6,-5.8540509968870327e-5,2.647254195275572e-4,-6.440349043693332e-6,6.308594389437959e-6,-3.0483355656065152e-6,3.2470328852358247e-6,1.185040626293384e-5,-3.748921194802995e-6,6.711895927893933e-7,-3.8127843260282035e-6,4.543938177436342e-6,2.5734784969400146e-6,-5.997416679347437e-7,-4.645687934593671e-6,3.3492622226178935e-7,-8.448733975673075e-6,5.36947058918077e-6,-1.012247441771591e-6,-1.1995656219029955e-4,1.7610213458283746e-5,-7.004128565876471e-5,7.052139918362571e-5,3.916589400989273e-7
-1.4195921631877263e-5,2.4135786430615447e-7,1.8050962455068888e-6,2.5486837184386583e-6,-8.553401973814709e-7,-4.1222723517412034e-7,5.35706885220758e-7,3.2222050965141343e-6,5.7278539625518745e-6,6.2635916203117904e-6,4.906751950467342e-6,6.0490792006809046e-06,6.582754367497131e-6,3.2149956111297845e-6,-2.1042448593144147e-7,2.598556864980312e-7,-3.4761830106164545e-9,-8.386483660841464e-7,-1.0206048996979466e-6,-1.3171224349305046e-6,7.853705316621007e-7,-8.008606260739291e-7,-2.069634646324801e-6,2.556705605366026e-8,-9.604935605527497e-7,-1.1625369859703553e-7,-1.874587654969756e-7,9.623702479841848e-7,-1.119780927030948e-6,7.62030041375926e-7,8.660665482567965e-7,-3.867403958494368e-7,5.088082316230145e-7,1.2667328338504957e-6,-6.440349043693336e-6,2.624272503159913e-7,1.0222647829712631e-6,2.3926371976730685e-7,4.758523171378963e-8,1.0926451223915791e-7,7.729877037178679e-8,-4.9347211163900885e-8,-1.1193513305740117e-7,-5.223489532279049e-8,-1.5146184660086128e-7,8.268891544271861e-8,-1.7073838798972894e-7,2.0365387190424218e-8,2.451832985127823e-7,-1.298255833320439e-8,-8.172870632222424e-9,2.587526646906108e-6,-3.8543802733182355e-7,-2.038222790502514e-6,1.5934170665004422e-6,2.7514403370181813e-8
-7.333970984197914e-4,4.9688912571543956e-5,5.137156702383914e-5,4.6301546698253016e-5,5.577339985803666e-5,1.0114592099650926e-4,3.623918934987305e-5,6.093754274656931e-5,6.046528048409796e-5,3.489371825208521e-5,3.440825471868636e-5,3.732798861917616e-5,6.487532994501111e-5,3.8232198659229186e-5,-2.164233217223246e-5,-2.2033938415021445e-7,-5.985384916017495e-9,-4.792321125318222e-5,-3.261384607092451e-5,-2.9115472470255673e-5,2.02662419442785e-5,-1.8303327370300465e-5,-6.068642672693507e-5,5.003394099533124e-6,-2.2931884164624868e-5,9.644091965974322e-6,-9.618976845256433e-6,2.1792051127186524e-5,-6.22224302430072e-5,1.5226673481123856e-5,3.7072835768013895e-6,1.4362215116031771e-5,-2.96344285752268e-6,-2.0704040517607187e-5,6.308594389437893e-6,1.0222647829712659e-6,6.642231731701969e-5,4.46257457818402e-6,-3.5632718460790493e-6,6.025623013171098e-8,-4.1016527769995716e-7,1.240263534019846e-6,-4.1228263534947705e-6,1.912587951630612e-6,1.6001144628067043e-6,1.56504139456422e-6,-4.080509700934709e-6,8.050324862182069e-7,4.5109628199231435e-6,6.4973792439144255e-6,-2.5026124527322094e-6,-9.911789130947838e-7,-5.700967594976825e-6,-5.800090507367992e-6,-1.7092479154811526e-5,2.089558491328124e-7
3.789591581221466e-4,5.529919472544524e-6,-2.305836625100618e-5,-2.4073259895294872e-5,-3.5966304237713846e-5,-2.3165987752341314e-5,-2.1544730873208924e-5,-6.751622990399686e-6,-1.3341705401213098e-5,-1.3720413171595897e-5,-2.9395259809719057e-6,-1.7162461409459874e-5,2.1916062897545346e-6,-8.839661759022722e-6,-1.6086804295551818e-6,5.57196241222835e-7,-6.8455104359308986e-9,7.312453395645168e-7,4.501370608057849e-6,6.485370810278136e-7,3.1596800788117773e-6,-7.976231793196615e-6,-8.385196381752692e-6,-9.718270703164694e-7,-2.3907368360599247e-6,3.9121896731260086e-6,2.3795791166962487e-7,2.066986952311891e-6,-7.359367094976986e-6,3.6307484617097502e-6,8.386159604699611e-7,-6.746166869976976e-7,2.205581812839072e-6,-1.210490092539136e-6,-3.0483355656065356e-6,2.392637197673072e-7,4.462574578184015e-6,7.877182630359621e-6,-5.150907808123556e-6,-4.350806820938091e-7,-1.4651606969452226e-6,2.0438283657184543e-6,-1.0792951140471605e-6,-2.538272632094541e-7,-1.356223769395355e-7,2.687333524098636e-6,-1.6316373716026422e-6,1.1467347330859189e-6,-1.2318533574234293e-6,-1.129615230408638e-6,-1.7721365623756017e-7,-4.447266214889615e-5,1.6363847552392935e-7,-7.430060910608144e-6,8.517213198933993e-7,4.289222661704268e-7
-4.811501315393649e-4,6.567732526539365e-6,2.8743963893861943e-5,4.489919875039852e-5,3.2614988416376636e-5,2.7318058776317304e-5,2.4381462440601416e-5,2.681430352864317e-5,4.597178822635648e-5,5.296295388521583e-5,5.3606727129885865e-5,5.33071091745537e-5,4.778932367026867e-5,4.8562064898398443e-5,1.8169789063341224e-6,1.4160846179717644e-6,-1.1996071939635827e-8,-5.041138832330739e-6,-1.3638927240927803e-5,-7.251438546984919e-6,-5.146240220222709e-6,8.240867963950939e-6,-7.346873034477358e-7,1.6706370641626036e-6,-9.748859342915164e-8,-2.4501507970348613e-6,-3.8882730284544765e-7,2.396078202544533e-6,6.444386820767669e-6,8.451321632038334e-7,1.4555814250761863e-6,-1.907986471213071e-6,-4.69911579204127e-7,-2.152354687670249e-6,3.2470328852358345e-6,4.758523171378947e-8,-3.563271846079049e-6,-5.15090780812356e-6,8.409778423487714e-6,7.710190623310893e-7,2.0215626370742388e-6,-2.2070130493830423e-6,-5.8907521699488e-7,-5.547798167468031e-7,-2.575865648344311e-6,-2.095202833634586e-6,1.2016175101177933e-7,-8.063472584764079e-7,8.894287711035107e-7,1.323483370868411e-6,2.940980255405946e-7,3.641538991178423e-5,-3.3380632416101257e-6,-1.411190878540505e-5,-3.4496324445306665e-6,-2.401890925333583e-7
-0.0012714656962192314,-9.381672355822563e-6,-2.5817376187887072e-5,1.5124078583581355e-5,2.2659148571004987e-5,-4.10211948552174e-6,-1.8478881157750256e-5,-2.8835385752919473e-5,-4.676279138508678e-5,-7.810938924848898e-5,-3.762407603590099e-5,-2.0017337443689854e-5,-3.7990289478423146e-5,-7.949288203333312e-6,-1.7289983310132131e-6,-3.0149960241021925e-7,3.345230581043026e-9,8.576065825402859e-7,3.145781556921189e-6,-5.574595727901859e-6,-6.719095594057111e-7,-4.831549663234175e-6,5.606658962625781e-6,2.3795183086777057e-6,3.3832536072789235e-6,6.282165148874628e-6,-1.960282893871496e-6,2.435423110497933e-5,-1.051563891359439e-5,-9.757038302104458e-8,-1.1952345852158232e-8,-7.180569966717713e-8,2.020596556437067e-6,1.737877780700377e-6,1.1850406262933822e-5,1.0926451223915828e-7,6.025623013171124e-8,-4.3508068209379147e-7,7.710190623310898e-7,2.464328568130584e-5,-1.4377238431000793e-6,-1.3845964522142425e-7,6.68580945200805e-7,1.1798350243692116e-6,1.5959777410223103e-7,2.413614032899232e-6,-4.653523567914438e-6,-1.2934211251042533e-6,-7.0036589617777305e-6,3.600819987066698e-6,1.4574345700068653e-6,-7.275679492991339e-5,5.138995608438816e-6,-5.3186047628559945e-5,4.234826777436317e-5,2.7259975755563334e-6
1.1530874790729747e-4,-1.1641812642492477e-5,-1.1704904227614271e-5,-9.23204148808811e-6,-7.329361506222725e-6,-6.164230349964798e-6,5.691194740705676e-6,-7.903884925271445e-6,5.0214270544563636e-6,2.488126552742098e-6,-4.158201944382763e-6,-8.444513322474829e-6,-1.7531521389884252e-5,-8.47653235050764e-6,4.0514497717246995e-6,1.2190077746635973e-6,-1.1267149411966152e-8,-3.825620130554079e-6,-6.54389041999875e-6,-6.867938643496251e-6,-3.704159029299402e-6,-7.7028972011213e-7,-2.418839084970787e-6,2.1336431912785738e-6,-1.9275918951658405e-6,2.5876027401652174e-6,-1.893272540060711e-6,-3.924668603993949e-6,-1.2333303267283844e-6,3.7441053298565502e-6,1.2496702105334703e-6,-2.5000664525300095e-6,-2.7133889286699393e-6,-1.444070476174331e-6,-3.748921194802975e-6,7.729877037178687e-8,-4.1016527769995726e-7,-1.465160696945227e-6,2.0215626370742383e-6,-1.4377238431000706e-6,7.397166507251099e-6,-4.180238127668949e-6,-1.6388649488924915e-6,-9.102541826311034e-8,-1.2403790738067659e-6,-2.096871881536426e-7,-2.557569200828091e-7,5.6617777405109637e-8,-1.6597499437886527e-6,-9.267061467006499e-7,-5.112371331068196e-7,3.037933106080356e-5,5.227552320019541e-7,-1.8948958581301892e-5,-6.407187180039852e-6,-1.1578177172803136e-6
-4.1198965913778247e-4,1.365317011695066e-5,2.5743520955784463e-5,1.3418441082496952e-5,1.2413054040450049e-5,2.3425588201897003e-5,1.149944753306396e-5,2.620540026575833e-5,1.3922757966747006e-5,1.592191535154724e-5,2.463083919999047e-5,1.7230569185737265e-5,2.301958039416022e-5,7.56971230211346e-6,-6.213497458373382e-6,-1.6670075574732994e-6,1.738973148079027e-8,8.8938498448701e-6,1.1405387820203042e-5,1.0261682499344548e-5,2.537330664589567e-6,-7.252449578229231e-7,5.1861704278694615e-6,-8.529749422321533e-7,4.792298546631292e-6,2.2571321717150367e-6,1.4043843197502868e-6,3.198080036047912e-6,4.434329649035654e-6,-6.232298031118361e-6,-1.209905670416195e-6,-3.327956411793087e-7,1.1159515337694535e-6,1.8097027297346953e-6,6.71189592789366e-7,-4.93472111639012e-8,1.2402635340198484e-6,2.043828365718526e-6,-2.207013049383046e-6,-1.3845964522143884e-7,-4.1802381276689775e-6,7.288374826553558e-6,-5.442950082618199e-7,-8.052749736376648e-7,1.1153984332458296e-6,1.3428488291990698e-6,5.188166581768794e-7,1.9996684484962232e-7,-4.6699352716105787e-7,1.6338977151442417e-6,-7.377151066115017e-7,-8.882555079004835e-6,6.287335986849643e-8,-2.314260435068703e-6,-1.2735181223541477e-5,7.632446938806316e-7
1.8526086588047268e-4,7.010350797771769e-6,-1.7783551959059212e-6,-1.251327798851604e-6,1.4977855103861706e-5,9.190972509761067e-6,1.8236736473875895e-5,6.920348994940687e-6,-9.334517010222673e-7,4.171196150788787e-7,7.354663044310894e-7,1.534464501258025e-5,5.65417509135808e-7,8.986334664982594e-6,3.47299140071412e-6,-7.134873052425758e-7,6.993331396256939e-9,-1.2797478536073865e-7,4.490507987813931e-6,-1.1881213150188243e-6,-4.4290816420654925e-7,2.986931058176895e-6,5.906562576864323e-6,-1.1352778904897343e-6,3.164627341767823e-7,-1.6089069801011888e-6,-3.3426166424565707e-6,-1.2727739916931445e-6,5.6683399146014164e-6,-1.7008028287493325e-6,-2.360105895171156e-6,-2.603618765345298e-6,-1.8633914761653843e-6,2.4205382848322454e-6,-3.812784326028178e-6,-1.1193513305740158e-7,-4.122826353494773e-6,-1.079295114047172e-6,-5.890752169948856e-7,6.685809452008177e-7,-1.6388649488925006e-6,-5.442950082618378e-7,5.472228738100317e-6,-5.982601386860256e-7,2.224150320025703e-7,-1.8900557317196527e-7,8.675147600629213e-7,-1.3571728997364665e-6,-2.4499361577540584e-7,8.013429609696444e-7,-3.6108106819868043e-7,-2.6589422789123592e-5,1.570585310870963e-6,-8.146161921500528e-6,1.783408721949941e-6,6.231604578402631e-7
2.183539307638648e-4,-1.1776048308043914e-5,-3.420402365639483e-5,-2.309078983931339e-5,-1.7659168589040414e-5,-2.9846113211943318e-5,-4.1025176953159503e-5,-3.92456167673875e-5,-3.892755723156072e-5,-3.960705074826986e-5,-4.663612095385647e-5,-4.9011111389890796e-5,-4.0516120596837126e-5,-3.344787534102225e-5,1.445107425457371e-6,-2.387214791433537e-7,-3.755896911411622e-11,1.8416482467555258e-6,4.6419227976569545e-6,2.2449151811201125e-6,7.701846171786194e-7,2.296556679836473e-6,1.8828744978815234e-6,-1.981145171666781e-6,1.1967319745093811e-6,-1.7384090974338867e-6,2.2611631732296274e-6,2.514911509536846e-6,-3.1551193069134573e-6,2.9471558544833607e-6,-9.812137729054018e-7,2.4613464355011534e-6,5.3022497954489556e-6,-2.1558370982386887e-6,4.5439381774363496e-6,-5.223489532279092e-8,1.9125879516306124e-6,-2.5382726320945475e-7,-5.547798167468078e-7,1.1798350243691915e-6,-9.102541826311415e-8,-8.052749736376746e-7,-5.982601386860205e-7,4.239684005472053e-6,1.8840578433201723e-6,-5.240845157664944e-7,-2.516784476347702e-7,2.276455408443791e-6,-1.1585853538903281e-6,-1.4871527737786467e-6,-9.760956518236289e-7,-2.8512630765304497e-5,-6.038225758454717e-7,-1.490419772807186e-7,4.4444190992434965e-5,-9.705185189683995e-7
1.5895314243912571e-4,2.9493694020959085e-6,7.653573094509934e-6,6.989693045992095e-6,1.9298828159956492e-5,1.794873609738423e-5,2.1647609939600367e-5,2.637135995174694e-6,4.821028250534188e-7,-1.3901812393612744e-6,-1.0627715875153038e-5,-2.0421712033610397e-6,-2.238020921048774e-6,4.1868939702720875e-7,-3.0221562657481035e-7,-1.9875115731798026e-6,1.831739140466102e-8,6.978532686172708e-6,1.1735238143648702e-5,9.748815985773258e-6,2.900140254880805e-6,-6.463989282660438e-7,1.0251596835171241e-5,1.6781391878708782e-6,1.599228193250317e-6,-1.8104273573666806e-7,1.712295782226199e-6,4.1448553325332505e-6,-2.2258136929515158e-6,-2.7670252368744954e-6,-1.5134915022170533e-6,6.563654042640824e-6,3.763913024961276e-6,-5.49009084336343e-7,2.5734784969400392e-6,-1.5146184660086133e-7,1.6001144628066988e-6,-1.356223769395302e-7,-2.575865648344306e-6,1.595977741022263e-7,-1.24037907380677e-6,1.1153984332458738e-6,2.2241503200257004e-7,1.8840578433201596e-6,7.488713983216262e-6,-9.973821355989942e-7,-2.9871030382507875e-7,1.4472319098941791e-6,-9.130048230188444e-7,-1.6136463177125356e-6,-1.0983739219756639e-6,-3.3941756383488773e-5,1.3080269301156779e-6,2.6268999780893192e-5,1.09751211396892e-5,-9.012853095314312e-7
-0.001449214751348405,-4.188273240854752e-6,-3.337569841138148e-5,-1.1440503743820639e-5,3.75458607825301e-6,3.154035018926645e-5,2.5227998881244846e-5,2.59485740003946e-5,-2.5721558270378442e-5,-2.0906845109341644e-5,-9.268085873475111e-6,-4.564511752483365e-6,-1.412822200833801e-5,-1.4086167317103323e-5,-9.533013088975394e-6,4.347653836172567e-7,-7.166612884134774e-9,6.678391975258417e-7,-2.9448798816104246e-6,9.480095474661041e-7,1.1394719122539183e-6,6.854616733532042e-6,-4.515028211968366e-7,1.0554458725654373e-6,-1.935570432180234e-6,4.790713589047384e-6,1.1044265301786192e-6,1.0741494257964488e-5,1.296774892402943e-6,-1.053316562572409e-5,-8.740480607947858e-7,-5.208601223381564e-7,-5.903027165841901e-6,-5.361708800114106e-6,-5.997416679346812e-7,8.268891544271765e-8,1.5650413945642214e-6,2.6873335240986816e-6,-2.095202833634589e-6,2.413614032899291e-6,-2.0968718815362698e-7,1.3428488291990983e-6,-1.8900557317196114e-7,-5.24084515766503e-7,-9.973821355989873e-7,1.9848965230585208e-5,-1.7589074830638622e-6,-1.309615660956109e-6,-4.848284238137528e-7,3.176914756330713e-6,-2.986860809386246e-6,-2.1048903424210847e-5,2.604799425034061e-7,4.218353894340934e-5,2.2893058503186624e-6,-1.8313652414140375e-6
5.648613254272788e-4,-4.257280991945075e-6,1.753121761309995e-5,3.685858331186405e-6,-5.787386440698494e-7,-1.5113940718874483e-6,3.805689917043128e-6,1.0852724933072873e-6,-1.7568826521722567e-6,5.29052170240645e-6,-1.114281924947194e-5,-1.2333622635670624e-5,-5.782400263989134e-6,-4.141884384397206e-6,3.2941871025968704e-6,-1.2374814302153575e-6,1.0842026283758172e-8,7.929698134298244e-6,8.833745018441687e-6,7.040029977495702e-6,4.368029608916684e-6,3.0233872604423317e-6,1.2070737479717774e-5,-9.307413502962464e-7,4.371142615580158e-6,-4.601698729833543e-6,6.597834903200464e-7,-7.048566243241335e-6,1.2699338484408801e-5,-5.5591895508938794e-6,4.658155208804958e-7,-6.691634748237328e-7,2.614610669670386e-6,5.2443218873067075e-6,-4.645687934593627e-6,-1.7073838798972984e-7,-4.080509700934711e-6,-1.6316373716026863e-6,1.201617510117913e-7,-4.653523567914451e-6,-2.5575692008282056e-7,5.188166581768653e-7,8.675147600629231e-7,-2.516784476347767e-7,-2.9871030382508314e-7,-1.7589074830638753e-6,4.675913915137777e-6,-8.596155392804428e-7,1.6171202565172658e-6,-2.7873495952957283e-7,6.312196294291484e-7,-3.246906404786991e-5,-2.2531869637197554e-7,2.5861715945599374e-5,-9.646653986967488e-6,-6.524989143991022e-7
2.4904866960063127e-4,-2.139462541403145e-5,-2.4143324225418607e-5,-2.3619043349927406e-5,-2.956563041958794e-5,-3.3614946634127945e-5,-4.590655291859163e-5,-3.392240613489508e-5,-2.378347742104478e-5,-2.353883672280157e-5,-3.363354885398845e-5,-5.057079867169169e-5,-4.518394551920394e-5,-3.694857889697525e-5,-2.5469506745392236e-6,-3.9204002639320434e-7,2.228185913923337e-9,4.214647487054811e-6,2.5580896879066248e-6,3.4209669186978124e-6,2.785461080405032e-6,-5.406457963359157e-9,-2.877438353865002e-7,-1.0180906186927202e-6,8.634735168080304e-7,-8.794721591532437e-7,2.5401059544340458e-6,2.398622569714605e-6,-4.0700108311058935e-6,1.7045705749356846e-6,1.1247820854568912e-6,3.9449766621667805e-6,3.241482872386424e-6,-1.7256130911592375e-7,3.3492622226178014e-7,2.0365387190423646e-8,8.050324862182077e-7,1.1467347330859265e-6,-8.063472584764141e-7,-1.2934211251042442e-6,5.6617777405097e-8,1.9996684484963773e-7,-1.3571728997364652e-6,2.2764554084438005e-6,1.4472319098941673e-6,-1.3096156609561081e-6,-8.596155392804409e-7,5.821219779347087e-6,-8.360559057975875e-7,-3.039901799269659e-6,-9.433742032196963e-7,-4.685408925573235e-6,-2.480663599007259e-7,-5.6240690538406645e-6,1.1143110966773095e-5,-1.2326917653922045e-7
2.9581199990554435e-5,-2.9825755199618553e-6,3.353292524380964e-5,1.1493110965243303e-5,1.8612825400616417e-5,2.7269122579167576e-5,2.007042144450566e-5,3.4405861533486214e-5,4.4178383795385293e-5,5.6150929224583716e-5,3.303803399754346e-5,1.3033237639175924e-5,3.7120111626407774e-5,1.6308480189642986e-5,-4.253435174530345e-6,4.3661714282287187e-7,-3.635125120645806e-9,-8.088873379996205e-6,-5.309251017247052e-6,-3.3714874974744567e-6,4.264439162046157e-6,2.959443778669714e-7,-1.002292107072091e-5,2.488375579585355e-6,-4.375942108518902e-6,-4.262555996401018e-6,9.506478943220409e-7,-5.2179552272306405e-6,-6.840331626652679e-6,-8.226041347512065e-8,-5.573115641417534e-7,7.049427784398671e-6,4.839417707462082e-7,-3.420634076586529e-6,-8.44873397567306e-6,2.451832985127819e-7,4.5109628199231435e-6,-1.2318533574234262e-6,8.894287711035124e-7,-7.003658961777721e-6,-1.6597499437886658e-6,-4.6699352716104e-7,-2.449936157754079e-7,-1.1585853538903292e-6,-9.130048230188658e-7,-4.848284238137722e-7,1.6171202565172556e-6,-8.360559057975789e-7,1.0485555239210306e-5,-3.277088794691552e-7,4.7420875598100494e-8,1.700089947371538e-5,-1.3582195992772633e-6,7.152950744875227e-5,-3.861259091564622e-5,-9.744523248284128e-8
-0.0026615383697357444,5.944989034201551e-5,5.418819339722594e-5,1.1143951615779111e-4,1.0622953181528186e-4,1.2096516476383072e-4,9.588635170506513e-5,8.426061473589097e-5,7.503251019960233e-5,6.288182232340675e-5,9.586996258393835e-5,9.756806414239411e-5,8.471523457671198e-5,8.706503128664315e-5,-1.3501777228962962e-5,-1.0691500723100554e-8,-2.1009992895471596e-9,-5.549300365682153e-6,-4.9325854865101706e-6,-3.9044578505687765e-6,4.847437496017169e-6,5.3349444308832165e-6,-7.669135994960204e-6,2.2062080435054743e-6,-3.050241917001035e-6,6.515898330736512e-6,3.5507201466768405e-6,1.432331426210462e-5,-6.219528024107837e-6,-6.6402466014257445e-6,-1.2226064486831035e-6,9.1170320122528e-6,7.692270425601754e-6,6.657851967711067e-6,5.369470589180784e-6,-1.2982558333205823e-8,6.49737924391443e-6,-1.1296152304086683e-6,1.3234833708684942e-6,3.600819987066766e-6,-9.267061467005278e-7,1.6338977151440829e-6,8.013429609696332e-7,-1.4871527737785298e-6,-1.6136463177125202e-6,3.1769147563306137e-6,-2.787349595296839e-7,-3.0399017992696544e-6,-3.2770887946928163e-7,2.932660340014666e-5,-9.581960741362985e-7,-3.479846593823899e-5,-9.433091206081319e-6,-8.399516899688629e-6,2.4099464647809002e-5,-7.924223260213136e-7
8.640792752706428e-5,-9.135459382304196e-6,-2.020665836834059e-5,-5.589025107275695e-6,-1.668915444439564e-5,-2.9050674372134918e-5,-2.298535021672243e-5,-2.3708874797860172e-5,-2.0615133027592693e-5,-2.667826393688726e-5,-2.573830153060423e-5,-2.03547350481323e-5,-1.9345764272796e-5,-1.4518253399496699e-5,1.7309365726946275e-6,-6.311348658556416e-7,5.267687064339924e-9,6.6330616012217295e-6,6.638582819941882e-6,5.477348950280908e-6,9.72623961917203e-7,-4.8205444361999376e-6,9.252121253764376e-6,-2.01857606841054e-6,1.4255277628272003e-8,-6.61891997028349e-7,-8.868145185850559e-7,-7.1308771289460245e-08,7.031841254627141e-6,-1.3731542365738668e-6,2.6743522918161527e-6,-1.338624375242626e-6,5.321839602545103e-6,6.0324150448479376e-6,-1.0122474417716147e-6,-8.172870632222028e-9,-2.5026124527322086e-6,-1.7721365623757036e-7,2.940980255405945e-7,1.457434570006861e-6,-5.112371331068342e-7,-7.377151066114909e-7,-3.610810681986719e-7,-9.760956518236265e-7,-1.0983739219756677e-6,-2.9868608093862442e-6,6.312196294291493e-7,-9.433742032196838e-7,4.7420875598089476e-8,-9.581960741362204e-7,4.8510758263997345e-6,4.051537417193688e-7,-2.5295042814998497e-6,-7.096984192038914e-6,-2.5478375353546177e-5,1.0059749527784152e-6
-0.02831762737344017,-3.4249284288320216e-4,-1.3556739736808498e-4,-6.492188902020165e-4,-7.851235173211579e-4,-5.357061627808031e-4,-3.992736662890561e-4,-2.409011882487972e-4,2.1986037335292138e-5,2.9727697297853676e-5,-3.3850050767472365e-4,3.547422778668765e-5,-2.895043267568156e-4,-6.997627773444166e-4,-2.9421139560603967e-5,1.0872472924401175e-5,-7.227181196425339e-8,-1.0901611868633007e-4,-2.9106327951271645e-4,-1.4984905235878476e-4,-1.1914678316845664e-4,1.1875378232260459e-4,-4.366690497868079e-5,8.794530245970406e-6,-3.384595680864635e-5,1.2669285532482497e-5,-3.960827968642353e-5,-2.1870764487285973e-4,-1.1506682297996445e-5,-1.0060772887845417e-4,-3.816868441372171e-5,1.4375210847534172e-5,-2.764901533325442e-4,-4.0562011986445425e-7,-1.1995656219030213e-4,2.587526646906087e-6,-9.911789130947584e-7,-4.4472662148892286e-5,3.6415389911785486e-5,-7.275679492991288e-5,3.0379331060805806e-5,-8.882555079003578e-6,-2.6589422789123056e-5,-2.8512630765303698e-5,-3.3941756383488265e-5,-2.104890342420892e-5,-3.246906404787307e-5,-4.685408925574443e-6,1.7000899473718435e-5,-3.47984659382514e-5,4.051537417184035e-7,0.005336742518169256,-4.650850918202707e-5,-0.0015706275975326976,3.845561281859414e-4,-7.683400266598368e-5
0.001057135194202024,-9.340087916167651e-6,1.1934634065412233e-6,-8.821507614948523e-5,-5.5307106352242914e-5,-4.5836178772113676e-5,-1.1995298187110218e-5,-4.7175879523658935e-5,-8.257795232913869e-5,-9.511653235342225e-5,-7.423790451612339e-5,2.891232552038028e-5,-2.5379926003259124e-6,1.6428411320473062e-06,2.5894479845276523e-5,1.6814855071495534e-6,-2.8075464907592124e-8,-7.54714036202629e-6,4.568551628442512e-7,2.9840030782295947e-6,-1.265931050974166e-5,-1.5993738499370683e-5,-8.097241968826112e-6,6.08759041583057e-6,3.942261845243682e-6,-4.027703301379562e-6,-4.759239907012705e-6,-1.3397519162822752e-5,-1.4102581159547477e-5,-3.475288312528297e-6,2.021700084495491e-6,-9.246427919817988e-6,-1.2118894156840815e-5,-9.349288922338633e-6,1.7610213458283837e-5,-3.854380273318253e-7,-5.700967594976821e-6,1.6363847552391963e-7,-3.3380632416101304e-6,5.138995608438831e-6,5.227552320019843e-7,6.287335986845908e-8,1.5705853108709558e-6,-6.038225758454702e-7,1.3080269301157029e-6,2.604799425033625e-7,-2.2531869637195407e-7,-2.480663599007233e-7,-1.3582195992772375e-6,-9.433091206081368e-6,-2.5295042814998293e-6,-4.650850918203174e-5,5.201439591478772e-5,7.742977977865363e-5,-2.5497390154715118e-5,1.2702554659260675e-6
0.013266113749923127,-1.103881289101338e-4,4.371642344224185e-4,1.6252484402112073e-4,5.216394217499804e-4,4.082275062221126e-4,5.381205243502186e-4,3.520777612103995e-4,2.616555273073734e-4,3.4586779894789116e-4,2.45219640588434e-4,4.1543370715583643e-4,2.926111888470085e-4,4.1214815903577195e-4,5.116031770453152e-5,-2.361922832196764e-5,1.2966125292499005e-7,7.57647345738149e-5,1.799431033776094e-4,1.5885623981116683e-4,9.8685388112585e-5,-3.3049624923338576e-5,2.1921895338536222e-4,-6.314884088153106e-5,8.3324466003509e-6,-1.4466964381262205e-4,5.8975276383071665e-5,5.589557966493481e-5,8.117275043657584e-5,-1.0641798777711318e-4,9.499830352309822e-5,7.542098461453569e-5,1.0478346624526564e-4,5.170227861356452e-6,-7.004128565876788e-5,-2.0382227905023754e-6,-5.800090507368065e-6,-7.430060910609689e-6,-1.4111908785404803e-5,-5.318604762855799e-5,-1.8948958581300663e-5,-2.3142604350726286e-6,-8.146161921499542e-6,-1.490419772808173e-7,2.6268999780893466e-5,4.218353894340997e-5,2.5861715945600705e-5,-5.624069053840787e-6,7.152950744875149e-5,-8.39951689968817e-6,-7.096984192038222e-6,-0.001570627597532871,7.74297797786537e-5,0.004285302383778327,-0.0014972929360320083,-2.1670576175796484e-5
-0.003726333412716202,-9.77571719964861e-5,-6.329798874798787e-4,-6.829887868615134e-4,-6.148660972325308e-4,-9.314241973395565e-4,-0.0010878699702533427,-0.0010511795721865511,-0.0011510528121368604,-0.0010987417016661114,-0.0010711661411986256,-0.001023724119616283,-0.001095622036556373,-0.0010120890175405292,1.0274307704722515e-5,1.6660204893635996e-5,-8.680565176891993e-8,-3.050780484684994e-5,-1.7564669335168443e-5,-7.869491306690154e-5,2.6138766148173413e-5,6.22656898541902e-5,-6.491775942782994e-5,-6.0968192574515055e-6,-4.167046812602998e-5,1.0027420697155736e-4,5.690024736337112e-5,2.1970898621607744e-5,-8.128402374718445e-5,1.6808035143605154e-5,-2.7646916729634128e-5,8.957725721012595e-5,-7.986103689552305e-5,6.758062854642218e-6,7.05213991836259e-5,1.5934170665004378e-6,-1.7092479154811553e-5,8.517213198934414e-7,-3.449632444530747e-6,4.2348267774363015e-5,-6.407187180039829e-6,-1.2735181223541616e-5,1.7834087219499042e-6,4.4444190992434985e-5,1.0975121139689404e-5,2.289305850318681e-6,-9.64665398696745e-6,1.1143110966773085e-5,-3.861259091564627e-5,2.40994646478081e-5,-2.547837535354621e-5,3.8455612818593163e-4,-2.549739015471495e-5,-0.001497292936032003,0.0033028901476014985,-5.79061460158564e-5
5.027896818418745e-4,1.139962331091173e-5,2.0490119813902535e-5,3.026274861356512e-5,2.035235628628252e-5,2.165751350643585e-5,1.6763174699113698e-5,2.3557576577517886e-5,2.2895764580191318e-5,1.8973471989177027e-5,3.1003637048671364e-5,1.7941983081332682e-5,2.438745835578657e-5,2.6144363853528283e-5,-1.702869221685691e-6,5.335940482762967e-7,-3.35451920046487e-9,-2.1501415276318353e-6,-1.168398611005483e-6,1.0576724150853916e-6,-2.8987543803868817e-6,-6.453659105430037e-6,-8.55008782542709e-6,6.058704851936009e-7,1.811192462130659e-6,-1.4870690807152346e-6,-2.8344514570114562e-6,2.006839194314584e-6,-4.745628498020548e-6,6.120734007204067e-6,-1.2703964260136136e-6,-5.192902950311381e-6,3.9615965567540805e-6,-1.953138666992886e-6,3.9165894009881515e-7,2.751440337018609e-8,2.0895584913281036e-7,4.2892226617033914e-7,-2.4018909253332384e-7,2.7259975755563554e-6,-1.1578177172802954e-6,7.632446938805481e-7,6.231604578402623e-7,-9.705185189684127e-7,-9.012853095315082e-7,-1.8313652414140146e-6,-6.524989143990762e-7,-1.2326917653922948e-7,-9.744523248279802e-8,-7.924223260211419e-7,1.005974952778432e-6,-7.683400266598437e-5,1.2702554659260068e-6,-2.1670576175799794e-5,-5.790614601585643e-5,5.929275727414158e-6
