(Intercept),year2010,year2011,year2012,year2013,year2014,year2015,year2016,year2017,year2018,year2019,year2020,year2021,year2022,gendermale,age,age_squared,relationship_statuspartnered,relationship_statusseparated,relationship_statuswidowed,food1,housing1,health1,water1,air1,healthcare1,security1,social_support1,respect1,education1,interesting_activity1,recreation1,occupation1,freedom1,personal_income,relative_income,country_average_food,country_average_housing,country_average_health,country_average_water,country_average_air,country_average_healthcare,country_average_security,country_average_social_support,country_average_respect,country_average_education,country_average_interesting_activity,country_average_recreation,country_average_occupation,country_average_freedom,gdp,growth,government_effectiveness,democracy,social_protection,personal_income:social_protection,social_protection:relative_income,social_protection:gdp,social_protection:growth
0.6854202552773081,-0.002662207536991501,-0.0027864019412539545,-0.007371924153613345,-0.007811222589101598,-0.0095035016547522725,-0.005291614349617709,-0.005694222303475405,-0.0032487933380736193,-0.002350428927882016,-0.005720385478769661,-0.0058052158864592245,-0.001287962732315405,1.4523252496881144e-4,0.0028778481762224916,7.525463719851153e-5,-9.572792471236998e-7,6.215643008510848e-4,0.002004947393534984,3.160765665821614e-4,3.178435979445689e-4,-0.0012822593505291539,-7.665293197798642e-4,-0.0010375767884850016,-3.163869210774653e-4,-0.0014812675227054537,-3.776311735205501e-4,-0.0026484320719804434,7.823410192921686e-4,0.0023036414805737418,7.265510209977472e-4,-0.0015757722288967302,3.2301922908062287e-4,-1.89284196892072e-4,0.0037582124940537657,-2.3660517584848503e-4,2.637224209498838e-4,-3.523792612705271e-4,-0.001312225373809352,2.578631884200486e-4,-5.239166608740424e-4,1.8944456086248575e-5,1.9098631385212135e-4,-1.0281182417558241e-4,-8.921285401941341e-4,7.585742036336433e-4,4.6079816102748345e-5,1.672969743665379e-4,-0.0025051312426864316,1.6356223649868465e-5,-0.036208700914267415,0.0015432958649847057,0.012958889816041786,-0.005323091451189301,-0.00303429307221094,-5.357867474590085e-5,3.4492820076252253e-6,3.5375423901319396e-4,-1.089530939768164e-5
-0.0026622075369922803,0.0014253774604487787,0.001127800378419824,0.001136267286244935,0.0011235614065198687,0.0012774449917312134,0.0012284933848518164,0.0011734550730114648,0.0010369479126737624,0.0010947150561070739,0.0012451603671247333,0.0013481442292929554,0.0012698352782545192,0.0012492659432406898,-3.3898613647398635e-5,1.128932974228813e-5,-9.028198291627841e-8,-7.506941654181021e-6,-8.810979833247283e-6,2.5188894139726246e-5,-5.504261854161747e-5,-1.7445028418416424e-5,-8.122946534698564e-5,4.5072567198909915e-5,8.563515780018304e-6,2.5478316282244765e-5,-1.766272337718105e-5,-4.847284418728616e-5,3.8433054241971235e-6,-5.9032715953341887e-5,-1.8407567345714724e-6,2.8832010241997152e-5,-4.4566702279669314e-5,-3.878445607131863e-5,-1.8961025292722012e-5,4.101062277537585e-6,2.2792070387123408e-6,9.432433771494573e-6,-2.890739012459768e-6,-1.4196791802854365e-5,1.4590725474607586e-5,9.245280800526552e-6,-9.44856890156758e-6,8.434580178178784e-6,-1.1696237360586084e-5,-6.098137708415378e-6,-1.9298092492807474e-5,-1.0068525613785714e-5,5.478206405900993e-5,-9.490190458197103e-6,-1.8053879410777726e-4,-1.7931015790315134e-6,-1.133833826968293e-4,4.9611572338048865e-5,6.097839264455716e-5,-1.3664175921987113e-7,-5.067592110292354e-8,-4.740945485057352e-6,-1.6623852911533325e-7
-0.0027864019412532116,0.0011278003784198117,0.0025608215313484024,0.001924779520676656,0.001770196898138317,0.0020255485697288334,0.00200041379395198,0.0019503062563277973,0.002030687636401018,0.0020830537654420995,0.0019355519097523956,0.00200069245372655,0.0019281856576302632,0.0017918277821447515,-1.3725042692022899e-5,6.964106498194008e-6,-3.0468706356589117e-9,2.231312637351962e-5,-7.411872359881449e-5,4.485108097348963e-5,-3.6150684990048974e-5,5.91803752534868e-5,-1.0357526013238567e-4,7.340852814319904e-5,4.079556303667287e-5,-5.722138885559835e-5,-2.4447073955204355e-5,-1.2151207209821889e-4,9.692197078554631e-5,-5.075719424591209e-5,7.087590029453845e-5,3.589586544997828e-5,-8.76327533036736e-5,-4.1639379794153774e-5,-1.32544039416182e-4,1.0396976706849244e-6,-2.4330266471151387e-5,2.8794731244649928e-5,-2.7970904171213366e-5,-6.486208150933915e-6,2.5860734285451585e-5,1.336581346653421e-6,-3.597609636077956e-5,1.0773596403399682e-5,-4.252985269544621e-5,1.7466241048484164e-5,-2.4463774422700293e-5,3.102650893321566e-5,4.85613307180783e-5,-1.897496794784465e-5,4.8707790582152864e-5,6.0099560656178325e-5,3.5628901341440937e-4,-5.856371497727014e-4,5.518450722940197e-5,8.680149373934129e-7,-8.974860907777196e-9,-3.964969551378705e-6,-1.3732074848032971e-6
-0.00737192415361398,0.0011362672862449373,0.001924779520676669,0.002735328082760444,0.0022649987954033043,0.002389145488855864,0.0020984862827145468,0.002004864773869386,0.002148953837375816,0.0020869840429200443,0.0019832379289793,0.0021177143248157,0.0019458561275531709,0.0020349478206508715,-3.773861146524142e-5,9.291047796561662e-6,-2.7174371885830727e-8,4.561215959149041e-5,-5.187330694483178e-5,3.155373865156508e-5,-4.520345685505877e-5,8.755799543340407e-5,-6.947868214174058e-6,3.359163751007125e-5,4.06545323504578e-5,-4.2993294710094565e-5,1.4837838279934016e-5,-1.587208768914076e-5,1.1157878160682147e-4,-8.40829448776001e-5,5.00981289747427e-5,7.246392318136885e-5,5.399649657962179e-5,3.4871741263138602e-6,-1.401280048238901e-4,7.7892919055193e-6,-2.987778603960964e-5,5.104342832801429e-5,1.8468126093536647e-5,-4.0976804556235235e-6,9.869184235537335e-6,1.2013742490793807e-6,-2.228111953097204e-5,1.0688260676650211e-5,-2.4137358347251117e-5,3.2499499759110417e-6,-2.062520979177879e-5,8.772434246702248e-6,1.0268247633807958e-4,-5.776676428119299e-6,-6.510371887132882e-4,-1.743679094853814e-5,1.0199791424027541e-4,-6.694877386179345e-4,-9.032449346505427e-7,8.011040093574849e-7,-8.749929059166865e-8,3.104850740977758e-6,-1.5536432237384853e-6
-0.007811222589101371,0.001123561406519863,0.0017701968981383232,0.0022649987954033004,0.003070422636776394,0.002601676962294936,0.002218705677286863,0.002110242574371049,0.002186897601119708,0.0020388629897637846,0.001957539966274637,0.0021706617324600036,0.0018698031038275901,0.002043510445876317,-6.255671017774806e-5,-1.4419347354122447e-5,1.6699891527900136e-7,1.083482646960902e-4,3.9761464872434195e-5,6.736454422481898e-5,4.615830067989359e-5,1.405134005021324e-4,1.0322713919972102e-4,-1.7774752257634873e-5,1.1547584992381738e-4,-1.6415327091455095e-5,2.4732705293363944e-5,1.9460754486593045e-5,1.431712259939775e-4,-1.6371272914968225e-4,6.599697260549245e-5,8.978004198827336e-5,6.531497130563463e-5,1.3694563565020752e-6,2.574142890514187e-5,1.7373807441278132e-6,-3.628835441950993e-5,3.586608806456808e-5,2.3498649481059528e-5,-2.0423808635149307e-6,1.0505221036746213e-5,1.5813620681529687e-5,-1.7372207208435637e-5,2.0858761303825664e-5,-1.242483295583564e-5,-1.9741795030396436e-6,-2.742844163148744e-5,1.3309097251545358e-5,1.0364327208486896e-4,-1.5572142161614328e-5,-7.053067371875398e-4,1.3532991509494402e-5,4.1167582259497935e-4,-5.830213781931945e-4,1.7941843464926968e-05,-1.105491196469019e-6,-3.232751036880449e-8,1.4408386789659027e-6,-1.5454512012696908e-6
-0.009503501654752373,0.0012774449917312115,0.00202554856972884,0.0023891454888558647,0.002601676962294936,0.003468222541926566,0.002765365953363664,0.00260096317644207,0.0024978897075765166,0.0024648327664745988,0.00246090505804811,0.002517743484931167,0.002334019428119076,0.00240981386779204,-1.900002073474991e-4,-1.031477360718442e-5,1.3713881149455135e-7,1.1289653465103468e-5,-7.322288179972173e-5,5.2794580347973945e-5,5.08652614937154e-5,7.111146637681884e-5,-2.2322390040527373e-5,7.408530888689462e-5,4.462387849875649e-5,2.9370313502923754e-5,-1.797014547251347e-5,-1.9540197018752193e-5,7.760835953831166e-5,-2.094185212961422e-4,4.592801858210217e-5,1.2282433778017067e-4,6.193274563136334e-5,3.103107069514468e-5,2.2585861863387266e-5,-1.5184530631141312e-6,-2.2984600235598582e-5,3.0063557595227e-5,-6.718859370726054e-6,-1.6120853304506155e-6,2.1246879266716578e-5,1.0968005518478946e-5,-2.9163109274225063e-5,1.7001511783059168e-5,2.5132933721382987e-5,-1.4019783287236677e-6,-2.928524144207719e-5,2.6762573395398588e-5,1.0984930695995065e-4,-2.911032039677263e-5,-6.745707879502805e-4,1.2203225269145697e-5,3.4432346235012325e-4,-8.455605027628167e-4,-2.155471171403515e-5,-6.31700738251305e-7,1.734542341962362e-8,4.8692890284966075e-6,-1.4342269859377168e-6
-0.00529161434961755,0.0012284933848518208,0.0020004137939519935,0.0020984862827145515,0.002218705677286871,0.002765365953363671,0.0032420539441557006,0.002639746454978738,0.0025137555762489174,0.002571208997873943,0.00252814641460368,0.0026684927119220124,0.0024996790459206114,0.0025578780781112948,-9.601330923725347e-5,2.8993275051514203e-6,-6.983731177635448e-9,1.979087450590517e-5,-7.751944491944023e-5,-6.18774918580355e-6,-3.323816679672322e-5,9.464595677354403e-5,-7.730321787845183e-5,5.125105493731687e-5,7.239199155581843e-5,-4.0557431155019075e-5,-7.317561233254784e-5,-8.786613447043843e-5,1.01769170053e-4,-1.67886588010478e-4,2.5961090795510993e-5,4.2696702636535556e-5,-4.7998372943135436e-5,1.9958494239650077e-8,5.8953257919398705e-5,-8.177215583253758e-6,-2.0702869309219755e-5,2.6037330968319992e-5,-2.384058115364078e-5,9.064251511942138e-6,1.2416932145936681e-5,1.9386536143254535e-5,-4.107294679125298e-5,2.067243001893805e-5,2.4302993859746968e-5,4.915696184357116e-6,-4.1412908686728336e-5,1.9558465788346588e-5,8.289412214398092e-5,-2.562375501007309e-5,-6.728693383005904e-4,7.080924651492104e-5,5.247471624859995e-4,-0.0010110053445453846,-1.7556844003657432e-5,-1.1368435087249892e-6,1.1162413175263788e-7,4.18618593516869e-6,-2.130472576442975e-6
-0.00569422230347535,0.001173455073011464,0.0019503062563278075,0.002004864773869385,0.0021102425743710546,0.002600963176442072,0.0026397464549787323,0.0028641995534062982,0.0027629889413051697,0.0028166385311340684,0.0027265403934166976,0.0024300580919671775,0.0024619900114138528,0.002486552585327648,-8.739416434127592e-5,-1.4802811180946348e-7,2.957780609187421e-8,2.7230552227541403e-5,-4.95124459372036e-5,3.5149929483116625e-5,-1.1677117953598813e-5,9.450346572569896e-5,-6.483160498847776e-5,3.0239259844185448e-5,6.807491754226828e-5,-3.683998710673131e-5,-3.45904899044603e-5,-1.2158105214541396e-4,1.2132448509772308e-4,-1.0708685582169636e-4,2.022462464524994e-5,5.561901419332673e-5,-5.646084794984617e-5,1.576694312276986e-5,-1.7723131730459116e-4,1.1643239908537008e-6,-8.408874142812256e-6,2.8959690412076622e-5,-3.412413755081474e-5,-2.631705671096648e-6,2.6777676379971144e-5,9.214124976107739e-6,-3.767960388121214e-5,5.278042418950135e-6,1.9245846264180476e-5,2.993570843161671e-6,-2.7379257830409647e-5,3.352298700421604e-5,6.80436664667911e-5,-2.891581386309342e-5,-3.348151155763125e-4,5.1928108370146686e-5,3.528468101861706e-4,-9.968086616668392e-4,2.9231085578212755e-5,1.629682188606338e-6,-8.82227608545788e-9,-1.4602026911171156e-6,-2.2088338458607843e-6
-0.003248793338073073,0.0010369479126737617,0.0020306876364010254,0.002148953837375816,0.0021868976011197114,0.002497889707576517,0.0025137555762489118,0.0027629889413051684,0.0035074280542352204,0.003337525697726815,0.0031626718927080153,0.002833904580432768,0.0028780687279019532,0.0027768621895214846,1.4462774078009832e-5,8.575700128959355e-6,-4.536995978577003e-9,-3.013103410763189e-5,-1.0106777412567849e-4,-5.411570369802788e-5,-3.593684682007741e-5,1.6024595879242912e-5,-1.2775457202967986e-4,4.189515703520021e-5,5.35042335963447e-5,-4.33717119336569e-5,-3.198143581014348e-5,-1.0542383017581162e-4,8.411564973569068e-5,-2.1516572143349823e-5,4.51790596692844e-5,2.105694245725717e-5,-3.693483160994525e-5,-3.995402072654972e-5,-3.206645078064303e-4,7.485685371757263e-6,-1.533782396514716e-5,4.872394492403339e-5,-4.871889715463914e-5,1.138462998836325e-5,1.4661619332979362e-5,1.5944098755607139e-6,-3.6858367183410886e-5,3.5243051527914387e-6,-3.984554618515229e-5,1.1184081512238575e-6,-1.7402024726782034e-5,4.500575171393134e-5,5.918827913311642e-5,-2.4694054919113037e-5,-3.984288526855431e-5,6.547277875923699e-5,2.239621532097983e-4,-0.0011163468217461501,5.927003998949333e-5,2.573921061785398e-6,-6.392664992520245e-8,-4.51139738120281e-6,-3.0092167516300843e-6
-0.002350428927881554,0.001094715056107071,0.002083053765442105,0.0020869840429200395,0.002038862989763788,0.002464832766474594,0.0025712089978739334,0.002816638531134067,0.003337525697726819,0.0037257300333291233,0.0034712777580493195,0.0028988861071016316,0.003009371034733498,0.002931524596255972,-1.5842560879460235e-5,1.1189474018031401e-5,-4.95305251390931e-8,-4.169501551401331e-5,-1.179753122220808e-4,-4.850006280241626e-5,-2.4964455941735054e-5,5.6837690496232184e-5,-8.410169577285764e-5,3.8411633025557254e-5,8.553812504951066e-5,-6.288009922858277e-5,-2.984507149257482e-5,-6.076405202012711e-5,1.4577549846292781e-4,-6.055673525979215e-5,2.5700211234474524e-5,2.0681733866740452e-5,-2.2091863759013346e-5,8.404259916798885e-6,-3.128004681445826e-4,4.455446009052297e-6,-1.901549700546786e-5,5.860645066454022e-5,-8.030533946004414e-5,7.77405487632691e-6,1.5675422094237358e-5,4.094575166478469e-6,-3.626835201227002e-5,4.35630367781489e-7,-4.014100935792667e-5,8.361718182811791e-6,-1.4734548020582161e-5,5.548988682319074e-5,4.562084194237814e-5,-2.9837623953496586e-5,1.1788790323662237e-4,7.310848790317022e-5,3.458491818537232e-4,-0.0010033942779097838,1.420715620385245e-4,2.087476488654156e-6,-2.3148898987109097e-8,-1.2745427584292127e-5,-3.213606906445593e-6
-0.005720385478768991,0.0012451603671247292,0.0019355519097523997,0.001983237928979293,0.0019575399662746405,0.0024609050580481043,0.0025281464146036693,0.0027265403934166937,0.0031626718927080136,0.003471277758049315,0.004074155851603757,0.003146657203389713,0.0032985066179616754,0.003185008898463221,-7.059986940013213e-5,1.463723888560188e-5,-7.590245545360458e-8,-1.6719628723670116e-4,-2.0870887488566876e-4,-8.750248015162396e-5,-7.835442058184607e-5,4.682085810791378e-6,-2.238159202253357e-4,6.467028995360433e-5,7.176993396307734e-5,-1.3352859261436435e-5,-3.471807483193748e-5,6.424542961319835e-7,5.34909325181371e-5,-3.7887749231734635e-5,-3.984835293901423e-7,9.089074908942685e-6,-4.9567894059595416e-5,-3.800693324361906e-5,-1.655444457839172e-4,5.1857421167027045e-6,-9.6819132962647185e-06,6.035866873495799e-5,-3.956532279286438e-5,2.246490881494736e-7,2.6022962609310753e-5,3.4041842008366625e-6,-4.248718787588629e-5,-8.488263071095006e-6,-2.9037446178657253e-5,-7.853634929045313e-6,-2.2680659258630112e-5,3.301075402303189e-5,8.11770260111592e-5,-2.810191355055089e-5,-1.615601971764197e-4,1.3839820451966338e-4,3.582270642338984e-4,-9.996021996895048e-4,2.0471385820791007e-4,1.933136120571923e-7,-3.210641590335676e-8,-1.600286107190724e-5,-4.151331303123311e-6
-0.005805215886458573,0.0013481442292929593,0.0020006924537265703,0.002117714324815706,0.002170661732460017,0.0025177434849311744,0.0026684927119220133,0.002430058091967186,0.002833904580432775,0.002898886107101637,0.0031466572033897193,0.004003902243179432,0.003347091404562047,0.003123964324372178,4.37332523143702e-5,2.2244363746680585e-5,-1.8934334123791646e-7,-1.3040261383668637e-4,-1.7485387278761796e-4,-5.9090830518897136e-5,-1.0233285807187474e-4,-6.83631489242663e-5,-2.253318196677858e-4,4.664010556207341e-5,4.7884215510685846e-5,-3.262108765049107e-5,-1.0238205562334853e-4,-5.29949887934923e-5,6.49189646749498e-5,-1.119870550080748e-4,3.971247257787762e-5,-8.030721488594041e-5,-1.136025001041694e-4,-5.57134587577145e-5,-6.810527691745138e-5,-6.805978244989919e-7,-1.6261000086485553e-5,5.1919518151508965e-5,-1.8721085261573713e-5,-6.272436917536145e-6,1.625518047632388e-5,1.5181407043778328e-5,-4.39845403373277e-5,3.7941304536603575e-6,-2.8116840086565294e-5,-1.5239637137299985e-5,-4.211764000704649e-5,9.131490258627738e-6,8.425403090504329e-5,-1.4607243623588121e-5,-3.415247005295867e-5,1.1802024976084514e-4,4.4447333411047006e-4,-7.969234923516247e-4,1.278919571077833e-4,-8.379533900123957e-7,7.866181306872614e-8,-9.686663257923849e-6,-1.8858764454377255e-6
-0.001287962732314339,0.0012698352782545181,0.001928185657630272,0.0019458561275531685,0.0018698031038275954,0.0023340194281190776,0.0024996790459206053,0.002461990011413854,0.002878068727901954,0.0030093710347334985,0.0032985066179616776,0.0033470914045620453,0.0037166074986597977,0.003171354435730305,4.6453158094673804e-5,1.7261395300375515e-5,-1.8180164636126997e-7,-9.960845470303338e-5,-1.3799118451061158e-4,-5.5441038510666064e-5,-1.1613018584631735e-4,-1.125445467704357e-5,-2.0691979518713173e-4,4.583579256553583e-5,5.23979169684116e-5,-5.0133837150377715e-5,-3.511619891852779e-5,-2.8251331152967597e-5,9.851120548863267e-5,-9.933442828711337e-5,1.719618140163965e-5,-3.294574027493007e-5,-3.153001379895404e-5,-1.4599813210936944e-5,-4.3302310093704566e-5,2.5231491657319893e-6,-2.5983921342255776e-6,5.064645015821875e-5,-3.6809382238547664e-5,-1.2420675168444424e-5,2.097704598413787e-5,2.468713166094695e-6,-3.575612256618366e-5,5.202890315292495e-6,-3.624826513988464e-5,-5.18807863874923e-6,-3.789218494624173e-5,3.3138075542877265e-5,6.384596419755117e-5,-1.837622843154641e-5,-4.7725678875054796e-4,1.2706717053363002e-4,3.852719840969778e-4,-9.6315419933434e-4,9.488570090109497e-5,-1.4746493659943346e-6,4.221879111251852e-8,-4.988080115172976e-6,-2.609115262145094e-6
1.4523252496949455e-4,0.001249265943240693,0.0017918277821447604,0.0020349478206508707,0.0020435104458763243,0.002409813867792041,0.0025578780781112926,0.0024865525853276535,0.0027768621895214955,0.002931524596255979,0.003185008898463233,0.003123964324372187,0.0031713544357303168,0.0037788560435728573,1.2883846604976482e-5,1.0647834403919837e-5,-1.1662302898278133e-7,-5.398912184510566e-5,-3.882164531126079e-5,1.1784682905624556e-5,-1.3211130502707263e-4,-1.582434030073414e-5,-1.0323165197357508e-4,3.5095944428548857e-5,6.790286802315403e-5,-3.8559742961190665e-5,-4.965847215403583e-5,-5.1575870493788095e-5,1.0862540473665726e-4,-9.47267053485424e-5,4.213807567725165e-5,-2.0213140028290247e-5,-2.5262896164624788e-5,-2.0147443521347374e-6,2.2597206950339963e-4,-9.362497542896527e-6,-1.707847640248698e-5,5.538901699511393e-5,-9.520064310052238e-6,-2.7942212652482745e-6,7.281722038159567e-6,1.138029847969597e-5,-3.004944438364401e-5,4.915654291680724e-6,-4.288611885881567e-5,-3.603212385428767e-6,-2.9109492277678577e-5,9.690224216001067e-6,7.114597825991995e-5,-1.2931296297375328e-5,-9.462419658611449e-4,1.561647431455604e-4,4.925064794907578e-4,-8.030222388513231e-4,1.4155898994561982e-4,-5.321661660070864e-6,1.8271632119506788e-7,-6.584686232380769e-6,-3.1939666995671045e-6
0.0028778481762224742,-3.38986136473985e-5,-1.372504269202242e-5,-3.773861146524119e-5,-6.255671017774796e-5,-1.9000020734749937e-4,-9.601330923725354e-5,-8.739416434127617e-5,1.4462774078009482e-5,-1.5842560879460598e-5,-7.059986940013265e-5,4.3733252314369555e-5,4.645315809467358e-5,1.2883846604975628e-5,1.8936051590452075e-4,1.3286374371527686e-5,-1.3805995627624932e-7,-8.510878541915219e-7,4.679683575770924e-7,-1.702341822759765e-5,-7.20896016290055e-5,-3.492855618410042e-5,-2.432870489097265e-5,-1.84442488061903e-5,-1.7480865068811633e-5,-2.3329600220781985e-5,-6.725539517069665e-6,-6.965173999041823e-5,-3.409352041904709e-5,2.898512498932646e-5,-9.529944472554301e-6,-5.737718512483373e-5,-5.697081162597845e-5,-6.161627371898297e-5,2.570499968419578e-5,-2.095382771990172e-6,-1.5681764064958228e-6,1.4096964080657483e-6,-1.8258304057068981e-6,4.356001749042653e-6,-6.040890091460376e-6,2.599370693562165e-6,1.2058085209378958e-6,3.8860742881972786e-7,-9.55382027824017e-6,3.178236269181153e-6,-3.1205649557836197e-6,-4.4123269195372925e-6,-1.447203095788101e-5,8.048829746983118e-7,-6.489678131621754e-5,3.081496878000999e-5,6.662305176679796e-5,-8.388531194728593e-6,-1.4206636789812457e-5,7.241386258223264e-8,1.9971617812098472e-8,1.0447325197325063e-6,-1.1456442633857663e-7
7.52546371984944e-5,1.1289329742288317e-5,6.96410649819372e-6,9.291047796561564e-6,-1.441934735412256e-5,-1.031477360718459e-5,2.8993275051513005e-6,-1.4802811180965766e-7,8.575700128959299e-6,1.1189474018031138e-5,1.4637238885601845e-5,2.224436374668033e-5,1.726139530037502e-5,1.0647834403919668e-5,1.3286374371527706e-5,6.879231985913836e-6,-6.617356521883102e-8,-1.7709462046853417e-5,-2.4529743101848327e-5,-1.5348216394230164e-5,-1.800093298529833e-5,-4.527975263492006e-6,-2.8737532200027117e-5,5.487102533995875e-7,-9.01646867109565e-6,1.382297899673167e-6,-2.039640678506981e-6,-1.3344953708618106e-5,-1.3418385463784499e-5,9.134287074930008e-6,-3.6078251664765374e-6,-8.826612589772198e-6,-1.3732969451085181e-5,-1.1771451610830991e-5,-1.4100405898657823e-5,9.371230346574681e-7,4.862027718124648e-7,1.4664833618154206e-6,-1.2593533075421074e-7,1.1365951967006409e-6,-1.6682203179773963e-6,-6.011116604520911e-7,-2.8091362101253863e-7,-1.6067556278868853e-6,4.2627046130144796e-7,-1.1433068203673134e-6,-6.190838152688317e-7,1.9565022957638775e-7,-4.984585818474147e-7,-5.81739863930986e-7,1.4060782861953407e-5,5.519088040782822e-7,-2.4995686837987012e-5,1.5776113379692956e-5,-2.030560651790642e-6,1.6726577449885535e-7,-1.0230458987472198e-8,1.5349527172298777e-7,4.711253681311508e-9
-9.572792471236555e-7,-9.028198291628104e-8,-3.046870635657747e-9,-2.717437188583093e-8,1.669989152790008e-7,1.371388114945513e-7,-6.983731177636213e-9,2.957780609187472e-8,-4.536995978577859e-9,-4.953052513909234e-8,-7.590245545360549e-8,-1.8934334123791498e-7,-1.818016463612671e-7,-1.1662302898278135e-7,-1.3805995627624945e-7,-6.617356521883077e-8,7.22387333798351e-10,1.4374585695011347e-7,1.8498250998418558e-7,1.281448825761231e-7,1.4414420019684544e-7,3.7695886338331573e-8,2.4138651408327305e-7,1.3629018206604981e-8,8.397187860816731e-8,2.124988193626149e-9,1.3403927866031986e-8,1.2068455796172203e-7,1.0777060731527429e-7,-6.20834948339229e-8,1.5776355055719957e-8,8.946434598790368e-8,9.149397911908955e-8,7.534008343345517e-8,1.2522046589184364e-7,-7.67868687466981e-9,-6.209689441470541e-9,-1.2179742740504561e-8,2.6643609890484616e-9,-1.0129613759243694e-8,1.7134167238859718e-8,5.932851992607582e-9,2.6737850630556477e-10,1.457876534889114e-8,-7.825192974892409e-9,9.615179009725364e-9,4.849257381671063e-9,-1.4374905807810343e-9,2.008085356636563e-9,4.967789754468432e-9,-5.9095413065089655e-8,-4.9014630362792995e-9,1.2914278081338608e-7,-8.638241568881304e-8,3.312411679245358e-8,-1.2293478136659676e-9,6.591893120489631e-11,-2.660661265924048e-9,-3.1114095432374515e-10
6.215643008511303e-4,-7.506941654181819e-6,2.2313126373519953e-5,4.561215959149074e-5,1.0834826469609046e-4,1.128965346510347e-5,1.979087450590517e-5,2.723055222754162e-5,-3.0131034107632148e-5,-4.169501551401291e-5,-1.6719628723670167e-4,-1.3040261383668594e-4,-9.960845470303214e-5,-5.3989121845105885e-5,-8.510878541916255e-7,-1.7709462046853404e-5,1.437458569501142e-7,2.660372223347103e-4,2.246357496560238e-4,1.4435542210447682e-4,8.035405284113152e-5,5.926706536043224e-5,2.0511982410139707e-4,-4.0188861428075256e-5,5.363919027646521e-5,-1.7426966623308996e-5,3.8676669740239904e-5,5.2593178332535275e-6,1.453171702654336e-4,-4.9320692836264355e-5,3.9269543884471145e-5,2.046896672409399e-5,8.869145648181965e-5,1.0494264611151058e-4,3.523982637105731e-5,-2.415686001657461e-6,1.2494387074690675e-6,-4.825826425671544e-6,3.0936781157158013e-7,-3.1031217591227955e-6,8.707549075869281e-6,-6.599241412431134e-7,1.2645982073093118e-6,5.796309896503662e-6,8.949076299610783e-7,7.843326974697332e-6,3.356538947823116e-6,-8.251103633430258e-6,-5.302845597240303e-6,6.010383993352845e-6,-1.8913142810591982e-4,-1.1976417282164052e-5,6.863996111617993e-5,-4.055500919121066e-5,-2.4325387606384006e-5,-1.0942301678688632e-6,2.3876293740840022e-8,2.8976279621738565e-6,1.7531850866337116e-7
0.002004947393535014,-8.810979833248052e-6,-7.411872359881376e-5,-5.18733069448313e-5,3.9761464872434256e-5,-7.322288179972146e-5,-7.751944491944013e-5,-4.951244593720316e-5,-1.0106777412567859e-4,-1.1797531222208012e-4,-2.0870887488566898e-4,-1.7485387278761737e-4,-1.3799118451061004e-4,-3.882164531126079e-5,4.679683575770178e-7,-2.4529743101848442e-5,1.8498250998418717e-7,2.2463574965602432e-4,3.578761637677558e-4,1.7830323748719047e-4,7.640714290902334e-5,2.5206300271681433e-5,2.1586241609570657e-4,-3.182116142787503e-5,3.7453754740733393e-5,-4.3624666823980794e-6,3.372406629507042e-5,1.1433118160816022e-5,1.0803878154873065e-4,-3.898876701327598e-5,2.0315685564566485e-5,2.3724558494201547e-05,1.1014944892061118e-4,7.614259635768237e-5,9.76514583214778e-5,-5.235887219615238e-6,5.079516847698628e-6,-1.3024139711912183e-5,1.7486403661931946e-6,-6.300953358923e-6,1.1417233840084716e-5,2.931883309505461e-6,4.129774263206651e-6,9.227286339361012e-6,-2.7188354742796914e-6,8.864507430079228e-6,1.967749744642635e-6,-4.438025728233476e-6,-3.978808002827558e-6,6.476931963493941e-6,-3.874719657959655e-4,-4.6645795390212925e-6,1.9653024313235696e-4,-5.740142139621612e-6,-9.646069744489722e-6,-2.470507938597204e-6,7.508330982099798e-8,2.447220532446965e-6,2.005244817693412e-7
3.160765665821607e-4,2.5188894139725958e-5,4.485108097348981e-5,3.155373865156552e-5,6.736454422481917e-5,5.27945803479738e-5,-6.187749185803249e-6,3.514992948311653e-5,-5.4115703698027955e-5,-4.850006280241602e-5,-8.750248015162425e-5,-5.909083051889674e-5,-5.544103851066538e-5,1.1784682905624368e-5,-1.7023418227597736e-5,-1.5348216394230066e-5,1.281448825761215e-7,1.443554221044767e-4,1.7830323748718992e-4,2.7700942028992075e-4,1.7681256749889563e-5,4.288974077706286e-6,9.463449025147829e-5,-2.7520219309187988e-5,3.1537224075852904e-5,-3.0323722245873932e-6,1.1035194021275612e-5,-3.69610427862577e-5,8.870717758005512e-5,-3.0936472577852962e-6,1.912607836144204e-6,-1.456045871879694e-5,4.403852341582412e-5,2.9449282106526103e-5,1.3579397242381467e-4,-5.8791483737613075e-6,1.0645744456322331e-6,-6.499712349841744e-6,-6.696089731015553e-6,-4.676567047493952e-6,8.824197540665414e-6,-2.135174266464229e-6,1.7562760681260688e-6,7.594095604557265e-6,9.737441908655653e-7,6.086789830103789e-6,4.03676818388078e-6,-3.6526261482172605e-6,-1.1005315366682846e-6,5.329291298161474e-6,-1.873895344537376e-4,6.039844208425319e-6,1.5746188845881337e-4,-2.9975376142401975e-5,1.604716988599325e-5,-2.9235671084179307e-6,8.462913287817067e-8,4.290502118140826e-7,2.975147206581381e-8
3.178435979445775e-4,-5.50426185416173e-5,-3.6150684990048655e-5,-4.52034568550588e-5,4.615830067989356e-5,5.086526149371527e-5,-3.3238166796723375e-5,-1.1677117953598508e-5,-3.593684682007714e-5,-2.496445594173506e-5,-7.835442058184587e-5,-1.0233285807187513e-4,-1.161301858463174e-4,-1.3211130502707266e-4,-7.208960162900549e-5,-1.8000932985298306e-5,1.4414420019684544e-7,8.035405284113148e-5,7.640714290902343e-5,1.7681256749889526e-5,2.2402790263178655e-4,1.700734939314796e-5,1.0945201325259029e-4,-4.74896272103198e-6,1.5355280876052144e-5,-1.4137431337050814e-5,2.2083951557424546e-5,8.06723260451e-5,4.358027672395712e-5,-1.0095048056627338e-5,4.9397190187734215e-5,4.095315832253324e-5,1.0354368192367528e-4,1.0571557039089002e-4,-3.671055253370556e-5,8.282671241657518e-7,5.028071513146754e-6,-6.2343411288885256e-6,-3.107639036997846e-6,-4.12499201664796e-6,2.6724496860037854e-6,-3.061868543759372e-7,1.0936342636672283e-6,1.6737140907869392e-6,9.136890365304521e-7,4.153446001784002e-6,2.6131303700992704e-6,5.3543284456819745e-6,4.8961295870808394e-6,6.687713213920389e-7,-1.0257797083909937e-4,-2.9946500169662135e-5,9.795399359909447e-5,1.4501358284257908e-5,-3.942479364542746e-6,1.9500756524212445e-7,-1.3708919358978118e-9,-1.5346937432003273e-7,4.5206088940022734e-7
-0.0012822593505291383,-1.7445028418416427e-5,5.918037525348644e-5,8.75579954334038e-5,1.4051340050213231e-4,7.111146637681883e-5,9.464595677354402e-5,9.450346572569871e-5,1.602459587924287e-5,5.683769049623207e-5,4.6820858107912325e-6,-6.836314892426624e-5,-1.1254454677043905e-5,-1.5824340300734033e-5,-3.492855618410041e-5,-4.527975263492018e-6,3.7695886338331686e-8,5.9267065360432304e-5,2.52063002716814e-5,4.288974077706277e-6,1.7007349393148065e-5,2.1931494445213604e-4,7.721587270258629e-5,-2.5935282859353143e-5,4.937972204403254e-5,-3.8713479438860974e-5,2.6937278896713734e-5,-5.05541942098003e-6,8.120325050570181e-5,-5.396608298598684e-5,-5.989018839949103e-6,2.1837155264308695e-5,4.3268518968262786e-5,3.0350798797532876e-5,4.678049400854974e-5,-2.789123346023109e-6,-9.350694870677966e-6,8.299083154725665e-6,-4.810149824281428e-6,-2.373440281370472e-7,-6.005546140116591e-7,2.493304106123971e-6,2.3207478783459396e-6,-7.794984360184363e-7,8.223019736171214e-6,4.7164514607636554e-6,-9.09585429320445e-8,2.9987311840724056e-7,4.342078507287131e-6,-5.282056826757785e-6,1.6537219294668946e-5,-2.437880188278675e-6,-6.189645520193058e-5,2.956644718585052e-5,-3.653592855107451e-5,-5.234921569828705e-7,2.8718185969901984e-8,3.384893046256809e-6,-2.908066530205954e-7
-7.665293197798559e-4,-8.122946534698632e-5,-1.0357526013238597e-4,-6.947868214174578e-6,1.0322713919972067e-4,-2.232239004052775e-5,-7.730321787845218e-5,-6.483160498847806e-5,-1.2775457202968013e-4,-8.410169577285787e-5,-2.238159202253358e-4,-2.2533181966778588e-4,-2.0691979518713187e-4,-1.0323165197357515e-4,-2.4328704890972616e-5,-2.8737532200027303e-5,2.413865140832752e-7,2.0511982410139755e-4,2.1586241609570725e-4,9.463449025147872e-5,1.094520132525903e-4,7.721587270258607e-5,4.009940554291489e-4,-5.7231340225662674e-5,5.8832526081968206e-5,-4.518449045535457e-5,4.902786807120002e-5,5.408597440302332e-5,1.8006027036807827e-4,-8.195334527264501e-5,4.6924797378156145e-5,4.234220617819768e-5,1.4162763797689933e-4,1.3873122628496444e-4,8.867527112858073e-5,-6.53496134351707e-6,-7.617807821650492e-6,8.971667873220935e-7,6.892827392400021e-6,-2.7707588245110213e-6,4.135236802219806e-6,3.513309446861369e-6,2.264395148640817e-6,7.006214675888702e-6,-1.5989137460082585e-6,9.3758398472656e-6,7.177332615970338e-7,-9.747538541167078e-6,-3.297727787802854e-6,9.162851980478319e-6,-6.179225328160182e-5,-2.2629094486291742e-5,2.1456580328682627e-4,-3.349294282547073e-5,7.877501530157134e-6,-1.8859125380737782e-6,7.335165538768785e-8,-3.9363694533376243e-7,4.312203098235506e-7
-0.0010375767884850044,4.507256719890997e-5,7.340852814319911e-5,3.359163751007133e-5,-1.7774752257634917e-5,7.40853088868946e-5,5.12510549373169e-5,3.0239259844185546e-5,4.189515703520021e-5,3.841163302555735e-5,6.46702899536044e-5,4.664010556207342e-5,4.583579256553587e-5,3.5095944428548857e-5,-1.8444248806190262e-5,5.487102533995776e-7,1.3629018206604968e-8,-4.018886142807521e-5,-3.182116142787498e-5,-2.752021930918799e-5,-4.748962721032014e-6,-2.5935282859353143e-5,-5.723134022566262e-5,7.991961738667358e-5,-2.4093230292885867e-5,2.5410726951434368e-5,-7.773906502130394e-6,1.4097448709779047e-5,-5.275827338105112e-5,3.2007235870697614e-5,-6.193080328329436e-6,1.0720297747665301e-5,-1.3514917395549036e-5,-3.561058367442161e-5,-3.434594877430337e-5,1.9701856951928695e-6,-4.4231696699075645e-7,1.982534523063502e-6,3.163020868894369e-6,2.379905404275842e-6,-7.183049795217412e-7,-2.46907118258595e-6,-1.8599906858201284e-6,1.986696844798143e-6,1.472970326249528e-6,-2.5205724535527097e-6,-1.0107207913168058e-6,3.0973750668928855e-6,2.1274283416253568e-6,-2.561320687166956e-6,7.451200676850094e-5,-8.235655503464841e-7,-6.044421005081767e-5,6.088996562595101e-7,1.0292512494729479e-5,8.637131002582552e-7,-3.036943647812199e-8,-1.5653378452909817e-6,9.450693034745917e-8
-3.1638692107746884e-4,8.56351578001831e-6,4.07955630366728e-5,4.065453235045784e-5,1.154758499238174e-4,4.4623878498756524e-5,7.239199155581833e-5,6.807491754226833e-5,5.350423359634465e-5,8.553812504951062e-5,7.176993396307732e-5,4.788421551068581e-5,5.239791696841161e-5,6.790286802315422e-5,-1.7480865068811647e-5,-9.016468671095632e-6,8.397187860816721e-8,5.3639190276465176e-5,3.745375474073341e-5,3.1537224075852904e-5,1.5355280876052137e-5,4.937972204403253e-5,5.883252608196824e-5,-2.4093230292885853e-5,9.894239610078954e-5,-2.3414382361769166e-5,2.6569588217594876e-6,7.585108036979706e-6,6.155191917816312e-5,-3.582913605044838e-5,-1.7772539852058376e-6,2.496712128685687e-6,3.144907005612274e-5,2.1378296360412645e-5,6.648923143961581e-5,-3.9662508367201334e-6,-3.2180379542250717e-6,9.206848593791064e-7,9.823537849822418e-7,-2.229506382011919e-6,5.187641143917635e-6,7.812976384383478e-8,1.9908630427293126e-6,1.1766968487765108e-6,-4.017645947178693e-6,5.303155305981512e-6,1.8925203225096622e-6,-3.303921493626572e-6,-1.0252703731531191e-8,-1.602907475890996e-7,-4.764031016450048e-5,1.006039155663198e-5,-8.026770491646116e-6,-3.289746638580838e-5,1.5177933940909181e-5,-1.0050000793394458e-6,4.410061344158469e-8,-6.95750855470342e-7,-1.58910287080996e-7
-0.0014812675227054322,2.5478316282244602e-5,-5.7221388855598525e-5,-4.299329471009465e-5,-1.6415327091455295e-5,2.9370313502923564e-5,-4.0557431155019136e-5,-3.6839987106731495e-5,-4.337171193365687e-5,-6.288009922858282e-5,-1.3352859261436494e-5,-3.262108765049138e-5,-5.013383715037772e-5,-3.855974296119082e-5,-2.3329600220781975e-5,1.3822978996731737e-6,2.1249881936261866e-9,-1.7426966623308982e-5,-4.362466682398084e-6,-3.0323722245874157e-6,-1.4137431337050848e-5,-3.871347943886097e-5,-4.518449045535454e-5,2.541072695143438e-5,-2.341438236176916e-5,8.926020681418497e-5,-3.339267233685781e-6,1.0775209105433645e-6,-4.312898728818133e-5,2.6186966073745598e-5,-3.195107246005212e-6,1.7240328313139002e-5,-2.4156053271967062e-5,-9.427615688727868e-6,-5.2742245121196037e-5,4.296446889050184e-6,5.7122335499281446e-6,-3.4925662658893403e-6,7.203345999976701e-6,2.4867413091828664e-6,2.0863996276269616e-6,-2.4854325447491564e-6,-8.42478530949242e-7,1.1476427205322658e-6,4.930290433919878e-6,-6.529391814015037e-6,-8.363873231318955e-7,-3.5367710572603327e-6,7.046279524324847e-6,-7.111996293693253e-7,7.634957218283624e-5,-1.8196630505200624e-5,-1.4113664470208277e-4,1.0326315966002366e-4,1.6861430568982466e-6,8.102894781089739e-7,-5.7718454630942494e-8,-7.854441192884742e-7,2.30803461045726e-7
-3.776311735205442e-4,-1.7662723377181195e-5,-2.444707395520437e-5,1.4837838279933875e-5,2.4732705293363907e-5,-1.7970145472513605e-5,-7.317561233254798e-5,-3.459048990446045e-5,-3.1981435810143627e-5,-2.9845071492574877e-5,-3.471807483193756e-5,-1.023820556233484e-4,-3.5116198918527856e-5,-4.965847215403592e-5,-6.7255395170696705e-6,-2.039640678506943e-6,1.3403927866031599e-8,3.8676669740239776e-5,3.3724066295070275e-5,1.1035194021275615e-5,2.208395155742457e-5,2.693727889671372e-5,4.902786807119998e-5,-7.77390650213039e-6,2.6569588217595e-6,-3.339267233685774e-6,6.873735505618792e-5,2.8135127441859584e-5,1.480400379067805e-5,1.7306030268918465e-5,2.086457265073636e-5,1.737959589167916e-5,5.8191710048426535e-5,2.195586888087019e-5,-1.5568395253280666e-6,1.9177727652165277e-6,1.3171787955494217e-6,-9.072863763045605e-7,-1.0029338861999557e-6,-1.608974775009972e-6,1.403866630861843e-6,-4.830732394866436e-6,2.34044123155983e-6,1.6750451634025794e-6,1.0075853231459676e-6,-8.332768132362588e-7,2.808173413553145e-6,1.1570613611471993e-6,5.1784591006520755e-6,-9.797258157202953e-7,-3.338386505519001e-5,1.845883554262653e-6,4.6078446870600814e-5,4.194018856146795e-5,-1.1095659930473567e-5,-3.101743935818975e-7,-2.1281403380891552e-8,1.2358024785476157e-6,-1.052245328688179e-7
-0.002648432071980443,-4.8472844187285986e-5,-1.2151207209821914e-4,-1.587208768914093e-5,1.9460754486593048e-5,-1.954019701875214e-5,-8.786613447043846e-5,-1.2158105214541358e-4,-1.0542383017581146e-4,-6.076405202012689e-5,6.424542961320268e-7,-5.299498879349231e-5,-2.8251331152967713e-5,-5.157587049378812e-5,-6.965173999041823e-5,-1.3344953708618204e-5,1.2068455796172293e-7,5.259317833253881e-6,1.1433118160816488e-5,-3.6961042786257746e-5,8.067232604510005e-5,-5.0554194209800125e-6,5.408597440302339e-5,1.4097448709779027e-5,7.585108036979688e-6,1.0775209105433387e-6,2.8135127441859577e-5,2.6223861475575e-4,-1.1435129907425322e-5,6.728293490057384e-6,2.0509675043102206e-5,3.015929765489927e-5,9.176435720216941e-5,4.015973552598948e-5,-2.8771967753790766e-5,4.989622265023702e-6,3.179546335627549e-6,2.910509739360194e-6,2.2627120009744515e-5,-3.5419049441597242e-6,2.7542124252913335e-6,-2.9652845652674985e-6,2.6651874901884327e-6,2.3037664043769567e-6,7.914755548479984e-6,-8.052497165884106e-6,3.1906336370364003e-6,-4.159579086472204e-6,1.2624413828936755e-5,1.2019953468451002e-6,-1.2321710031991824e-4,-4.943050719463666e-6,4.268364245528909e-5,-1.0574238625184134e-5,1.8129459269759093e-5,7.55222465603777e-8,-4.739081994163202e-8,-1.2644256316066808e-6,-1.0885263707441128e-7
7.823410192921756e-4,3.843305424197175e-6,9.692197078554642e-5,1.1157878160682162e-4,1.4317122599397762e-4,7.760835953831173e-5,1.0176917005300001e-4,1.2132448509772292e-4,8.41156497356905e-5,1.4577549846292784e-4,5.3490932518137156e-5,6.49189646749497e-5,9.851120548863278e-5,1.0862540473665731e-4,-3.409352041904711e-5,-1.34183854637845e-5,1.0777060731527425e-7,1.4531717026543362e-4,1.0803878154873042e-4,8.870717758005502e-5,4.3580276723957055e-5,8.120325050570186e-5,1.8006027036807822e-4,-5.275827338105114e-5,6.155191917816313e-5,-4.3128987288181376e-5,1.4804003790678054e-5,-1.1435129907425276e-5,2.9572664866535847e-4,-8.755313178334093e-5,3.0961529811520967e-5,-2.0999689700589917e-5,5.012798416538005e-5,1.0079064943794867e-4,4.827576104970961e-5,-6.411712416036291e-6,-7.1897762111895545e-6,6.7595051199699636e-6,-1.0504284862443145e-5,-1.7253514493421632e-6,5.686185305076922e-6,4.851132026255234e-6,-4.047306540676683e-6,-4.6921451992342305e-6,2.3653321966493625e-6,1.35883371965971e-5,-2.331023801154712e-6,-6.326324638323575e-6,-4.282826587857894e-6,6.142676784992767e-6,-8.426639339351664e-5,3.5484823243753714e-6,7.995917654824373e-5,-8.20229172907132e-5,-3.546729472402742e-6,-1.1725454482623385e-6,7.704879551014838e-8,5.577546225826349e-7,-2.46211527669975e-7
0.0023036414805737604,-5.903271595334199e-5,-5.075719424591218e-5,-8.408294487760004e-5,-1.6371272914968233e-4,-2.0941852129614203e-4,-1.678865880104778e-4,-1.0708685582169616e-4,-2.1516572143350196e-5,-6.05567352597917e-5,-3.788774923173462e-5,-1.1198705500807459e-4,-9.933442828711311e-5,-9.472670534854224e-5,2.8985124989326453e-5,9.134287074930053e-6,-6.208349483392327e-8,-4.932069283626442e-5,-3.8988767013276074e-5,-3.093647257785295e-6,-1.0095048056627383e-5,-5.3966082985986875e-5,-8.195334527264508e-5,3.200723587069765e-5,-3.582913605044838e-5,2.6186966073745577e-5,1.7306030268918458e-5,6.728293490057394e-6,-8.755313178334095e-5,2.3540622518083515e-4,6.1882402884798636e-6,-2.7084705241642324e-5,2.5535838064343597e-6,-5.771086590058453e-5,-4.792001974137335e-5,4.825043761881081e-6,2.619279948436916e-6,2.79523695322196e-7,-2.697124536821011e-6,4.12296018556346e-6,-7.683788583348118e-6,-3.4740522543408e-7,3.5025132654063692e-6,-9.301323482233301e-7,-1.172487929265015e-5,-4.208946613138085e-6,1.6304573541551633e-6,1.3691392798716005e-6,-8.383825017009693e-6,-1.4747933984483507e-6,-2.974843527312722e-5,-1.5137835457958958e-5,-5.882104682398917e-5,-1.1621107842158356e-5,1.3150698376710946e-5,6.07510561818957e-7,-5.7938452366703715e-8,-1.1004040848177128e-6,3.0215593588976737e-7
7.265510209977456e-4,-1.8407567345714514e-6,7.087590029453856e-5,5.009812897474272e-5,6.599697260549261e-5,4.59280185821022e-5,2.596109079551107e-5,2.0224624645250033e-5,4.5179059669284544e-5,2.570021123447463e-5,-3.984835293899815e-7,3.971247257787764e-5,1.71961814016398e-5,4.213807567725178e-5,-9.529944472554301e-6,-3.6078251664766267e-6,1.5776355055720904e-8,3.9269543884471375e-5,2.0315685564566753e-5,1.9126078361442063e-6,4.93971901877342e-5,-5.9890188399491004e-6,4.692479737815613e-5,-6.193080328329451e-6,-1.7772539852058402e-6,-3.1951072460052236e-6,2.086457265073641e-5,2.050967504310218e-5,3.0961529811521e-5,6.1882402884799085e-6,7.299730250360557e-5,1.167635384506214e-5,3.4385467754106244e-5,4.245186882592709e-5,-2.55485046455162e-5,1.1430167282496314e-6,1.8308597675030664e-6,2.7706036815414965e-7,-1.947727013185153e-6,1.5592006413622556e-6,-1.328372590683961e-6,-2.325740500310105e-6,-1.6343993634991435e-6,-7.512358288086369e-7,-1.0242408832209558e-6,5.149091839245054e-7,9.307266428323753e-7,2.8262300253430903e-7,-1.0746203242838147e-7,2.300655198825068e-6,-5.676094187557352e-5,-6.206017650124559e-6,1.0561383089078873e-4,-5.138050223185592e-5,-1.6291507155834588e-5,-4.727716806789483e-8,-6.080980340932335e-10,1.4604840958631662e-6,2.1989813774871965e-7
-0.001575772228896723,2.8832010241997355e-5,3.589586544997842e-5,7.246392318136897e-5,8.978004198827372e-5,1.2282433778017091e-4,4.269670263653573e-5,5.561901419332718e-5,2.1056942457257553e-5,2.0681733866740852e-5,9.089074908942993e-6,-8.030721488593975e-5,-3.2945740274929955e-5,-2.0213140028290342e-5,-5.737718512483368e-5,-8.826612589772213e-6,8.946434598790365e-8,2.046896672409407e-5,2.3724558494201693e-5,-1.4560458718796981e-5,4.095315832253331e-5,2.18371552643087e-5,4.2342206178197774e-5,1.0720297747665294e-5,2.496712128685677e-6,1.7240328313139e-5,1.7379595891679192e-5,3.015929765489922e-5,-2.0999689700589944e-5,-2.7084705241642303e-5,1.1676353845062178e-5,1.1784210177567826e-4,4.395651776150301e-5,3.9312949153270925e-5,-2.5280752990562442e-5,2.9271519384072865e-6,8.397823662154579e-7,-1.450934433241643e-6,9.473895865554734e-8,-2.036111590332611e-6,-1.1320354187498377e-6,-3.252700309554558e-6,3.00644905464169e-6,5.496043181475912e-6,-8.828980006206853e-7,-2.028085946371067e-6,3.9652543949137405e-6,7.76558254402553e-6,9.595729455590155e-6,-1.0895676075160508e-6,3.8027485927041904e-5,-1.4444930832279166e-5,2.9710603093818316e-5,7.375028372827978e-5,-9.354295082155886e-6,3.4731294865691037e-7,-4.020143779673667e-8,4.4697266860397544e-7,2.650293174818414e-8
3.230192290806235e-4,-4.456670227966922e-5,-8.763275330367335e-5,5.399649657962181e-5,6.531497130563464e-5,6.193274563136338e-5,-4.799837294313528e-5,-5.646084794984628e-5,-3.6934831609945195e-5,-2.2091863759013163e-5,-4.9567894059595456e-5,-1.1360250010416929e-4,-3.153001379895417e-5,-2.526289616462482e-5,-5.69708116259784e-5,-1.3732969451085137e-5,9.149397911908915e-8,8.869145648181949e-5,1.1014944892061098e-4,4.403852341582419e-5,1.0354368192367529e-4,4.326851896826279e-5,1.416276379768992e-4,-1.3514917395549036e-5,3.144907005612274e-5,-2.4156053271967055e-5,5.819171004842656e-5,9.176435720216949e-5,5.012798416537996e-5,2.5535838064343813e-6,3.438546775410628e-5,4.3956517761503e-5,2.1594489198284027e-4,8.263128473910032e-5,2.2078966317892533e-5,4.6411681513114605e-7,3.141173968524803e-6,-4.6347723211036096e-7,1.937882229509631e-6,-3.038500590547899e-6,8.330374683140586e-7,-2.440794830185343e-6,6.66063726234956e-6,4.017616965704931e-6,-7.587835562907348e-6,1.9576839014003546e-6,3.5248279331537065e-6,-7.001170961950672e-8,8.193406756628878e-6,6.0228515537993936e-6,-2.662273430833494e-4,-2.71386770635652e-5,1.3338632278698278e-4,-6.596289682711146e-5,1.7341451846646696e-5,-1.0422003541712325e-6,1.0585986247771184e-8,-6.312549076840665e-7,3.803648225286412e-7
-1.8928419689207424e-4,-3.878445607131869e-5,-4.1639379794153963e-5,3.48717412631379e-6,1.36945635650189e-6,3.103107069514457e-5,1.9958494239612182e-8,1.5766943122769732e-5,-3.995402072654981e-5,8.404259916798626e-6,-3.800693324361905e-5,-5.571345875771473e-5,-1.4599813210937112e-5,-2.014744352134667e-6,-6.161627371898292e-5,-1.177145161083094e-5,7.534008343345473e-8,1.0494264611151042e-4,7.614259635768225e-5,2.9449282106526015e-5,1.0571557039089001e-4,3.0350798797532825e-5,1.3873122628496452e-4,-3.561058367442161e-5,2.1378296360412645e-5,-9.427615688727865e-6,2.1955868880870165e-5,4.015973552598948e-5,1.0079064943794868e-4,-5.7710865900584506e-5,4.2451868825927046e-5,3.9312949153271e-5,8.263128473910032e-5,1.8194430466518663e-4,-6.826704315784319e-5,1.5634519879266417e-6,2.258619858727804e-7,-2.3728956807907897e-6,2.3796804631420714e-6,-1.5116726410953872e-6,1.5112728534088153e-6,9.453372096177226e-7,-1.0653783969343402e-6,-1.0304820023974442e-6,-5.286307093370852e-6,3.886581041462428e-6,2.6292954112554734e-7,-2.080548074788851e-6,7.971639412647967e-6,6.009884267543712e-6,-2.4096303920241327e-5,-2.7772247274467623e-5,-2.0525837815082712e-5,1.5058207326433028e-5,-1.0342048569503515e-5,1.815189120717828e-7,-4.11201215792758e-9,6.464132950338317e-7,4.190709797601042e-7
0.003758212494054105,-1.8961025292721585e-5,-1.3254403941618075e-4,-1.4012800482389622e-4,2.5741428905139665e-5,2.2585861863388286e-5,5.895325791939274e-5,-1.7723131730459216e-4,-3.206645078064344e-4,-3.1280046814458854e-4,-1.6554444578391274e-4,-6.810527691745308e-5,-4.330231009370632e-5,2.2597206950339472e-4,2.5704999684195755e-5,-1.4100405898657723e-5,1.252204658918442e-7,3.523982637105726e-5,9.765145832147739e-5,1.357939724238143e-4,-3.6710552533705156e-5,4.6780494008549904e-5,8.867527112858012e-5,-3.4345948774302975e-5,6.648923143961572e-5,-5.2742245121195596e-5,-1.556839525327975e-6,-2.8771967753790474e-5,4.827576104970951e-5,-4.7920019741373075e-5,-2.5548504645516222e-5,-2.5280752990562256e-5,2.2078966317892702e-5,-6.826704315784302e-5,8.917083874096366e-4,-3.2603856038759165e-5,-1.2411720487039911e-5,-3.2518183965824992e-6,4.117526251585577e-6,-1.1941227965024945e-6,1.3699829038001456e-6,-2.3312580494580437e-7,7.627267763301306e-6,7.2299902026330115e-6,7.80533949742762e-7,9.575653022945125e-6,1.1604236703024139e-6,-1.269482695161656e-5,-8.873657687534704e-6,-1.2598120832675187e-6,-8.883796540968853e-4,1.3687753335217572e-4,3.263568972727016e-4,-2.0092536934435303e-4,-3.743705253396947e-5,-1.250108471673128e-5,4.2683544060153496e-7,1.2560665795333332e-5,-1.552343085626659e-6
-2.3660517584849248e-4,4.1010622775374795e-6,1.0396976706848458e-6,7.789291905519477e-6,1.7373807441278259e-6,-1.5184530631142616e-6,-8.177215583253602e-6,1.1643239908535943e-6,7.4856853717573285e-6,4.45544600905237e-6,5.185742116702381e-6,-6.80597824499094e-7,2.523149165731892e-6,-9.362497542896463e-6,-2.0953827719901702e-6,9.371230346574658e-7,-7.678686874669852e-9,-2.4156860016574635e-6,-5.235887219615227e-6,-5.879148373761309e-6,8.282671241657369e-7,-2.789123346023114e-6,-6.534961343517052e-6,1.9701856951928543e-6,-3.966250836720135e-6,4.296446889050166e-6,1.917772765216525e-6,4.989622265023695e-6,-6.411712416036288e-6,4.82504376188107e-6,1.14301672824963e-6,2.9271519384072764e-6,4.641168151311456e-7,1.5634519879266396e-6,-3.260385603875929e-5,1.8508115471858344e-6,8.279681459469973e-7,4.939108809796198e-7,1.3511897391551824e-6,9.157796521186988e-8,-1.4161439061619307e-7,-6.688433329215761e-7,-6.546562709988261e-8,-2.555022555213501e-7,-2.0128028127884338e-7,-1.3003676525280563e-6,9.814013920721593e-9,1.3033990532835954e-7,6.799855491041229e-7,3.710821709260475e-8,2.8652078071266553e-5,-4.496920042882603e-6,-2.2932439013356867e-5,1.5384892814627747e-5,6.70584095746491e-7,4.351870218108529e-7,-2.3416660807846716e-8,-2.9623716349226674e-7,4.255705191649977e-8
2.6372242094991445e-4,2.279207038712383e-6,-2.4330266471152387e-5,-2.9877786039609828e-5,-3.628835441951001e-5,-2.2984600235598623e-5,-2.0702869309219962e-5,-8.408874142812278e-6,-1.5337823965147538e-5,-1.901549700546842e-5,-9.681913296265227e-6,-1.626100008648585e-5,-2.598392134226078e-6,-1.7078476402487587e-5,-1.568176406495799e-6,4.862027718124586e-7,-6.209689441470491e-9,1.2494387074690834e-6,5.079516847698644e-6,1.0645744456322333e-6,5.0280715131467515e-6,-9.350694870677962e-6,-7.617807821650512e-6,-4.4231696699075216e-7,-3.218037954225073e-6,5.712233549928148e-6,1.3171787955494223e-6,3.1795463356275416e-6,-7.189776211189553e-6,2.6192799484369163e-6,1.8308597675030622e-6,8.397823662154662e-7,3.1411739685248133e-6,2.2586198587277953e-7,-1.2411720487039911e-5,8.279681459469993e-7,7.617844031574968e-6,-5.113879483645964e-6,-6.476028942540801e-7,-1.4283722219171602e-6,2.0435090692684076e-6,-9.820264306433108e-7,-2.613617307326478e-7,8.47181280407455e-8,2.3478303193268977e-6,-1.6552137475484744e-6,1.0789673001381046e-6,-1.3494984538293293e-6,-9.65583026224739e-7,-4.587825545031791e-8,-2.4388041217200413e-5,-1.9450146486627755e-6,-4.8246868000788945e-6,-3.2272938611950074e-6,1.3026401967327783e-6,1.2999884566845857e-7,-8.957905257569557e-9,-1.7413519882569864e-7,4.5385889471424334e-8
-3.523792612705409e-4,9.432433771494307e-6,2.879473124465024e-5,5.1043428328014013e-5,3.5866088064568094e-5,3.006355759522679e-5,2.60373309683199e-5,2.8959690412076263e-5,4.872394492403334e-5,5.8606450664540084e-5,6.035866873495777e-5,5.191951815150876e-5,5.0646450158218775e-5,5.538901699511372e-5,1.409696408065734e-6,1.4664833618154172e-6,-1.2179742740504544e-8,-4.825826425671543e-6,-1.302413971191219e-5,-6.499712349841749e-6,-6.234341128888532e-6,8.299083154725665e-6,8.971667873220964e-7,1.9825345230635025e-6,9.206848593791044e-7,-3.492566265889335e-6,-9.072863763045524e-7,2.910509739360186e-6,6.759505119969965e-6,2.795236953221995e-7,2.770603681541523e-7,-1.450934433241659e-6,-4.634772321103622e-7,-2.3728956807907876e-6,-3.251818396582435e-6,4.93910880979619e-7,-5.113879483645954e-6,8.5545562897834635e-06,1.2023095604387201e-6,2.0121794918946817e-6,-2.3245323275577445e-6,-4.3692274115404455e-7,-5.664579989465061e-7,-2.34409176156999e-6,-2.5208544085901644e-6,3.1947427019146345e-7,-6.843942352530799e-7,8.689821310455115e-7,8.552868015497367e-7,3.357143125466701e-7,2.178363176319141e-5,1.0042189252605078e-7,-1.474770735619516e-5,-5.27274485106466e-6,7.999215837568833e-7,2.5431951473828692e-8,-6.131845548954379e-9,-3.1566446632792265e-8,-5.73790105295708e-8
-0.0013122253738093684,-2.89073901245953e-6,-2.79709041712123e-5,1.8468126093536728e-5,2.3498649481059867e-5,-6.718859370725994e-6,-2.3840581153640438e-5,-3.412413755081423e-5,-4.871889715463836e-5,-8.030533946004361e-5,-3.956532279286395e-5,-1.872108526157324e-5,-3.6809382238546756e-5,-9.520064310051188e-6,-1.8258304057069053e-6,-1.259353307542154e-7,2.664360989048425e-9,3.093678115715673e-7,1.7486403661931898e-6,-6.696089731015552e-6,-3.1076390369978525e-6,-4.810149824281429e-6,6.892827392400021e-6,3.163020868894364e-6,9.82353784982246e-7,7.203345999976681e-6,-1.0029338861999598e-6,2.2627120009744498e-5,-1.0504284862443146e-5,-2.6971245368210096e-6,-1.9477270131851534e-6,9.473895865557209e-8,1.9378822295096317e-6,2.3796804631420616e-6,4.117526251585328e-6,1.3511897391551915e-6,-6.476028942540927e-7,1.2023095604387381e-6,2.4454421812164126e-5,-1.6711223124491515e-6,-1.4550807679016225e-7,4.302026177021793e-7,1.3105147782379492e-6,3.2421141526887606e-7,2.190323061766203e-6,-4.687907025993385e-6,-1.4627887223267209e-6,-6.912907500567393e-6,3.858886226990667e-6,1.8559964800277082e-6,-6.839445216903063e-5,1.0323118067192456e-6,-5.232046442091332e-5,4.935643524330567e-5,-6.837031519459076e-7,-1.3258503372915927e-7,-1.4876902138294594e-8,4.805683001055351e-7,4.2626273404318444e-8
2.5786318842006546e-4,-1.4196791802854626e-5,-6.486208150934023e-6,-4.097680455623543e-6,-2.0423808635151187e-6,-1.6120853304504607e-6,9.064251511942177e-6,-2.6317056710965775e-6,1.1384629988363451e-5,7.774054876327197e-6,2.246490881497801e-7,-6.272436917536164e-6,-1.242067516844437e-5,-2.7942212652475825e-6,4.356001749042642e-6,1.1365951967006479e-6,-1.0129613759243702e-8,-3.103121759122815e-6,-6.3009533589230185e-6,-4.6765670474939556e-6,-4.124992016647949e-6,-2.3734402813704464e-7,-2.77075882451099e-6,2.379905404275841e-6,-2.229506382011918e-6,2.486741309182863e-6,-1.608974775009972e-6,-3.5419049441597306e-6,-1.7253514493421617e-6,4.1229601855634565e-6,1.5592006413622543e-6,-2.0361115903326084e-6,-3.0385005905478978e-6,-1.5116726410953918e-6,-1.194122796502475e-6,9.157796521186971e-8,-1.4283722219171532e-6,2.0121794918946843e-6,-1.6711223124491325e-6,7.261462908261735e-6,-4.063484515971882e-6,-2.0826778986744467e-6,-2.672083140153341e-7,-1.2007869671799516e-6,-9.970477884371186e-8,-1.1988342391407723e-7,-4.119002469760823e-8,-1.3936613191897463e-6,-1.3302395945740065e-6,-5.62005604058145e-7,1.8128059640703874e-5,1.8739803012473262e-6,-1.5864065892564587e-5,-1.2427894982968232e-5,-5.711540030168576e-6,-6.326507197832077e-8,6.692229230891284e-10,5.13189586561273e-7,-2.8754263892376432e-8
-5.239166608741603e-4,1.459072547460775e-5,2.5860734285452076e-5,9.869184235537248e-6,1.0505221036746747e-5,2.1246879266716507e-5,1.2416932145936742e-5,2.67776763799711e-5,1.466161933297932e-5,1.567542209423721e-5,2.6022962609310875e-5,1.6255180476324372e-5,2.097704598413823e-5,7.281722038158472e-6,-6.040890091460364e-6,-1.668220317977402e-6,1.713416723885973e-8,8.7075490758693e-6,1.1417233840084722e-5,8.824197540665404e-6,2.6724496860037914e-6,-6.005546140116646e-7,4.135236802219746e-6,-7.183049795217401e-7,5.187641143917636e-6,2.0863996276269912e-6,1.403866630861838e-6,2.7542124252913483e-6,5.686185305076901e-6,-7.683788583348116e-6,-1.328372590683967e-6,-1.1320354187498214e-6,8.330374683140591e-7,1.5112728534088142e-6,1.3699829038000134e-6,-1.4161439061618478e-7,2.043509069268421e-6,-2.3245323275577365e-6,-1.455080767902367e-7,-4.06348451597196e-6,7.407253615067629e-6,-3.508464650431687e-7,-9.543072595833138e-7,9.887516488830775e-7,1.4850375144486546e-6,4.794689565232586e-7,4.494696924077142e-7,-4.431248328125856e-7,1.991082861997964e-6,-9.207170109411302e-7,-2.22964735152435e-6,2.9962607896331592e-6,3.299425411187536e-6,-1.40327063685561e-5,4.130326739067385e-6,1.0041554404953427e-8,2.6931676499759965e-10,-3.342709354517733e-7,-4.791863226382928e-8
1.8944456086263385e-5,9.245280800526635e-6,1.3365813466532718e-6,1.2013742490793534e-6,1.5813620681529508e-5,1.096800551847883e-5,1.9386536143254376e-5,9.214124976107717e-6,1.5944098755604932e-6,4.094575166478386e-6,3.4041842008365118e-6,1.5181407043778387e-5,2.4687131660945783e-6,1.1380298479696022e-5,2.599370693562169e-6,-6.011116604520941e-7,5.932851992607626e-9,-6.599241412431005e-7,2.931883309505483e-6,-2.1351742664642252e-6,-3.0618685437594963e-7,2.49330410612397e-6,3.5133094468613754e-6,-2.4690711825859537e-6,7.812976384383344e-8,-2.485432544749156e-6,-4.830732394866432e-6,-2.9652845652675024e-6,4.851132026255235e-6,-3.4740522543408014e-7,-2.325740500310104e-6,-3.2527003095545647e-6,-2.4407948301853436e-6,9.453372096177255e-7,-2.3312580494590977e-7,-6.688433329215737e-7,-9.82026430643317e-7,-4.3692274115403793e-7,4.3020261770216807e-7,-2.0826778986744784e-6,-3.5084646504316944e-7,5.417113599671345e-6,-4.2045687059830693e-7,7.336792495979235e-9,-3.7884156444172736e-9,6.190585855197049e-7,-1.007126891780882e-6,-3.709958141748595e-8,9.667373514794997e-7,-3.6585391571112076e-7,-9.880760633619004e-6,-8.041500854759322e-7,-9.789217767437765e-6,1.2094677992108925e-5,5.8830563610798515e-6,9.144074646288561e-8,5.812571115676375e-9,-6.443388446601794e-7,1.8942971244407446e-8
1.9098631385213976e-4,-9.448568901567385e-6,-3.5976096360779405e-5,-2.228111953097191e-5,-1.7372207208435556e-5,-2.9163109274224985e-5,-4.107294679125288e-5,-3.767960388121198e-5,-3.685836718341067e-5,-3.62683520122698e-5,-4.248718787588602e-5,-4.3984540337327397e-5,-3.575612256618346e-5,-3.0049444383643706e-5,1.205808520937896e-6,-2.809136210125324e-7,2.6737850630551954e-10,1.2645982073093007e-6,4.1297742632066356e-6,1.7562760681260678e-6,1.0936342636672298e-6,2.3207478783459413e-6,2.264395148640795e-6,-1.8599906858201295e-6,1.9908630427293155e-6,-8.424785309492426e-7,2.3404412315598285e-6,2.6651874901884285e-6,-4.047306540676683e-6,3.502513265406374e-6,-1.6343993634991437e-6,3.006449054641695e-6,6.660637262349556e-6,-1.065378396934344e-6,7.627267763301382e-6,-6.546562709988366e-8,-2.613617307326424e-7,-5.664579989465072e-7,1.3105147782379409e-6,-2.6720831401533224e-7,-9.543072595833153e-7,-4.204568705983085e-7,4.476157854848041e-6,1.8455744827640838e-6,-9.87344141027766e-7,-3.6462000615622915e-7,2.1228347299784598e-6,-1.0861927073565443e-6,-1.3378595788418064e-6,-8.378812935226577e-7,-2.6028648451497456e-5,-5.272558202161888e-6,-1.374129981325407e-6,4.8771051426860496e-5,2.742264521912576e-6,-1.227207104026232e-7,1.875350674160341e-9,-2.7307996183679727e-7,9.426483888140124e-8
-1.0281182417555143e-4,8.43458017817885e-6,1.077359640339911e-5,1.0688260676650328e-5,2.0858761303824993e-5,1.7001511783059012e-5,2.067243001893789e-5,5.2780424189500724e-6,3.5243051527909453e-6,4.3563036778164936e-7,-8.488263071095314e-6,3.794130453659924e-6,5.202890315292237e-6,4.915654291680606e-6,3.886074288197312e-7,-1.6067556278868815e-6,1.4578765348891158e-8,5.796309896503674e-6,9.227286339361e-6,7.594095604557254e-6,1.673714090786946e-6,-7.794984360184387e-7,7.0062146758886925e-6,1.9866968447981354e-6,1.1766968487765188e-6,1.1476427205322592e-6,1.6750451634025743e-6,2.303766404376964e-6,-4.6921451992342255e-6,-9.301323482233406e-7,-7.512358288086363e-7,5.496043181475899e-6,4.017616965704937e-6,-1.0304820023974455e-6,7.2299902026329674e-6,-2.5550225552135524e-7,8.47181280407523e-8,-2.34409176156998e-6,3.242114152688708e-7,-1.2007869671799586e-6,9.887516488830675e-7,7.336792495980548e-9,1.845574482764083e-6,6.820084710252443e-6,-5.523664843324932e-7,-7.168290933735404e-7,1.3126188058454834e-6,-8.842783010532176e-7,-7.312773138244495e-7,-9.630163864815322e-7,-1.6339732353411093e-5,-1.948015581097293e-6,2.6327567619210458e-5,1.8232589899277396e-5,5.210886515797176e-6,-1.1261899075186779e-7,2.9674075166353253e-9,-5.395855988468363e-7,5.803513253610824e-8
-8.92128540194136e-4,-1.1696237360586406e-5,-4.252985269544634e-5,-2.4137358347250612e-5,-1.24248329558358e-5,2.5132933721383156e-5,2.4302993859746714e-5,1.9245846264180124e-5,-3.984554618515253e-5,-4.014100935792718e-5,-2.9037446178657585e-5,-2.811684008656566e-5,-3.624826513988522e-5,-4.288611885881592e-5,-9.553820278240141e-6,4.2627046130144986e-7,-7.825192974892335e-9,8.949076299610791e-7,-2.7188354742796825e-6,9.737441908655784e-7,9.136890365304549e-7,8.223019736171218e-6,-1.5989137460082689e-6,1.4729703262495262e-6,-4.0176459471787e-6,4.9302904339198765e-6,1.0075853231459725e-6,7.914755548479989e-6,2.365332196649369e-6,-1.1724879292650155e-5,-1.0242408832209594e-6,-8.828980006206848e-7,-7.587835562907348e-6,-5.286307093370847e-6,7.805339497429157e-7,-2.0128028127885193e-7,2.347830319326863e-6,-2.520854408590171e-6,2.1903230617662143e-6,-9.970477884370844e-8,1.4850375144485796e-6,-3.788415644425167e-9,-9.87344141027754e-7,-5.523664843324989e-7,2.2244405531481313e-5,-1.4616227438208922e-6,-1.875652527237996e-6,-4.2882458154585725e-7,1.8264526178888499e-6,-3.405057493167487e-6,-7.925506466945074e-5,1.5777076986577397e-7,4.3459841994875954e-5,-2.0014836154525832e-5,-2.5893544500323492e-5,7.256835129613702e-8,3.030402824173233e-9,2.3197569739678926e-6,-2.7402197801211143e-9
7.585742036336163e-4,-6.0981377084152224e-6,1.7466241048483598e-5,3.2499499759112445e-6,-1.9741795030400557e-6,-1.4019783287238329e-6,4.915696184356888e-6,2.993570843161443e-6,1.1184081512237486e-6,8.36171818281166e-6,-7.853634929045366e-6,-1.5239637137300473e-5,-5.1880786387493295e-6,-3.6032123854285644e-6,3.1782362691811504e-6,-1.143306820367308e-6,9.615179009725369e-9,7.843326974697324e-6,8.86450743007922e-6,6.086789830103786e-6,4.153446001784014e-6,4.716451460763647e-6,9.375839847265632e-6,-2.520572453552705e-6,5.303155305981517e-6,-6.5293918140150415e-6,-8.332768132362606e-7,-8.052497165884104e-6,1.3588337196597095e-5,-4.208946613138087e-6,5.14909183924505e-7,-2.028085946371053e-6,1.9576839014003546e-6,3.886581041462425e-6,9.575653022945106e-6,-1.3003676525280578e-6,-1.6552137475484814e-6,3.194742701914629e-7,-4.6879070259933875e-6,-1.198834239140817e-7,4.794689565232829e-7,6.190585855197132e-7,-3.64620006156222e-7,-7.168290933735681e-7,-1.4616227438209415e-6,4.749014552574279e-6,-8.535569824316137e-7,1.9107308366710985e-6,-2.0032815889584762e-7,3.4324660027883616e-7,-5.87721444724674e-5,2.055902443262143e-6,2.4242576250180944e-5,-1.0018217912808127e-5,-6.751845706818919e-6,-6.596873481781958e-8,1.4815470935102766e-8,5.869183729384175e-7,-4.388058490465236e-8
4.6079816102773905e-5,-1.929809249280788e-5,-2.446377442270023e-5,-2.062520979177952e-5,-2.7428441631487594e-5,-2.928524144207774e-5,-4.1412908686728757e-5,-2.7379257830410396e-5,-1.740202472678263e-5,-1.4734548020583022e-5,-2.2680659258631047e-5,-4.21176400070473e-5,-3.78921849462426e-5,-2.9109492277679943e-5,-3.1205649557836387e-6,-6.190838152688423e-7,4.849257381671095e-9,3.3565389478231397e-6,1.967749744642651e-6,4.036768183880789e-6,2.6131303700992764e-6,-9.09585429320451e-8,7.177332615970454e-7,-1.010720791316807e-6,1.8925203225096581e-6,-8.363873231318966e-7,2.808173413553153e-6,3.1906336370363944e-6,-2.331023801154719e-6,1.6304573541551739e-6,9.307266428323758e-7,3.965254394913748e-6,3.524827933153706e-6,2.6292954112554507e-7,1.1604236703027383e-6,9.814013920713513e-9,1.0789673001381283e-6,-6.843942352530885e-7,-1.4627887223267738e-6,-4.119002469759151e-8,4.49469692407676e-7,-1.0071268917808734e-6,2.1228347299784458e-6,1.3126188058455242e-6,-1.8756525272379692e-6,-8.535569824316104e-7,5.924117244136287e-6,-9.69931693182528e-7,-2.592551727033719e-6,-8.787334603725607e-7,1.4284626884409873e-5,6.559085143892247e-7,-5.292828310882758e-6,5.866399496798688e-6,8.097182115467562e-6,-3.587483595509798e-8,1.619350691827885e-10,-7.5501522236102e-7,-1.1329191368589274e-8
1.672969743665476e-4,-1.0068525613786134e-5,3.102650893321555e-5,8.772434246701924e-6,1.3309097251545153e-5,2.6762573395398395e-5,1.9558465788346476e-5,3.352298700421577e-5,4.5005751713931174e-5,5.5489886823190475e-5,3.301075402303177e-5,9.131490258627236e-6,3.313807554287721e-5,9.690224216001004e-6,-4.412326919537284e-6,1.956502295763949e-7,-1.4374905807811206e-9,-8.251103633430286e-6,-4.438025728233491e-6,-3.6526261482172605e-6,5.354328445681963e-6,2.9987311840723733e-7,-9.747538541167082e-6,3.0973750668928864e-6,-3.303921493626573e-6,-3.536771057260329e-6,1.157061361147197e-6,-4.159579086472198e-6,-6.326324638323575e-6,1.369139279871598e-6,2.826230025343101e-7,7.765582544025536e-6,-7.00117096195062e-8,-2.080548074788847e-6,-1.2694826951616514e-5,1.3033990532835834e-7,-1.349498453829327e-6,8.689821310455156e-7,-6.9129075005673825e-6,-1.3936613191897386e-6,-4.4312483281260806e-7,-3.70995814174823e-8,-1.0861927073565441e-6,-8.842783010532267e-7,-4.288245815458872e-7,1.910730836671069e-6,-9.69931693182528e-7,1.0332847707759759e-5,-8.873101422930457e-7,-1.6127544455121915e-7,8.462384871471679e-6,-6.966890280569885e-7,5.656065337576535e-5,-4.2451858958818106e-5,-4.9437954118733236e-6,1.4427962263956316e-7,9.42256682163619e-10,3.726343420720408e-7,-1.8396727334289737e-8
-0.0025051312426867143,5.4782064059010075e-5,4.856133071808278e-5,1.0268247633808072e-4,1.0364327208487032e-4,1.0984930695995216e-4,8.289412214398218e-5,6.804366646679309e-5,5.9188279133119115e-5,4.562084194238121e-5,8.117702601116299e-5,8.425403090504608e-5,6.384596419755444e-5,7.114597825992348e-5,-1.4472030957881156e-5,-4.984585818474228e-7,2.0080853566364246e-9,-5.302845597240276e-6,-3.978808002827609e-6,-1.1005315366682655e-6,4.896129587080856e-6,4.342078507287162e-6,-3.297727787802854e-6,2.127428341625368e-6,-1.025270373150487e-8,7.046279524324861e-6,5.178459100652059e-6,1.2624413828936762e-5,-4.282826587857908e-6,-8.383825017009683e-6,-1.0746203242840666e-7,9.595729455590186e-6,8.193406756628873e-6,7.971639412647987e-6,-8.873657687535425e-6,6.799855491041623e-7,-9.655830262246293e-7,8.552868015497602e-7,3.858886226990417e-6,-1.3302395945738903e-6,1.9910828619980236e-6,9.66737351479474e-7,-1.3378595788417905e-6,-7.312773138242384e-7,1.8264526178889483e-6,-2.0032815889590086e-7,-2.5925517270335936e-6,-8.873101422929731e-7,2.8273233210832622e-5,-4.858271214045472e-7,-2.8519945175883313e-5,-8.53371895946069e-6,-1.0266411381259803e-5,2.36622698360313e-5,-3.4780884581576384e-6,1.0539712016872131e-7,-9.368187734286627e-9,2.1439036148276904e-7,1.957109855701961e-9
1.635622364984469e-5,-9.49019045819706e-6,-1.8974967947844776e-5,-5.776676428119527e-6,-1.5572142161614436e-5,-2.9110320396772733e-5,-2.5623755010073055e-5,-2.8915813863093502e-5,-2.4694054919112943e-5,-2.9837623953496637e-5,-2.8101913550550814e-5,-1.4607243623587996e-5,-1.837622843154618e-5,-1.2931296297375182e-5,8.048829746982846e-7,-5.817398639309883e-7,4.967789754468413e-9,6.010383993352826e-6,6.4769319634939276e-6,5.32929129816146e-6,6.687713213920448e-7,-5.282056826757789e-6,9.162851980478324e-6,-2.5613206871669575e-6,-1.602907475890975e-7,-7.111996293693216e-7,-9.797258157202972e-7,1.201995346845106e-6,6.142676784992766e-6,-1.4747933984483524e-6,2.3006551988250704e-6,-1.0895676075160388e-6,6.022851553799399e-6,6.009884267543711e-6,-1.2598120832675662e-6,3.71082170926061e-8,-4.5878255450326794e-8,3.3571431254666363e-7,1.855996480027701e-6,-5.620056040581475e-7,-9.207170109410746e-7,-3.6585391571112553e-7,-8.378812935226517e-7,-9.630163864815428e-7,-3.405057493167485e-6,3.432466002788251e-7,-8.787334603725441e-7,-1.6127544455123146e-7,-4.858271214044656e-7,4.868451998349458e-6,6.877074200718942e-6,-5.865281061996822e-6,-5.625560878998363e-6,-1.561357974333158e-5,3.934660849589337e-6,-8.905669654692518e-9,-3.9474243375589887e-10,-3.0904065057510604e-7,7.847516396108245e-8
-0.036208700914271405,-1.8053879410780756e-4,4.8707790582251675e-5,-6.510371887133175e-4,-7.053067371874829e-4,-6.745707879502968e-4,-6.728693383005876e-4,-3.348151155763241e-4,-3.9842885268553005e-5,1.1788790323660231e-4,-1.6156019717642608e-4,-3.41524700529301e-5,-4.77256788750559e-4,-9.462419658612403e-4,-6.489678131622024e-5,1.4060782861952826e-5,-5.909541306509558e-8,-1.8913142810591854e-4,-3.8747196579596514e-4,-1.8738953445373676e-4,-1.0257797083910064e-4,1.653721929466913e-5,-6.179225328160356e-5,7.45120067685007e-5,-4.7640310164499286e-5,7.634957218283327e-5,-3.338386505518869e-5,-1.232171003199178e-4,-8.426639339351635e-5,-2.9748435273126516e-5,-5.676094187557279e-5,3.802748592704058e-5,-2.6622734308334977e-4,-2.4096303920241358e-5,-8.883796540968516e-4,2.8652078071266136e-5,-2.4388041217197215e-5,2.1783631763188772e-5,-6.83944521690299e-5,1.812805964069991e-5,-2.229647351523503e-6,-9.880760633619872e-6,-2.602864845149831e-5,-1.6339732353411934e-5,-7.925506466944814e-5,-5.877214447246868e-5,1.428462688441347e-5,8.462384871474278e-6,-2.851994517588859e-5,6.8770742007164435e-6,0.0068229841193885475,-1.514697862881606e-4,-0.001737737366142946,7.610218070425579e-4,4.766253159086027e-4,1.393913373829755e-5,-4.608670392582054e-7,-6.187005074499531e-5,2.067534474782296e-6
0.0015432958649847994,-1.7931015790318134e-6,6.009956065617787e-5,-1.7436790948538172e-5,1.3532991509494595e-5,1.2203225269145851e-5,7.080924651492118e-5,5.1928108370146605e-5,6.547277875923701e-5,7.310848790317015e-5,1.3839820451966344e-4,1.1802024976084497e-4,1.2706717053363042e-4,1.561647431455604e-4,3.081496878001002e-5,5.519088040782902e-7,-4.9014630362788495e-9,-1.1976417282164074e-5,-4.664579539021334e-6,6.039844208425248e-6,-2.9946500169662148e-5,-2.4378801882786752e-6,-2.2629094486291763e-5,-8.235655503464869e-7,1.0060391556631965e-5,-1.8196630505200648e-5,1.8458835542626586e-6,-4.943050719463678e-6,3.54848232437538e-6,-1.513783545795897e-5,-6.206017650124573e-6,-1.4444930832279166e-5,-2.7138677063565197e-5,-2.7772247274467637e-5,1.3687753335217553e-4,-4.4969200428825945e-6,-1.9450146486627645e-6,1.0042189252604154e-7,1.0323118067192291e-6,1.8739803012473116e-6,2.996260789633152e-6,-8.041500854759142e-7,-5.2725582021618815e-6,-1.9480155810972812e-06,1.577707698657782e-7,2.0559024432621823e-6,6.559085143891966e-7,-6.96689028056986e-7,-8.533718959460796e-6,-5.8652810619968115e-6,-1.5146978628816673e-4,1.274246561812016e-4,1.4844170767734625e-4,-1.1237330305647685e-4,-1.0026850767232009e-5,-1.7485456134521663e-6,5.651568295059665e-8,2.651316807239603e-6,-1.7920971662392572e-6
0.012958889816044625,-1.1338338269681503e-4,3.562890134143862e-4,1.0199791424028823e-4,4.1167582259498184e-4,3.4432346235013675e-4,5.247471624860101e-4,3.5284681018619366e-4,2.2396215320982769e-4,3.45849181853751e-4,3.5822706423392755e-4,4.444733341104869e-4,3.8527198409700844e-4,4.925064794908064e-4,6.662305176679798e-5,-2.4995686837986514e-5,1.291427808133829e-7,6.863996111617886e-5,1.9653024313235593e-4,1.574618884588126e-4,9.795399359909413e-5,-6.189645520193034e-5,2.145658032868257e-4,-6.044421005081767e-5,-8.026770491645704e-6,-1.4113664470208288e-4,4.6078446870600794e-5,4.2683642455288985e-5,7.995917654824365e-5,-5.882104682398947e-5,1.0561383089078866e-4,2.9710603093817974e-5,1.3338632278698292e-4,-2.052583781508264e-5,3.2635689727271536e-4,-2.2932439013357382e-5,-4.824686800077866e-6,-1.474770735619518e-5,-5.232046442091135e-5,-1.5864065892566125e-5,3.2994254111880096e-6,-9.78921776743655e-6,-1.374129981325414e-6,2.632756761920936e-5,4.345984199487671e-5,2.4242576250181293e-5,-5.2928283108827065e-6,5.6560653375765886e-5,-1.0266411381264443e-5,-5.625560878997704e-6,-0.0017377373661429621,1.4844170767734578e-4,0.004383851290781932,-0.0014768256760672109,7.565527255876041e-5,-5.896671090862623e-6,3.261705817825522e-7,-5.736934296464835e-6,-1.0648403662846535e-6
-0.005323091451188972,4.961157233804492e-5,-5.856371497726935e-4,-6.694877386179358e-4,-5.830213781931914e-4,-8.455605027628188e-4,-0.0010110053445453882,-9.968086616668412e-4,-0.0011163468217461503,-0.0010033942779097875,-9.996021996895076e-4,-7.969234923516236e-4,-9.631541993343433e-4,-8.030222388513294e-4,-8.388531194728652e-6,1.5776113379692942e-5,-8.638241568881324e-8,-4.055500919121081e-5,-5.740142139621619e-6,-2.9975376142402192e-5,1.4501358284257831e-5,2.95664471858506e-5,-3.3492942825470945e-5,6.08899656259501e-7,-3.28974663858084e-5,1.0326315966002379e-4,4.1940188561467853e-5,-1.0574238625184198e-5,-8.20229172907132e-5,-1.1621107842158283e-5,-5.1380502231855936e-5,7.375028372827966e-5,-6.59628968271115e-5,1.5058207326433067e-5,-2.009253693443507e-4,1.5384892814627788e-5,-3.227293861195062e-6,-5.2727448510647045e-6,4.935643524330536e-5,-1.2427894982968236e-5,-1.4032706368556343e-5,1.2094677992108653e-5,4.877105142686056e-5,1.8232589899277552e-5,-2.00148361545256e-5,-1.001821791280834e-5,5.866399496799286e-6,-4.245185895881795e-5,2.366226983602997e-5,-1.5613579743331874e-5,7.610218070425711e-4,-1.1237330305647629e-4,-0.0014768256760672154,0.0033871755327652318,1.4628019720812837e-4,2.662380149144338e-6,-2.0928361548212513e-7,-2.08344710939299e-5,2.3308264757883782e-6
-0.0030342930722100595,6.09783926445476e-5,5.518450722940719e-5,-9.032449346619749e-7,1.7941843464926413e-5,-2.1554711714045663e-5,-1.7556844003667468e-5,2.9231085578203366e-5,5.927003998949303e-5,1.4207156203851625e-4,2.047138582079057e-4,1.2789195710778776e-4,9.488570090109317e-5,1.4155898994560126e-4,-1.4206636789812701e-5,-2.0305606517908494e-6,3.312411679245457e-8,-2.4325387606383464e-5,-9.64606974448932e-6,1.6047169885993193e-5,-3.9424793645429245e-6,-3.653592855107454e-5,7.877501530156498e-6,1.0292512494729411e-5,1.5177933940909171e-5,1.6861430568984118e-6,-1.1095659930473535e-5,1.8129459269758944e-5,-3.5467294724027295e-6,1.3150698376711104e-5,-1.6291507155834574e-5,-9.35429508215661e-6,1.73414518466468e-5,-1.0342048569503656e-5,-3.743705253396682e-5,6.705840957466006e-7,1.302640196733256e-6,7.999215837569818e-7,-6.837031519472829e-7,-5.7115400301688366e-6,4.130326739066857e-6,5.88305636107938e-6,2.742264521912688e-6,5.210886515797706e-6,-2.5893544500323296e-5,-6.751845706819664e-6,8.097182115468943e-6,-4.943795411873354e-6,-3.4780884581641762e-6,3.934660849588893e-6,4.76625315908655e-4,-1.0026850767231382e-5,7.565527255874389e-5,1.462801972081292e-4,2.604008815901085e-4,9.213489420284508e-8,-1.581092945415675e-8,-2.4831008154638345e-5,2.608087300884737e-7
-5.357867474590329e-5,-1.3664175921988662e-7,8.68014937393388e-7,8.011040093575506e-7,-1.1054911964690024e-6,-6.317007382513365e-7,-1.1368435087249174e-6,1.6296821886063505e-6,2.5739210617854457e-6,2.0874764886542256e-6,1.9331361205710432e-7,-8.379533900123866e-7,-1.474649365994321e-6,-5.32166166007079e-6,7.241386258223429e-8,1.6726577449885326e-7,-1.2293478136659696e-9,-1.0942301678688581e-6,-2.4705079385971926e-6,-2.92356710841792e-6,1.9500756524211498e-7,-5.234921569828711e-7,-1.885912538073771e-6,8.637131002582513e-7,-1.0050000793394475e-6,8.102894781089682e-7,-3.1017439358189864e-7,7.552224656038106e-8,-1.1725454482623393e-6,6.075105618189567e-7,-4.727716806789429e-8,3.4731294865690624e-7,-1.0422003541712355e-6,1.8151891207178053e-7,-1.250108471673112e-5,4.351870218108441e-7,1.2999884566845902e-7,2.5431951473829592e-8,-1.3258503372916385e-7,-6.32650719783221e-8,1.0041554404952488e-8,9.144074646288381e-8,-1.2272071040262238e-7,-1.1261899075186922e-7,7.256835129613826e-8,-6.596873481781952e-8,-3.5874835955093254e-8,1.4427962263956377e-7,1.053971201687093e-7,-8.905669654692707e-9,1.3939133738298027e-5,-1.7485456134521672e-6,-5.896671090862391e-6,2.662380149144364e-6,9.213489420287773e-8,2.428996362751879e-7,-7.213256717994206e-9,-1.9175858798035043e-7,2.0916289964636126e-8
3.4492820076253223e-6,-5.0675921102922644e-8,-8.974860907776052e-9,-8.74992905916709e-8,-3.2327510368804875e-8,1.7345423419624943e-8,1.1162413175263566e-7,-8.822276085457892e-9,-6.392664992520386e-8,-2.3148898987111082e-8,-3.2106415903353226e-8,7.86618130687267e-8,4.221879111251916e-8,1.8271632119506576e-7,1.997161781209847e-8,-1.0230458987472125e-8,6.591893120489639e-11,2.387629374083988e-8,7.508330982099753e-8,8.462913287817038e-8,-1.370891935897503e-9,2.8718185969902053e-8,7.335165538768764e-8,-3.0369436478121815e-8,4.4100613441584723e-8,-5.771845463094225e-8,-2.1281403380891536e-8,-4.739081994163207e-8,7.704879551014845e-8,-5.7938452366703616e-8,-6.080980340931982e-10,-4.0201437796736575e-8,1.0585986247771257e-8,-4.112012157927562e-9,4.2683544060153093e-7,-2.341666080784648e-8,-8.957905257569547e-9,-6.131845548954426e-9,-1.4876902138294368e-8,6.692229230891778e-10,2.6931676499766773e-10,5.8125711156764055e-9,1.8753506741602975e-9,2.967407516635377e-9,3.0304028241731605e-9,1.4815470935102725e-8,1.619350691826709e-10,9.422566821635839e-10,-9.368187734285935e-9,-3.947424337558848e-10,-4.608670392582183e-7,5.6515682950596733e-8,3.261705817825443e-7,-2.0928361548212564e-7,-1.581092945415715e-8,-7.213256717994223e-9,3.48599640611787e-10,5.770174738263441e-9,-4.518531843670801e-10
3.537542390130315e-4,-4.740945485056504e-6,-3.964969551379596e-6,3.1048507409783397e-6,1.4408386789652726e-6,4.869289028497107e-6,4.186185935169129e-6,-1.4602026911164875e-6,-4.511397381202843e-6,-1.2745427584291247e-5,-1.600286107190666e-5,-9.686663257923722e-6,-4.9880801151725335e-6,-6.584686232378715e-6,1.0447325197325002e-6,1.534952717230024e-7,-2.660661265924118e-9,2.8976279621738065e-6,2.447220532446926e-6,4.2905021181408725e-7,-1.5346937432001184e-7,3.384893046256816e-6,-3.9363694533373845e-7,-1.5653378452909787e-6,-6.957508554703339e-7,-7.854441192884818e-7,1.2358024785476032e-6,-1.2644256316066745e-6,5.577546225826333e-7,-1.1004040848177123e-6,1.460484095863158e-6,4.469726686040316e-7,-6.3125490768406e-7,6.464132950338392e-7,1.2560665795332998e-5,-2.962371634922747e-7,-1.741351988257747e-7,-3.15664466327402e-8,4.805683001056081e-7,5.131895865612626e-7,-3.3427093545167613e-7,-6.443388446601488e-7,-2.7307996183676296e-7,-5.395855988468434e-7,2.319756973967794e-6,5.869183729383917e-7,-7.55015222361092e-7,3.726343420719937e-7,2.1439036148319367e-7,-3.090406505750876e-7,-6.18700507449877e-5,2.6513168072395193e-6,-5.736934296464754e-6,-2.0834471093929004e-5,-2.483100815463634e-5,-1.9175858798034818e-7,5.770174738263462e-9,2.561649014619947e-6,-5.1737744220336524e-8
-1.0895309397680795e-5,-1.6623852911533023e-7,-1.3732074848032942e-6,-1.5536432237384836e-6,-1.5454512012696876e-6,-1.4342269859377156e-6,-2.1304725764429743e-6,-2.2088338458607796e-6,-3.0092167516300754e-6,-3.2136069064455862e-6,-4.151331303123304e-6,-1.8858764454377109e-6,-2.609115262145089e-6,-3.1939666995670986e-6,-1.1456442633857661e-7,4.711253681311201e-9,-3.1114095432375264e-10,1.7531850866337283e-7,2.0052448176934285e-7,2.9751472065814395e-8,4.5206088940022734e-7,-2.908066530205955e-7,4.312203098235505e-7,9.450693034745928e-8,-1.589102870809961e-7,2.3080346104572626e-7,-1.0522453286881791e-7,-1.0885263707441147e-7,-2.462115276699753e-7,3.0215593588976753e-7,2.1989813774871995e-7,2.6502931748184047e-8,3.8036482252864117e-7,4.190709797601042e-7,-1.5523430856266545e-6,4.2557051916499696e-8,4.5385889471424506e-8,-5.737901052957071e-8,4.262627340431822e-8,-2.8754263892376717e-8,-4.791863226382971e-8,1.8942971244407102e-8,9.426483888140115e-8,5.8035132536108175e-8,-2.740219780120237e-9,-4.3880584904652774e-8,-1.1329191368588637e-8,-1.8396727334289942e-8,1.957109855699303e-9,7.847516396108223e-8,2.0675344747823484e-6,-1.7920971662392562e-6,-1.0648403662846645e-6,2.3308264757883804e-6,2.608087300884724e-7,2.09162899646361e-8,-4.518531843670802e-10,-5.173774422033819e-8,3.874689558060425e-8
