(Intercept),year2010,year2011,year2012,year2013,year2014,year2015,year2016,year2017,year2018,year2019,year2020,year2021,year2022,gendermale,age,age_squared,relationship_statuspartnered,relationship_statusseparated,relationship_statuswidowed,food1,housing1,health1,security_obj1,social_support1,education1,occupation1,personal_income,relative_income,country_average_food,country_average_housing,country_average_health,country_average_security_obj,country_average_social_support,country_average_education,country_average_occupation,gdp,growth
0.6094237216702453,-0.005394885786756155,-0.004313405193895661,-0.01057380811217901,-0.01286522637754153,-0.011039571566409551,-0.00556926232515471,-0.006290741483338389,-1.9466649621634446e-4,0.0017849410854208609,-0.001405506474711356,-0.006991557817920333,-0.001583975359856579,-0.002173553358196852,0.0019524406628336963,2.7139330607862136e-4,-2.3337300911131913e-6,-6.292820490260645e-4,1.256606783778998e-4,-3.9758476586938726e-4,-9.320339576752522e-4,-0.0018403902345231397,-0.0030365892244760212,-0.001200040100513912,-0.0023609922333031248,0.002857236489181415,-0.0020309224309401864,-0.0017210668116219672,2.2110259528304358e-5,7.477419305269359e-4,-3.417229562934497e-4,-0.0015905213458348888,-1.876227628831258e-4,-1.9465453467770264e-4,5.853741083824889e-4,-0.003330790134331941,-0.019837245822974612,-7.108141525817319e-4
-0.005394885786756087,0.001471029612051811,0.001278167402594314,0.0012272795379067616,0.0011777313675306565,0.0012983610590870235,0.0012328859562605757,0.0012832691797273132,0.001105561514084609,0.001124205554583814,0.0012199156890408517,0.0012523441531039363,0.0012643678146935006,0.0012202029455946112,-5.652939674009006e-5,1.1239372600806927e-5,-1.0537450374627815e-7,2.2515021855593663e-5,-7.323072931080522e-6,3.956009942209528e-5,-5.723935097321571e-5,4.9848783097861704e-5,-7.599556068720839e-5,-3.8646473206677316e-5,-5.96202424104511e-5,-5.470202305906468e-5,-5.27998423070867e-5,-2.4152118540217913e-5,1.9924622943964785e-6,-9.546029248384876e-7,9.366400161629001e-6,-2.6554653565727952e-5,4.371158853728245e-7,4.650865802933556e-6,-1.2402708480568125e-6,7.314900942555463e-5,-1.7729004509290096e-4,-6.733811187537628e-6
-0.004313405193895945,0.0012781674025943175,0.0028000810836610575,0.002182257748988725,0.0019509420980700482,0.0021158825434957934,0.0020283306639414505,0.0020237259482573204,0.0020600335666690625,0.0021418506871036095,0.0018849344624847768,0.0019058887029067481,0.0018273925733942222,0.001904008264852576,2.9645011337849823e-5,1.1710341070569628e-5,-9.095106862879411e-8,5.8798753174000423e-5,-9.286820401851966e-6,9.311621273406431e-5,-8.107169429700499e-5,1.2003612754493169e-4,-8.880066295774587e-5,-1.2885250983964825e-5,-1.3302932773205919e-4,-4.9076769485356986e-5,-1.0956710221139395e-4,-1.161659423710594e-4,2.0331468898416477e-6,-1.8703107575382007e-5,3.19497622240822e-5,-4.776637903943359e-5,-2.641982842880544e-5,8.968430075087937e-6,1.6081624398452658e-5,6.565278027047029e-5,-3.286052651730434e-5,-6.220996661738009e-5
-0.010573808112179063,0.0012272795379067649,0.002182257748988724,0.003074208994887944,0.0024808076615874764,0.002626114239995737,0.00233709700319468,0.002304238292450916,0.002485436867236622,0.0024857198999858345,0.0022792559366822136,0.002327711544042551,0.00217472587766782,0.0022298217887590267,-1.2301861228975933e-6,1.2375532689401515e-5,-9.066666066591033e-8,5.224073279578299e-5,-2.937026365895703e-5,1.3503404696491697e-5,-5.023263579163517e-5,1.4405772385329784e-4,-3.514028174556324e-5,2.8650261227124108e-5,-1.4645644499045415e-5,-5.965941016534995e-5,-7.1571990057357e-6,-7.296336112730101e-5,2.8888690774800868e-6,-3.089807185302387e-5,6.287759302618193e-5,-2.313472287066215e-5,-3.4229263718417696e-5,4.187850748929849e-6,-5.225438424621914e-7,1.1147422350941327e-4,-4.972522930502373e-5,-0.00017646745333118826
-0.012865226377541693,0.0011777313675306598,0.0019509420980700503,0.0024808076615874773,0.002971695017548449,0.0026196761798083835,0.002193507032063377,0.0021468825860739837,0.002310287283763043,0.002182253521652158,0.0020471004899947497,0.0021277712390569705,0.00185364441951646,0.002016028249134947,-1.7687887788751183e-5,-7.642180307884792e-6,7.137038786357645e-8,1.0670617971382904e-4,4.146816211559237e-5,7.067383297819742e-5,4.453316581037434e-5,1.6431884113580488e-4,1.1717876047251776e-4,1.0733576114471116e-4,2.2295460484100767e-5,-1.456473067217265e-4,3.916743598830104e-5,1.3488037164551449e-5,-1.3196095945183893e-8,-4.222795218249032e-5,5.333597959002349e-5,-4.434904194797556e-6,-2.579683333279594e-5,1.62784466553045e-5,-7.499622476667915e-6,1.0744062520605751e-4,9.300184590194594e-5,-1.0438828793063243e-4
-0.011039571566409695,0.0012983610590870268,0.0021158825434957947,0.0026261142399957383,0.0026196761798083826,0.0034436608774014617,0.0026830946378417183,0.002653252394781708,0.002695915738893996,0.002615969843344022,0.002564237212359393,0.0025269661776909473,0.0024425444321424052,0.002526375602222,-1.434081416468417e-4,-1.1965972652011028e-5,1.1862528118260212e-7,4.488584267942213e-5,-2.0506857525374473e-5,4.6506645465783576e-5,8.894269142471691e-5,1.3061471512476825e-4,4.8463049311117344e-5,6.921426919090393e-5,6.7346401555362235e-6,-2.1707767889599992e-4,8.470808162790593e-5,-3.989401909002067e-7,8.30269917952953e-7,-2.912403774277965e-5,4.9415474632010574e-5,-1.55623593698797e-5,-3.0743388723377563e-05,2.052165187989867e-5,-9.929743853425034e-6,1.1412967843237753e-4,-1.2385327165778548e-4,-1.2714760733216677e-4
-0.005569262325154808,0.0012328859562605761,0.0020283306639414488,0.002337097003194677,0.002193507032063374,0.0026830946378417157,0.003067744693120282,0.002695764804090294,0.002746079415642767,0.0027687843973864708,0.002595843271316027,0.002771878224567404,0.0025844386028904508,0.002689968530150044,-3.927831719224674e-5,7.727398907967128e-6,-9.346731991506034e-8,3.915948931426004e-5,-4.4140568590701934e-5,-1.356180425091273e-5,-2.6350521624483435e-5,1.4189311930462413e-4,-9.465707614376214e-5,-2.8022271452414292e-5,-9.481519824165212e-5,-1.5944081203079577e-4,-5.860885335744203e-5,-8.529609979487578e-5,1.8447741068589577e-6,-1.2842627088799826e-5,3.6781392314471266e-5,-5.806213005677559e-5,-1.3151799216104299e-5,2.4131875985567507e-5,-2.7120459701666695e-6,8.655946372993106e-5,-2.89945338457927e-4,-1.1295231450276514e-4
-0.006290741483338471,0.0012832691797273138,0.0020237259482573204,0.002304238292450912,0.00214688258607398,0.0026532523947817056,0.002695764804090293,0.0030453243301228764,0.002983618881619515,0.0029986601217182715,0.0027850967513042926,0.0027332205154000375,0.0027430392734640536,0.0027228029533629687,-4.0780667531360204e-5,4.382458789666612e-6,-7.819662110457319e-8,5.644044316380848e-5,6.502381448585186e-6,3.093456722123557e-5,-1.1369137716463397e-5,1.7979872063424976e-4,-6.31416707595738e-5,-1.0374966587181166e-5,-1.0271468373705983e-4,-1.3116776912812356e-4,-5.400654853352231e-5,-1.3883379875743153e-4,4.103587112993268e-6,-1.297492023381548e-5,4.763356933949644e-5,-5.1312697208977556e-5,-1.7355801779436452e-5,1.4333334474254757e-5,-5.841600400113057e-6,8.955252497096031e-5,-2.0617341249436834e-4,-1.2517578293158577e-4
-1.946664962165484e-4,0.0011055615140846146,0.002060033566669069,0.0024854368672366247,0.0023102872837630446,0.0026959157388939995,0.0027460794156427713,0.0029836188816195204,0.0039006523432690483,0.003709693852164009,0.003414037913660576,0.0032462874973657246,0.00330171687223498,0.003321265966967703,9.438132197105484e-5,1.2794269916239423e-5,-1.3882314092601655e-7,2.597778985293443e-5,-1.3634892841035934e-5,-4.415007074508288e-5,-8.130326792316396e-5,8.645108934737367e-5,-1.052402838502524e-4,-2.055225653869591e-5,-1.0482395839464588e-4,-6.726513111402262e-5,-8.337706177491125e-5,-2.5646090615338857e-4,6.66500672790072e-6,-2.7419147643183937e-05,7.95800179185874e-5,-5.9293699891634194e-5,-4.6583258173435075e-5,7.761876062306922e-6,-4.532429591847522e-6,4.72744146517746e-5,-1.6606383926890777e-4,-1.8653610611443072e-4
0.001784941085420806,0.0011242055545838145,0.0021418506871036113,0.0024857198999858315,0.0021822535216521576,0.00261596984334402,0.002768784397386471,0.002998660121718276,0.003709693852164003,0.0041260361769388625,0.0036894822262559844,0.003401438716466517,0.003480263210696323,0.003462056485109763,7.113727110493592e-5,2.064639923340148e-5,-2.24962716600601e-7,-1.5606838839186347e-5,-4.687414137012509e-5,-7.28879451911531e-5,-9.838878462229695e-5,1.36690763012233e-4,-1.0890002993329047e-4,-4.036698159347658e-5,-5.962203874662514e-5,-7.676062528579042e-5,-9.057742017583812e-5,-3.16562226883219e-4,8.071948001025451e-6,-2.8144127623375623e-5,9.383862213389123e-5,-8.267531393580593e-5,-5.460305041115812e-5,5.676920740012104e-7,-1.77302467312916e-7,4.916955515899366e-5,-1.9495382631079107e-4,-2.1532784039002606e-4
-0.0014055064747114834,0.001219915689040855,0.0018849344624847818,0.0022792559366822136,0.0020471004899947506,0.0025642372123593944,0.002595843271316031,0.002785096751304297,0.0034140379136605747,0.0036894822262559866,0.0039723436538006765,0.0033174978031653415,0.0035230161174697535,0.003432005143992069,2.0638123882926606e-5,1.89758794233458e-5,-2.1348366133112267e-7,-1.0877930624298945e-4,-1.2349825885853488e-4,-1.0906467898249185e-4,-1.411644716367964e-4,8.202320432204348e-5,-1.8497339196889588e-4,-3.1626595917919575e-5,-2.9004476112913653e-5,-5.887216767400947e-5,-9.219611791656773e-5,-1.975129179687605e-4,6.525226180847415e-6,-2.2164364161212866e-5,8.856649943270054e-5,-5.1042025585363774e-5,-5.224707250890358e-5,-5.878887795944659e-6,-1.174707105748571e-5,8.056837548586647e-5,-3.6485017040738374e-4,-1.9605437305992624e-4
-0.006991557817920516,0.0012523441531039417,0.0019058887029067503,0.002327711544042554,0.0021277712390569705,0.002526966177690951,0.0027718782245674104,0.002733220515400045,0.003246287497365724,0.003401438716466519,0.0033174978031653432,0.0047229463708478294,0.004007222797095045,0.0037662940244217727,9.501601187210612e-5,3.281362835343753e-5,-4.389068444255269e-7,-9.426224652827653e-5,-1.0416381264056482e-4,-8.991695639639174e-5,-1.4259021001569104e-4,5.529137011797213e-5,-2.0170950505606476e-4,-1.269501979998236e-4,-1.1194693076635844e-4,-2.1256819733421679e-4,-1.0673315896533647e-4,-2.1843308290282862e-4,7.888281868418405e-6,-3.198628357475706e-5,8.372782390530175e-5,-6.203463275383339e-5,-2.721134618862696e-5,5.724643723236725e-6,-1.9500478705315554e-5,8.32312226561757e-5,6.554549915887245e-5,-3.625071585374278e-5
-0.0015839753598568215,0.0012643678146934984,0.0018273925733942192,0.0021747258776678153,0.001853644419516453,0.0024425444321424,0.0025844386028904495,0.002743039273464054,0.0033017168722349727,0.00348026321069632,0.003523016117469746,0.0040072227970950345,0.004499020920434824,0.003829733012539559,7.798463745009297e-5,2.3815193636954657e-5,-3.775156330090628e-7,-5.7511072734675506e-5,-9.249954507346175e-5,-1.3172419613588837e-4,-1.1974041321875314e-4,7.256014949005735e-5,-1.6152858345328927e-4,-7.567547423544448e-5,-7.5670681766489125e-6,-1.5089497002706542e-4,-5.215911047731977e-5,-2.140548422546853e-4,1.04037536184947e-5,-1.49610211545077e-5,8.640819545516016e-5,-5.3876277416508375e-5,-3.429845648959255e-5,-1.9919701047894145e-6,-1.4263659953254612e-5,6.727315087588803e-5,-4.6807918043726353e-4,-7.13447025254657e-5
-0.0021735533581971945,0.0012202029455946133,0.0019040082648525815,0.0022298217887590246,0.002016028249134946,0.0025263756022220027,0.0026899685301500467,0.002722802953362973,0.0033212659669676985,0.003462056485109765,0.003432005143992069,0.0037662940244217744,0.0038297330125395632,0.004329845394483877,6.55700026163106e-5,2.25787017530675e-5,-3.4864704239020135e-7,-3.571844681934238e-5,-1.7144242435365407e-5,-6.255585646885081e-5,-1.698572172270336e-4,6.28509400921985e-5,-1.3946613847860465e-4,-1.1380065051040413e-4,-8.1449771124702e-5,-1.2169104050935334e-4,-1.0107640491979263e-4,-1.5178853590116462e-4,6.090620719292911e-6,-2.4418043256775114e-5,8.30826784192365e-5,-4.18816839914481e-5,-3.6465305464769036e-5,9.474601229675008e-6,-1.2638413345747939e-5,6.361353306629425e-5,-4.760856276972969e-4,-6.507840025816063e-5
0.0019524406628336922,-5.652939674009019e-5,2.9645011337849542e-5,-1.2301861228976802e-6,-1.7687887788751353e-5,-1.4340814164684172e-4,-3.9278317192246866e-5,-4.078066753136027e-5,9.438132197105469e-5,7.113727110493572e-5,2.0638123882926556e-5,9.501601187210605e-5,7.79846374500928e-5,6.557000261631055e-5,1.7391915087876396e-4,1.0827077032187478e-5,-1.2378065076179471e-7,1.1442411689800089e-5,2.3998832133264397e-5,-5.760396594014173e-6,-7.417492591517614e-5,-1.973185177488055e-5,-1.0727501327875739e-6,-2.7108804135825675e-5,-6.37577349811147e-5,3.523971198462393e-5,-5.243501990665918e-5,-1.1914390859564778e-5,-2.7954273845062757e-7,-1.1544493788642019e-7,1.1788618076069263e-6,-7.766742412052955e-6,2.961472159777541e-6,4.347694806060137e-7,4.71896388615396e-6,-1.5377150551163677e-5,-7.350565949059813e-5,1.9086054022105504e-5
2.7139330607861724e-4,1.1239372600806801e-5,1.1710341070569634e-5,1.2375532689401508e-5,-7.64218030788481e-6,-1.1965972652010998e-5,7.727398907967067e-6,4.382458789666524e-6,1.279426991623936e-5,2.0646399233401653e-5,1.8975879423345713e-5,3.281362835343746e-5,2.3815193636954762e-5,2.2578701753067815e-5,1.0827077032187439e-5,6.494088069653336e-6,-6.333548919219214e-8,-1.8083484304040024e-5,-2.2801745537522824e-5,-1.3183295835548406e-5,-2.146602059381232e-5,-5.578805491027818e-6,-3.052560412700028e-5,-1.4654927557313976e-5,-1.630848566412141e-5,1.5756018675264832e-5,-1.385035920162023e-5,-4.622886933083782e-6,2.565066244840981e-7,8.620051014112442e-7,1.1001247407869773e-6,-1.4846492837090186e-6,-2.072515919260539e-7,-1.5140117060278061e-6,-5.427032723910465e-7,-1.1473621440484885e-6,-9.266024608544683e-6,1.4651708993524269e-6
-2.333730091113173e-6,-1.0537450374627688e-7,-9.095106862879372e-8,-9.066666066590993e-8,7.137038786357668e-8,1.1862528118260191e-7,-9.346731991505954e-8,-7.819662110457214e-8,-1.388231409260158e-7,-2.2496271660060272e-7,-2.1348366133112164e-7,-4.3890684442552605e-7,-3.775156330090639e-7,-3.486470423902049e-7,-1.2378065076179445e-7,-6.333548919219193e-8,7.055861594729484e-10,1.5251907110830074e-7,1.739260769700678e-7,1.1483600675761417e-7,1.734008433681538e-7,4.762977698994154e-8,2.527592168036839e-7,1.3920509605388436e-7,1.448948340481425e-7,-1.1784134174715673e-7,9.484349620678505e-8,7.323343685678898e-8,-3.6066947617699483e-9,-9.27122061706599e-9,-1.0262460216996417e-8,1.3687123067107598e-8,-1.2877424686105223e-9,1.4051940256151422e-8,4.596636698586205e-9,6.023286175638472e-9,1.5013404997414682e-7,-3.1596215511839166e-8
-6.292820490260493e-4,2.2515021855594036e-5,5.879875317400006e-5,5.224073279578308e-5,1.0670617971382881e-4,4.4885842679422045e-5,3.9159489314260194e-5,5.644044316380863e-5,2.5977789852934423e-5,-1.5606838839187127e-5,-1.0877930624298915e-4,-9.42622465282766e-5,-5.751107273467595e-5,-3.571844681934362e-5,1.1442411689800158e-5,-1.8083484304040085e-5,1.5251907110830257e-7,2.654860694772607e-4,2.094523386977131e-4,1.3797488430394435e-4,1.1269699123239942e-4,7.196576372934125e-5,2.2244887674870305e-4,6.836458793709384e-5,3.902681444255753e-5,-6.717036408241281e-5,8.637001614794275e-5,-5.942136001601986e-6,-1.047536007388995e-6,-1.1867961700389558e-6,-2.567401439028212e-6,1.2796135964093352e-6,2.3087615800914976e-7,3.1461074846969e-6,6.278805729426423e-6,-4.073961922182836e-6,4.6199361702909624e-5,-9.931531688532552e-6
1.2566067837791592e-4,-7.323072931080039e-6,-9.286820401852195e-6,-2.93702636589569e-5,4.1468162115592526e-5,-2.0506857525374453e-5,-4.414056859070163e-5,6.5023814485854686e-6,-1.3634892841035736e-5,-4.6874141370125694e-5,-1.2349825885853445e-4,-1.0416381264056468e-4,-9.24995450734619e-5,-1.7144242435366504e-5,2.399883213326444e-5,-2.2801745537522767e-5,1.7392607697006846e-7,2.0945233869771256e-4,3.315491046534578e-4,1.65956710056067e-4,8.913209281193537e-5,4.011714162021943e-5,2.0638576687250504e-4,6.76493725445051e-5,2.4997024427217242e-5,-6.116377553948403e-5,8.721395220537043e-5,-1.4588980715299035e-5,-1.2402367226726894e-6,3.598640762423728e-7,-7.301178907274363e-6,2.9441455577394173e-6,3.6059041989555445e-6,8.429084911204697e-6,6.780930852938791e-6,-5.177940448890517e-6,-4.591871605071559e-5,-1.1148153575905704e-6
-3.9758476586938937e-4,3.95600994220954e-5,9.311621273406377e-5,1.350340469649156e-5,7.067383297819746e-5,4.6506645465783556e-5,-1.3561804250912879e-5,3.093456722123537e-5,-4.4150070745083175e-5,-7.288794519115356e-5,-1.0906467898249162e-4,-8.991695639639203e-5,-1.3172419613588897e-4,-6.255585646885169e-5,-5.7603965940142395e-6,-1.3183295835548411e-5,1.1483600675761478e-7,1.379748843039447e-4,1.659567100560673e-4,2.770840572296915e-4,2.6563423687433844e-5,1.578480933990656e-5,8.446387330240008e-5,3.9705604983950455e-5,-3.352975479816913e-5,-2.2486357069536917e-5,3.8104494996099326e-5,8.327149399338507e-6,-1.9643933928634704e-6,-3.088417392622596e-6,-4.953187855466921e-6,-6.7903108773208895e-6,8.079392161777034e-6,5.088216746989067e-6,7.1768785395486385e-6,-2.8297600075141977e-7,2.0546807940926946e-5,2.962668219967962e-6
-9.320339576752447e-4,-5.723935097321577e-5,-8.1071694297005e-5,-5.023263579163565e-5,4.453316581037422e-5,8.894269142471676e-5,-2.6350521624483313e-5,-1.1369137716463537e-5,-8.130326792316436e-5,-9.838878462229696e-5,-1.411644716367964e-4,-1.4259021001569123e-4,-1.197404132187532e-4,-1.698572172270336e-4,-7.417492591517614e-5,-2.146602059381235e-5,1.7340084336815378e-7,1.1269699123239949e-4,8.913209281193557e-5,2.6563423687433807e-5,2.775458148305892e-4,3.542571070322122e-5,1.759694458813353e-4,5.841895992618471e-5,1.0566096534244961e-4,-5.490112211972168e-5,1.279722620229956e-4,-1.1703890676826871e-5,6.355134595143217e-7,2.7974967560553947e-6,-5.175364452243514e-6,4.2927069700687825e-6,-1.0739858134035656e-6,4.433403356224474e-6,2.8707886164155975e-6,7.385523847155272e-6,-2.7999963245443634e-5,-3.6028443291194382e-6
-0.001840390234523113,4.984878309786184e-5,1.2003612754493186e-4,1.4405772385329797e-4,1.6431884113580515e-4,1.3061471512476833e-4,1.4189311930462386e-4,1.7979872063424979e-4,8.645108934737384e-5,1.3669076301223312e-4,8.202320432204355e-5,5.529137011797213e-5,7.256014949005756e-5,6.285094009219831e-5,-1.9731851774880573e-5,-5.578805491027824e-6,4.7629776989941625e-8,7.196576372934126e-5,4.0117141620219325e-5,1.5784809339906563e-5,3.542571070322128e-5,2.54203476639389e-4,1.0753372686396511e-4,5.1946403082496783e-5,-1.3730646925057829e-5,-8.238925589088793e-5,4.066842743173462e-5,2.2484878715491067e-5,-1.2889358674768406e-6,-1.197734801167128e-5,1.124022924970433e-5,-3.525560840375408e-6,1.079033237321048e-5,-3.0245527802273606e-6,6.505873919900239e-6,3.889150835567148e-6,3.454936588645302e-6,-1.0688335125474322e-5
-0.0030365892244760212,-7.59955606872083e-5,-8.880066295774568e-5,-3.5140281745563355e-5,1.1717876047251801e-4,4.8463049311117235e-5,-9.465707614376222e-5,-6.314167075957387e-5,-1.052402838502524e-4,-1.0890002993329051e-4,-1.8497339196889596e-4,-2.017095050560649e-4,-1.6152858345328948e-4,-1.394661384786047e-4,-1.072750132787564e-6,-3.052560412700042e-5,2.5275921680368425e-7,2.2244887674870332e-4,2.063857668725049e-4,8.446387330240014e-5,1.7596944588133532e-4,1.0753372686396489e-4,4.874551782011603e-4,1.3534337149078503e-4,1.0755458039511971e-4,-1.4691923164386202e-4,1.5454895133289553e-4,1.7522739785351758e-5,-2.3373535434218097e-6,-1.1244410692920311e-5,1.6735753193713629e-06,1.53220369856492e-5,4.51324896410806e-6,6.747250716671678e-6,8.013345382707619e-6,-7.137970035962442e-7,1.1892458333063378e-4,5.498061808490695e-6
-0.0012000401005139078,-3.8646473206677275e-5,-1.2885250983964797e-5,2.8650261227124142e-5,1.0733576114471116e-4,6.921426919090381e-5,-2.8022271452414268e-5,-1.0374966587181105e-5,-2.0552256538695857e-5,-4.0366981593476565e-5,-3.162659591791973e-5,-1.2695019799982356e-4,-7.567547423544448e-5,-1.1380065051040406e-4,-2.710880413582569e-5,-1.4654927557313964e-5,1.3920509605388436e-7,6.836458793709381e-5,6.764937254450507e-5,3.970560498395049e-5,5.841895992618473e-5,5.194640308249676e-5,1.353433714907851e-4,1.2660348524047232e-4,4.732052371625254e-5,-4.827459388381414e-5,8.536372609795287e-5,1.5080856061522157e-5,-9.438367603651837e-7,-5.400101385506573e-6,2.017965811117438e-6,-1.0180835908519907e-6,-4.072744441941039e-6,3.2426551556953644e-6,2.0857811736569797e-6,7.728030350486477e-6,7.20716619342693e-5,-1.224726534205826e-5
-0.0023609922333031226,-5.9620242410451164e-5,-1.3302932773205919e-4,-1.4645644499045478e-5,2.2295460484100706e-5,6.7346401555361786e-6,-9.48151982416522e-5,-1.0271468373705988e-4,-1.0482395839464614e-4,-5.962203874662529e-5,-2.9004476112913904e-5,-1.119469307663586e-4,-7.567068176648785e-6,-8.144977112470193e-5,-6.375773498111471e-5,-1.6308485664121407e-5,1.4489483404814245e-7,3.902681444255748e-5,2.4997024427217164e-5,-3.352975479816913e-5,1.0566096534244966e-4,-1.3730646925057824e-5,1.0755458039511978e-4,4.7320523716252536e-5,2.7627820321684133e-4,-8.347987567310243e-6,1.0147307755657731e-4,1.0115461566010236e-5,1.634680924848945e-6,1.0418739514643814e-6,5.822780783102652e-6,2.169424156914369e-5,-5.640986719016164e-6,4.648573209134593e-6,-7.927377366302351e-6,1.3272304853319112e-5,-6.138556109357783e-5,-1.5200714067318352e-5
0.0028572364891814033,-5.4702023059064877e-5,-4.907676948535695e-5,-5.965941016535001e-5,-1.4564730672172657e-4,-2.170776788959998e-4,-1.594408120307958e-4,-1.3116776912812367e-4,-6.72651311140227e-5,-7.676062528579042e-5,-5.8872167674009674e-5,-2.125681973342174e-4,-1.508949700270655e-4,-1.2169104050935364e-4,3.523971198462393e-5,1.575601867526489e-5,-1.1784134174715765e-7,-6.717036408241318e-5,-6.116377553948435e-5,-2.2486357069537066e-5,-5.490112211972162e-5,-8.238925589088793e-5,-1.4691923164386213e-4,-4.8274593883814134e-5,-8.347987567310216e-6,2.9880967447045164e-4,-1.646583826207457e-5,2.4995553802459526e-6,1.793500286690067e-6,1.064900009499111e-5,-1.0038417779458883e-6,-6.1099050532234e-6,-2.5822241794219513e-6,-1.44973563780574e-6,-3.5252624246839414e-6,-1.3894899169343623e-5,-1.4933178177470093e-4,-9.253161902055435e-6
-0.002030922430940182,-5.279984230708668e-5,-1.0956710221139381e-4,-7.157199005735684e-6,3.916743598830098e-5,8.470808162790607e-5,-5.8608853357441844e-5,-5.4006548533522184e-5,-8.337706177491083e-5,-9.057742017583816e-5,-9.219611791656757e-5,-1.0673315896533644e-4,-5.2159110477319804e-5,-1.0107640491979258e-4,-5.243501990665919e-5,-1.3850359201620206e-5,9.484349620678471e-8,8.637001614794263e-5,8.721395220537036e-5,3.810449499609935e-5,1.2797226202299557e-4,4.066842743173459e-5,1.545489513328955e-4,8.536372609795287e-5,1.0147307755657727e-4,-1.64658382620746e-5,2.4074266048322384e-4,1.3892471366898096e-5,6.521423472368019e-7,1.6617012515437275e-6,-7.418820366195089e-8,7.197076244589471e-6,-1.4792004981359794e-6,6.309447448263457e-7,4.990097409590434e-7,1.553258881383748e-5,-4.580831558975293e-5,-2.1640820842823538e-06
-0.0017210668116219685,-2.415211854021697e-5,-1.1616594237106033e-4,-7.29633611273003e-5,1.3488037164551507e-5,-3.9894019089945036e-7,-8.529609979487723e-5,-1.388337987574318e-4,-2.5646090615338775e-4,-3.1656222688321853e-4,-1.9751291796876226e-4,-2.1843308290282867e-4,-2.1405484225468473e-4,-1.5178853590116473e-4,-1.1914390859564744e-5,-4.622886933083782e-6,7.323343685678895e-8,-5.942136001602027e-6,-1.458898071529903e-5,8.327149399338497e-6,-1.1703890676826966e-5,2.2484878715491074e-5,1.7522739785351802e-5,1.5080856061522156e-5,1.0115461566010082e-5,2.4995553802457146e-6,1.3892471366898266e-5,2.5333519250194563e-4,-6.113813821005501e-6,-5.287918747926972e-6,1.4376113901109709e-6,1.451685069788327e-5,1.1322404594611252e-5,1.1671900656547047e-6,-3.9566402606137485e-6,-2.8785705618857026e-6,-1.3717997357273504e-4,2.559046089538138e-5
2.2110259528303965e-5,1.9924622943964358e-6,2.033146889841677e-6,2.8888690774800554e-6,-1.319609594518353e-8,8.302699179529249e-7,1.8447741068589924e-6,4.103587112993273e-6,6.665006727900697e-6,8.07194800102543e-6,6.525226180847469e-6,7.888281868418398e-6,1.040375361849469e-5,6.090620719292908e-6,-2.7954273845062863e-7,2.5650662448409706e-7,-3.6066947617699297e-9,-1.0475360073889903e-6,-1.2402367226726848e-6,-1.9643933928634717e-6,6.355134595143239e-7,-1.288935867476842e-6,-2.33735354342181e-6,-9.438367603651828e-7,1.634680924848946e-6,1.7935002866900748e-6,6.521423472367984e-7,-6.113813821005504e-6,2.7880664946502613e-7,3.2869004639581614e-7,6.855855585885285e-8,3.609559676982873e-8,-3.6806508479478716e-7,-7.370684484180976e-8,-1.9906412808385817e-7,1.8477008404267767e-7,3.956652186581974e-7,-4.649013540492422e-7
7.477419305269342e-4,-9.546029248387034e-7,-1.8703107575382017e-5,-3.089807185302431e-5,-4.2227952182490414e-5,-2.9124037742779728e-5,-1.284262708880006e-5,-1.2974920233815688e-5,-2.741914764318401e-5,-2.814412762337572e-5,-2.2164364161212974e-5,-3.198628357475706e-5,-1.4961021154507751e-5,-2.4418043256774867e-5,-1.1544493788642273e-7,8.620051014112479e-7,-9.271220617066045e-9,-1.1867961700389708e-6,3.5986407624235885e-7,-3.088417392622592e-6,2.7974967560554044e-6,-1.197734801167127e-5,-1.12444106929203e-5,-5.400101385506582e-6,1.0418739514643877e-6,1.0649000094991119e-5,1.6617012515437296e-6,-5.287918747926959e-6,3.286900463958152e-7,8.028563666405694e-6,-5.850375939363164e-6,-1.5812013716371856e-6,5.458691088449918e-7,7.023575595620023e-7,-7.707103736200296e-7,-9.178515397750776e-7,-6.767708211748222e-5,3.2280899701720433e-7
-3.4172295629343965e-4,9.36640016162906e-6,3.194976222408233e-5,6.287759302618202e-5,5.333597959002336e-5,4.9415474632010595e-5,3.6781392314471354e-5,4.763356933949659e-5,7.958001791858749e-5,9.383862213389119e-5,8.856649943270052e-5,8.372782390530152e-5,8.64081954551601e-5,8.308267841923628e-5,1.1788618076069236e-6,1.1001247407869766e-6,-1.0262460216996388e-8,-2.567401439028212e-6,-7.301178907274365e-6,-4.953187855466931e-6,-5.1753644522435125e-6,1.1240229249704334e-5,1.6735753193713578e-6,2.0179658111174366e-6,5.822780783102661e-6,-1.0038417779458822e-6,-7.418820366194674e-8,1.4376113901109817e-6,6.855855585885287e-8,-5.850375939363169e-6,1.0161163893840166e-5,5.1330810269692e-7,-2.9277430668223374e-6,-2.9395826542844055e-6,-1.444172771033315e-7,3.80942264517018e-7,2.7759648699529226e-5,-5.236997583934707e-6
-0.001590521345834875,-2.6554653565728003e-5,-4.776637903943375e-5,-2.3134722870662233e-5,-4.4349041947978545e-6,-1.5562359369879857e-5,-5.8062130056775646e-5,-5.131269720897764e-5,-5.9293699891634336e-5,-8.267531393580586e-5,-5.104202558536377e-5,-6.203463275383359e-5,-5.387627741650845e-5,-4.188168399144817e-5,-7.766742412052961e-6,-1.4846492837090103e-6,1.36871230671075e-8,1.27961359640931e-6,2.944145557739389e-6,-6.790310877320894e-6,4.2927069700687936e-6,-3.525560840375401e-6,1.5322036985649193e-5,-1.0180835908519854e-6,2.1694241569143706e-5,-6.1099050532233865e-6,7.197076244589463e-6,1.4516850697883264e-5,3.609559676982935e-8,-1.581201371637184e-6,5.13308102696914e-7,2.028074130558747e-5,-2.3551999660606797e-7,-2.0757640359116457e-8,-3.675042267399508e-6,1.8447805103976876e-6,1.1615155965575209e-5,7.213999566624523e-6
-1.876227628831086e-4,4.37115885372765e-7,-2.6419828428805514e-5,-3.422926371841776e-5,-2.57968333327959e-5,-3.074338872337771e-5,-1.3151799216104418e-5,-1.735580177943642e-5,-4.658325817343513e-5,-5.460305041115804e-5,-5.2247072508903487e-5,-2.721134618862696e-5,-3.429845648959266e-5,-3.64653054647688e-5,2.9614721597775443e-6,-2.0725159192605377e-7,-1.287742468610503e-9,2.308761580091478e-7,3.605904198955556e-6,8.079392161777034e-6,-1.0739858134035651e-6,1.0790332373210477e-5,4.5132489641080505e-6,-4.072744441941044e-6,-5.640986719016165e-6,-2.582224179421945e-6,-1.4792004981359796e-6,1.1322404594611235e-5,-3.680650847947866e-7,5.458691088450001e-7,-2.927743066822341e-6,-2.3551999660607835e-7,1.1868804931272864e-5,1.5818108516635668e-6,1.1683112982103723e-6,-9.501977967415615e-7,-7.944069411498805e-5,5.2890726373565946e-6
-1.946545346777376e-4,4.650865802933548e-6,8.968430075087844e-6,4.187850748929925e-6,1.627844665530444e-5,2.0521651879898608e-5,2.413187598556757e-5,1.4333334474254825e-5,7.761876062306953e-6,5.676920740011698e-7,-5.87888779594459e-6,5.724643723236716e-6,-1.991970104789396e-6,9.474601229675237e-6,4.34769480606017e-7,-1.5140117060278042e-6,1.4051940256151405e-8,3.1461074846968954e-6,8.4290849112047e-6,5.0882167469890815e-06,4.433403356224473e-6,-3.0245527802273475e-6,6.74725071667168e-6,3.2426551556953594e-6,4.648573209134588e-6,-1.449735637805743e-6,6.309447448263424e-7,1.1671900656546937e-6,-7.370684484181012e-8,7.023575595620144e-7,-2.939582654284404e-6,-2.075764035911538e-8,1.5818108516635609e-6,7.927049936336423e-6,-7.480296457656692e-7,-2.3256609983349843e-8,-3.649015600277967e-5,1.4556687167107256e-6
5.853741083824707e-4,-1.2402708480567672e-6,1.6081624398453102e-5,-5.225438424620057e-7,-7.4996224766676025e-6,-9.929743853424899e-6,-2.7120459701666064e-6,-5.84160040011294e-6,-4.532429591847402e-6,-1.773024673128749e-7,-1.1747071057485545e-5,-1.950047870531527e-5,-1.4263659953254575e-5,-1.2638413345747863e-5,4.718963886153961e-6,-5.427032723910418e-7,4.596636698586169e-9,6.278805729426417e-6,6.7809308529387694e-6,7.176878539548643e-6,2.870788616415599e-6,6.505873919900227e-6,8.013345382707614e-6,2.0857811736569755e-6,-7.927377366302348e-6,-3.5252624246839423e-6,4.990097409590381e-7,-3.956640260613794e-6,-1.9906412808385709e-7,-7.70710373620043e-7,-1.4441727710333647e-7,-3.6750422673995066e-6,1.1683112982103645e-6,-7.480296457656634e-7,4.567978059475948e-6,-3.078193618033178e-7,-5.235809738230591e-5,-7.633533845486381e-7
-0.0033307901343319316,7.314900942555458e-5,6.565278027046955e-5,1.1147422350941356e-4,1.0744062520605758e-4,1.1412967843237753e-4,8.655946372993148e-5,8.955252497096057e-5,4.727441465177452e-5,4.916955515899399e-5,8.056837548586669e-5,8.32312226561755e-5,6.727315087588841e-5,6.361353306629406e-5,-1.5377150551163667e-5,-1.147362144048521e-6,6.023286175638651e-9,-4.073961922182662e-6,-5.1779404488903775e-6,-2.8297600075130457e-7,7.385523847155247e-6,3.8891508355671805e-6,-7.137970035962635e-7,7.728030350486424e-6,1.3272304853319083e-5,-1.3894899169343621e-5,1.553258881383748e-5,-2.8785705618857264e-6,1.8477008404267428e-7,-9.178515397749838e-7,3.809422645170214e-7,1.8447805103976959e-6,-9.501977967415358e-7,-2.3256609983283986e-8,-3.078193618033671e-7,3.5914293448698353e-5,-7.578755503791959e-6,-7.07950959518442e-6
-0.019837245822972905,-1.7729004509289112e-4,-3.28605265173158e-5,-4.97252293050124e-5,9.300184590194804e-5,-1.2385327165777727e-4,-2.8994533845791355e-4,-2.0617341249435804e-4,-1.6606383926889647e-4,-1.9495382631077066e-4,-3.6485017040736715e-4,6.554549915887506e-5,-4.680791804372462e-4,-4.760856276972812e-4,-7.350565949059817e-5,-9.266024608545483e-6,1.5013404997415412e-7,4.619936170291207e-5,-4.5918716050712095e-5,2.054680794092655e-5,-2.7999963245443844e-5,3.4549365886458985e-6,1.1892458333063326e-4,7.20716619342702e-5,-6.1385561093578e-5,-1.4933178177470102e-4,-4.580831558975294e-5,-1.3717997357274008e-4,3.9566521865840915e-7,-6.76770821174806e-5,2.7759648699529036e-5,1.1615155965575075e-5,-7.944069411498723e-5,-3.64901560027795e-5,-5.2358097382304805e-5,-7.578755503790332e-6,0.00387508687702904,5.488985618569031e-5
-7.108141525817239e-4,-6.733811187537661e-6,-6.220996661737992e-5,-1.7646745333118813e-4,-1.0438828793063256e-4,-1.2714760733216685e-4,-1.129523145027653e-4,-1.2517578293158577e-4,-1.8653610611443078e-4,-2.1532784039002606e-4,-1.9605437305992638e-4,-3.625071585374284e-5,-7.134470252546568e-5,-6.507840025816064e-5,1.9086054022105498e-5,1.4651708993524195e-6,-3.159621551183911e-8,-9.931531688532576e-6,-1.1148153575905704e-6,2.9626682199679215e-6,-3.6028443291194315e-6,-1.0688335125474331e-5,5.498061808490695e-6,-1.224726534205826e-5,-1.5200714067318357e-5,-9.25316190205542e-6,-2.1640820842823525e-6,2.5590460895381323e-5,-4.6490135404923943e-7,3.2280899701719226e-7,-5.236997583934703e-6,7.2139995666244964e-6,5.289072637356597e-6,1.4556687167107207e-6,-7.633533845486241e-7,-7.07950959518451e-6,5.4889856185690524e-5,7.248132602498335e-5
