(Intercept),year2018,year2019,year2020,year2021,year2022,gendermale,age,age_squared,relationship_statuspartnered,relationship_statusseparated,relationship_statuswidowed,food1,housing1,health1,water1,air1,healthcare1,security1,social_support1,respect1,education1,interesting_activity1,recreation1,occupation1,freedom1,personal_income,relative_income,rating_economic_conditions,country_average_food,country_average_housing,country_average_health,country_average_water,country_average_air,country_average_healthcare,country_average_security,country_average_social_support,country_average_respect,country_average_education,country_average_interesting_activity,country_average_recreation,country_average_occupation,country_average_freedom,gdp,growth,government_effectiveness,democracy,social_protection
0.6498041655309481,0.001190973245116068,0.002532365510528175,-0.0014840576035427262,-1.8981501194249801e-4,0.005201544421402802,0.0017075622750540086,-2.477052147261543e-4,2.611823902976927e-6,-9.961689406217844e-4,2.6627942430219317e-4,-6.720590555402468e-4,9.201285932302032e-4,-0.003774289181326023,-0.0035744765543117797,2.650675791031003e-4,-3.508058294334236e-4,-1.552901548193254e-4,-5.895599966221701e-4,-0.0019281914792571464,-5.115452766824711e-4,8.627469050928798e-4,0.0018037277968274564,-0.0022836407611198876,-0.003587464461987312,6.736049397634665e-4,5.647590497935931e-4,-3.264090275998455e-5,-7.65363782812697e-4,9.153503674805318e-4,-3.344203214014389e-4,-8.986135493207365e-4,-2.509529023823128e-4,-3.1535414360794166e-5,-1.012549133071822e-4,3.1215205142059906e-4,-3.975675509998168e-4,-0.0016523356068117317,5.496401315663126e-4,2.8761151249950633e-4,-1.09167911043856e-4,-0.002548255085027702,2.452764389207117e-4,-0.02815485231706969,-5.396382447600136e-4,0.006923177066003494,-2.1964743109222936e-4,4.74452215374636e-4
0.0011909732451159069,4.67289310573088e-4,4.213047191284995e-4,2.7830730256790795e-4,2.2851772809967449e-4,2.584368701903514e-4,-3.893500077045534e-5,-2.6926829552236355e-6,2.1038817558951703e-8,-3.36669833075287e-5,1.759338912935435e-6,-1.2458272600581134e-6,-5.212329882798237e-5,4.929679519670283e-5,1.6254583352833535e-5,1.032676077226288e-5,2.4018891989834117e-5,-3.8240629545817434e-5,1.1109382527943237e-5,5.4796672409511765e-6,2.8522967548364452e-5,-4.648366530256814e-5,-2.401444186893883e-5,-2.25269383585066e-5,1.54445198326107e-5,-4.89780553807656e-6,-4.7246142737743054e-5,2.761403087994697e-7,-1.3924654458382277e-5,2.290898532771368e-6,5.879467757831849e-6,-3.806145098016868e-5,-2.220353023456928e-6,1.835206957189912e-6,-1.0726436823059032e-6,7.031215616287297e-7,-4.045785044707172e-7,-4.21469316813508e-6,1.6034839100604007e-6,2.6540049973796674e-6,-5.212878389521152e-7,2.7856323486960536e-6,-7.1271029636922315e-6,2.5031287338089493e-4,-2.2027079408225947e-5,-1.1776433812376879e-4,2.1616535820328416e-4,-8.450575400804493e-6
0.0025323655105278877,4.2130471912849954e-4,0.0010885040904319914,6.687902267606602e-4,6.325296359863871e-4,6.641211363387526e-4,-1.358738593668828e-4,-1.0245943223536197e-5,8.74981325329491e-8,-1.0905908161585584e-4,-8.269512743546162e-5,-3.58397261790323e-5,-9.199019702323e-5,1.334653792291106e-5,-1.0508496735152537e-4,2.8381646418282124e-5,3.885001336264272e-5,2.9735510493495934e-5,-1.0835003047214484e-5,1.304939522536705e-4,-5.503973130011389e-5,-6.679583750091912e-5,-5.1348700340410424e-5,6.416165505102896e-7,1.3409891830914944e-5,2.3725621963431916e-5,3.7226398350199336e-5,-1.1647346980836004e-6,-2.7015611135817843e-5,6.289776046921949e-6,1.0706259283015846e-5,-1.4118867747519982e-5,9.420549250972914e-6,1.6699335475199e-6,3.5014278860147322e-6,-1.2949137854040436e-6,-2.322832950660566e-6,-1.437187960622895e-5,-3.5250683343596125e-6,1.4124227391871539e-6,-1.5426248002967423e-5,6.629271684246917e-6,-1.5350073167639194e-5,-7.608393026651091e-5,1.7098327022401324e-5,-1.1956324315434938e-4,3.45389027368473e-5,1.3429887686309898e-6
-0.001484057603542431,2.7830730256790524e-4,6.687902267606582e-4,0.0018094508295875462,9.970990175533416e-4,8.761101467254038e-4,-9.732282645542017e-5,-1.7137247590355196e-5,1.7255874834270923e-7,-3.024123927321175e-5,-1.1915498502273657e-5,-1.0877551582200778e-4,3.310065243662165e-5,6.983623970150262e-5,-6.136453378971137e-5,6.435442289683938e-6,3.0484597039708462e-5,-1.1310218795574513e-5,-1.0066523203258551e-4,1.130352579934627e-4,-1.1222463273244191e-4,-3.2650929661778285e-4,1.1124279769294258e-5,-7.416717783026926e-6,-5.526386059306799e-5,1.2136761081806477e-4,-5.751692741461846e-5,1.2695096367766203e-6,4.928909391502282e-5,-1.350315371539436e-5,1.4709371286643934e-5,-9.48711046013929e-6,-8.917676046379318e-6,-3.1548006974375714e-6,8.851897041587064e-6,-2.669477627343107e-5,1.9900277757062633e-5,1.0644858575881943e-5,6.9722685656172375e-6,-1.52748038361645e-5,-1.4276550437327576e-6,5.110710266009793e-5,-1.0936647645017754e-5,-2.0518760067304533e-4,1.8850236387477748e-4,8.668483789553432e-4,-2.5461662074567187e-4,-7.261949914699798e-6
-1.8981501194297536e-4,2.2851772809967432e-4,6.325296359863869e-4,9.970990175533392e-4,0.00125751790343475,9.143911753178103e-4,-6.51074176730408e-5,-9.208011281420179e-6,4.267198429830897e-8,-6.331301337620117e-5,-5.5608450393572996e-5,-7.840846649439757e-5,-4.637685993576526e-5,1.5455716347556316e-5,-7.913779128033025e-5,3.950543210363229e-5,1.3558353332848338e-6,3.956910701944987e-6,-2.013629779948266e-5,1.366778771329882e-4,-6.667018001207913e-5,-1.775009559878512e-4,-2.3398271601782557e-5,5.671063488408644e-5,2.230796483068605e-5,8.683046562519661e-5,3.503105116719977e-5,9.406393557266728e-7,2.7121528728202093e-5,9.556251127940438e-6,3.8945599771620456e-7,-2.819737571154043e-6,-9.884284679760075e-6,-9.393267449065776e-6,8.925925254918367e-6,-1.8691993911222487e-5,2.2630804428928717e-5,-1.0153131688510324e-6,4.227506082431145e-6,-3.0522873232003816e-6,-5.470888872879398e-7,2.482580402364957e-5,1.7533350762285981e-7,-3.456911833912486e-4,1.4708610066927667e-4,5.461134645372691e-4,-2.961286382455908e-4,-5.898770879966734e-6
0.00520154442140173,2.584368701903512e-4,6.641211363387558e-4,8.761101467254155e-4,9.143911753178144e-4,0.00156438661640003,-1.00529474366776e-4,-2.2175233682213442e-5,1.611899269603828e-7,-1.096173391126877e-5,5.224839015264047e-5,4.312746826909134e-5,-5.449218554304458e-5,-6.395409257383998e-5,-1.3483230273702773e-5,3.503934027776466e-5,1.679776640542519e-5,4.188161980095623e-5,-1.8427814317590933e-5,8.646134675071669e-5,-1.188258702951993e-4,-1.4590607713301933e-4,3.962219566125755e-5,1.876739060145796e-5,1.5611301893620793e-5,7.215821332436244e-5,1.2643153278919987e-4,-2.2056141710374613e-6,4.039494894291078e-5,3.997708837332897e-5,-1.0798886191408703e-5,4.251902238401079e-5,-1.5529387884058304e-5,-3.926080392697573e-6,7.645444485778164e-6,-1.2988047694963554e-5,-7.00784279649983e-7,1.0302517068027632e-5,9.424203424846234e-6,4.714417763560643e-6,-2.284582487013422e-5,2.8903282176535938e-6,4.069694996156686e-6,-0.001111366660651116,1.4784003815543177e-4,6.3875669647135e-4,-3.167618042476345e-4,2.475580726571575e-7
0.001707562275054005,-3.8935000770455374e-5,-1.3587385936688275e-4,-9.732282645542019e-5,-6.510741767304097e-5,-1.0052947436677608e-4,2.8595491320595985e-4,1.3185424071657207e-5,-1.3898539420906194e-7,3.3832159015724014e-5,4.301519691681703e-5,-7.121733469957546e-6,-4.7995213827804106e-5,-4.500763916247403e-5,-4.6861633467773585e-6,-1.325520483775579e-5,5.48940825946928e-6,-2.7382730005948746e-5,4.8851858038538555e-6,-1.113691971759434e-4,1.5346420802519774e-5,4.5701100433757585e-5,-1.1726294755467175e-5,-9.646106076858248e-5,-9.301063478864307e-5,-5.2753933144211324e-5,-2.524116805281935e-5,-7.317181310590835e-8,-3.9517871813177966e-5,5.0808411612715844e-6,-4.649822665170473e-6,-3.4334266912193044e-6,1.3504624232023534e-6,-1.928988275423769e-6,2.0891457673480824e-6,2.843167813918301e-6,-4.185247390839766e-6,-3.790284505813547e-6,5.698075926791281e-6,5.022492687669822e-7,-2.275450005776151e-6,-1.0812327289012443e-5,3.923040337117642e-6,-1.4205047201714153e-5,8.548502182050828e-6,-1.1847888975414129e-5,5.938709408716168e-5,-4.122252288513153e-6
-2.4770521472616467e-4,-2.692682955223634e-6,-1.0245943223536202e-5,-1.7137247590355108e-5,-9.2080112814202e-6,-2.217523368221339e-5,1.3185424071657213e-5,6.640709406636997e-6,-6.329981900662832e-8,-1.8729594012154196e-5,-2.9509504971217237e-5,-2.1483787420331962e-5,-7.880341208485203e-6,-1.0231599602294873e-6,-1.4798331845898633e-5,1.3975535070022552e-6,-5.946292105825386e-6,-2.104737080620698e-6,5.720817564918197e-7,-7.191070086355291e-6,-3.237311494386929e-6,1.293337778551971e-5,-4.825126503640734e-6,-7.414422705336503e-6,-1.925489952314166e-6,-7.921013870936173e-6,-4.403549090854418e-6,2.389324073513149e-7,-5.491846912350551e-6,-1.480538275005844e-6,1.4456852195677736e-6,-5.696340725370862e-7,2.8625251936916935e-7,-6.66982451860597e-7,2.209909945506611e-7,-1.9310444044173156e-7,-1.8578142079611216e-7,-8.755996492982847e-7,-4.701497693044541e-7,1.9208374436476123e-7,9.954306853048919e-8,-1.889860257000051e-6,8.911428222667436e-8,5.6931035840934225e-5,-3.2276865267841036e-6,-4.042988122578483e-5,1.2768249392671037e-6,-2.9162180435865217e-7
2.6118239029770756e-6,2.1038817558951856e-8,8.749813253294924e-8,1.7255874834270836e-7,4.2671984298309084e-8,1.611899269603826e-7,-1.3898539420906205e-7,-6.329981900662783e-8,7.115969186798966e-10,1.4380793974679616e-7,2.2215502692361593e-7,1.6379486802520052e-7,6.545513883675902e-8,9.197505846862512e-9,1.1437189611239387e-7,7.959374820513797e-9,5.8429308389190085e-8,4.265824384757553e-8,-1.4602143376809507e-8,5.5447959159202084e-8,1.4870673513927506e-8,-1.0200503237996403e-7,3.489716957056995e-8,8.614844741659266e-8,1.5194957591127697e-9,5.262354395681396e-8,6.033172665577758e-8,-3.2576929482359508e-9,4.3450059058632664e-8,1.0163812622148746e-8,-1.0116480398634651e-8,2.707506167467236e-10,2.2997974564209837e-10,6.890335181488766e-9,-3.6612599158030885e-9,-2.0962099773570194e-9,4.858352944462369e-9,2.6574612313287523e-9,6.1780601302610975e-9,-3.6463396380556165e-9,-2.7189225414204942e-09,1.7699676637133096e-8,3.12032438523435e-10,-5.177169367304351e-7,2.426912394566987e-8,3.092729281203009e-7,-2.1538269280161948e-8,4.370999908856699e-9
-9.961689406217426e-4,-3.366698330752866e-5,-1.0905908161585578e-4,-3.024123927321204e-5,-6.331301337620121e-5,-1.0961733911269028e-5,3.383215901572402e-5,-1.872959401215403e-5,1.4380793974679584e-7,3.1865761097803837e-4,3.236079194900112e-4,2.4673156114511966e-4,5.84410171615768e-5,7.032880406048347e-5,1.9467214760543697e-4,-5.105203101635063e-5,5.255284081369075e-5,-1.6380460707700902e-6,3.3355968951076237e-5,-2.1105309726874802e-5,1.539853899152346e-4,-9.159148388956219e-5,4.413793732500094e-5,1.665537750563453e-5,9.283918691562152e-6,8.836787838387584e-5,4.758787625967226e-6,-1.17711281972656e-6,-3.023457589064118e-5,-3.1751770489220586e-8,-5.887389767602461e-6,1.749454811057351e-5,-5.68972351253896e-8,6.815284308011223e-6,9.066569907206846e-7,3.2154327210266055e-6,-8.036326750140931e-7,9.071009305668937e-6,2.8072564666595185e-6,-1.1249093337246997e-6,-1.0500353890916181e-5,1.522688185438047e-5,-4.056024223028609e-6,-1.99671022575945e-4,9.278847920318724e-6,1.9909476889156189e-4,4.0832859792885995e-5,-1.086033817514927e-6
2.662794243022479e-4,1.7593389129354417e-6,-8.269512743546163e-5,-1.191549850227381e-5,-5.560845039357298e-5,5.224839015264028e-5,4.301519691681707e-5,-2.9509504971217264e-5,2.2215502692361776e-7,3.2360791949001197e-4,5.856172167496686e-4,3.5615562583783157e-4,2.4084319393079254e-5,4.319610320827961e-5,2.373682016593658e-4,-5.779675273902583e-5,6.383911089704664e-5,1.2439801486257954e-6,4.7645460939271807e-5,9.71059992214599e-6,1.668788571743536e-4,-9.317707678706175e-5,1.1037867360304458e-5,3.8549941330311677e-7,1.4348883358063318e-5,4.7107160678792294e-5,-1.0029938820874148e-5,-1.0224870402921975e-6,-2.4835354245929525e-5,7.84683789786897e-6,-1.4484024224436302e-5,2.3302686002924752e-5,-2.7885901163405183e-6,8.964996320641837e-6,9.266036478917067e-7,7.22951180991421e-6,-1.4378170259256355e-6,1.7733132959815956e-5,1.1299630412302103e-6,2.024399003328509e-6,-8.065409505016878e-6,1.9020022059316414e-5,-9.564900621369635e-6,-4.7106228123477625e-4,2.124021581893492e-5,3.044316949760324e-4,2.1211490751110336e-5,3.6119916114961534e-6
-6.720590555402203e-4,-1.2458272600580948e-6,-3.583972617903228e-5,-1.0877551582200779e-4,-7.840846649439757e-5,4.312746826909126e-5,-7.1217334699574785e-6,-2.148378742033174e-5,1.637948680251979e-7,2.4673156114511874e-4,3.561556258378303e-4,5.960820308319195e-4,-2.3269804602090334e-5,2.834773982237107e-5,1.3328181092014504e-4,-8.897156908034601e-5,3.621484588346177e-5,8.82227524797938e-6,4.533346345610375e-5,-4.69005278223625e-5,1.613566045163382e-4,-1.0664944028901449e-5,-1.7387183803526264e-5,-3.794961957175786e-5,-1.0328619386602175e-5,3.7018479879744593e-6,2.4377321893945283e-5,-1.8584448857287371e-6,-2.632532936150299e-5,1.5058814050666122e-5,-1.8241506674268504e-5,2.379891917386106e-5,-8.625786483977243e-7,9.446450776590758e-6,-4.3941838447598255e-6,3.6324057087224498e-6,5.971144348910167e-7,2.7885515693792666e-5,-3.5556999020736554e-6,3.414205670087957e-6,-6.337752983368745e-6,1.3727497553059633e-5,-4.646722540011084e-6,-4.4888859318863535e-4,1.1697750728578742e-5,3.0819569869735956e-4,1.9344975584299445e-5,2.462529419009855e-6
9.201285932302117e-4,-5.212329882798236e-5,-9.199019702323005e-5,3.310065243662163e-5,-4.637685993576538e-5,-5.4492185543044666e-5,-4.799521382780415e-5,-7.880341208485266e-6,6.545513883675953e-8,5.844101716157692e-5,2.4084319393079352e-5,-2.3269804602090392e-5,2.475420176026594e-4,2.7028929888465846e-5,5.9846859225249736e-5,-2.4035597784182932e-5,-1.0886929496001022e-5,-1.8554698154235e-5,-1.277210905012165e-5,3.66822232101099e-5,-6.41282909996862e-6,-2.9677025881075106e-5,5.914726233574135e-5,3.167307637890927e-5,4.284148720742157e-5,3.9501135581220215e-5,3.611907410875503e-6,5.802110940067552e-7,3.8567160463771216e-5,5.82387717845947e-6,-4.045428952585993e-7,3.4149561728117557e-7,-9.98668489694669e-6,2.348194990249894e-6,-2.8280251099334263e-6,-4.188873087640437e-6,-4.311091862871482e-6,-4.605742425763814e-6,3.908043014190648e-6,4.1662338272666816e-7,2.2893743025363305e-6,7.093475571524663e-6,5.123844742465141e-6,-1.31664775763355e-4,1.657290601098898e-5,1.872296110846771e-4,2.5576691949447644e-5,-9.930955438266075e-7
-0.0037742891813260255,4.929679519670283e-5,1.3346537922911087e-5,6.983623970150269e-5,1.5455716347556547e-5,-6.395409257384002e-5,-4.500763916247402e-5,-1.0231599602294905e-6,9.197505846862424e-9,7.032880406048342e-5,4.319610320827967e-5,2.8347739822371054e-5,2.7028929888465795e-5,3.116040466504452e-4,9.085931097284462e-5,-3.13717466952813e-5,4.096203128598895e-5,-2.8424738909223377e-5,2.313944672646314e-5,1.010207080464476e-5,6.868004125492373e-5,-1.0866772332026133e-4,-1.7845641751338725e-5,2.7939840088773074e-5,3.3031955637894816e-5,8.80088279924446e-7,2.5085149553984845e-5,-1.1191606233088767e-6,-8.240022728630129e-6,-1.3128903868534627e-5,4.535828013793498e-6,3.823006948644152e-6,-3.090795089055348e-7,2.3289225153185677e-6,2.919035513867054e-6,2.7012602826633763e-6,6.973191726424227e-6,1.1985971144315011e-5,7.686711906248894e-7,-9.305129958341075e-6,4.788777574658821e-7,3.368056210716481e-5,-8.435051308781327e-6,-6.0735408487991676e-5,7.140079182533348e-6,1.7817929231175156e-4,1.3920643182895197e-5,-3.2171530649501667e-6
-0.0035744765543117706,1.6254583352833484e-5,-1.050849673515253e-4,-6.136453378971137e-5,-7.913779128033025e-5,-1.3483230273702722e-5,-4.6861633467773585e-6,-1.4798331845898731e-5,1.1437189611239417e-7,1.946721476054373e-4,2.3736820165936627e-4,1.332818109201451e-4,5.984685922524972e-5,9.085931097284457e-5,4.3987441454743277e-4,-2.6059458971976946e-5,3.662524968078516e-5,-4.681871435852167e-5,5.919360762235994e-5,9.268891129894998e-5,1.566943228011513e-4,-9.151693498484226e-5,3.0099855520822097e-5,4.068380191249439e-5,1.0774499365969348e-4,6.825581527512259e-5,4.3709436898149804e-5,-1.6281793670238903e-6,-2.27973189457439e-5,-1.2116016585317003e-5,5.129184226061029e-7,2.3919742651984975e-5,1.2709735735271098e-6,-3.855032854675777e-7,-8.03131724286272e-7,1.9303316809844565e-6,3.8986504530139246e-6,9.984033488738881e-6,-1.8581252006265848e-6,-6.326614750099976e-6,-5.528205866599723e-6,1.4628474329647492e-5,-1.3710510348752586e-6,1.697913827667331e-5,4.160920538262709e-6,2.326149687345783e-4,7.100566619469845e-5,-3.0833711102574104e-6
2.6506757910308923e-4,1.0326760772262892e-5,2.8381646418282066e-5,6.435442289683891e-6,3.9505432103632364e-5,3.503934027776457e-5,-1.3255204837755789e-5,1.3975535070022266e-6,7.95937482051405e-9,-5.105203101635056e-5,-5.7796752739025774e-5,-8.897156908034598e-5,-2.4035597784182956e-5,-3.137174669528127e-5,-2.605945897197693e-5,9.160116449903061e-5,-3.476480145194664e-5,1.406690973557407e-5,-4.44093776266134e-6,2.1684482468532832e-5,-5.4946596337116486e-5,7.502432292678692e-6,-7.4025617742065444e-6,1.3503696541539517e-5,1.600262676556423e-5,-2.185365650835388e-5,-8.166347774378547e-8,4.991043623739815e-7,7.914300804725916e-6,-7.866050877531517e-7,2.4291900467058864e-6,-3.354022826214823e-7,7.054445732527317e-7,-1.0877677028366123e-6,5.313716547399072e-7,-2.8189351621665085e-7,6.849434338141928e-7,2.1206820524462086e-8,-1.8530020165057195e-6,-5.046737459887705e-7,3.506269805841475e-6,-9.451863270732422e-6,-1.7523432774409924e-6,4.757543004741238e-5,-2.2847556571621828e-6,-1.1974745016726032e-4,2.42021524727524e-5,7.253238184371576e-7
-3.5080582943341403e-4,2.401889198983411e-5,3.8850013362642714e-5,3.048459703970847e-5,1.3558353332846907e-6,1.6797766405425192e-5,5.489408259469263e-6,-5.94629210582539e-6,5.8429308389190125e-8,5.255284081369078e-5,6.383911089704661e-5,3.6214845883461755e-5,-1.088692949600102e-5,4.096203128598894e-5,3.6625249680785164e-5,-3.476480145194663e-5,1.2499769537577913e-4,-1.5808251438044957e-5,1.0010101555812326e-5,5.852887572920462e-6,5.1682070077356465e-5,-5.068783674632262e-5,-9.74362465449635e-6,1.0883249670706886e-6,-6.987554299639612e-6,1.577555301675949e-6,1.1117735648392374e-5,-9.062971263809126e-7,-6.193965167911874e-6,1.6136485701187086e-6,-2.605632425550911e-6,1.9843913145898416e-6,-2.8792846240801846e-7,5.035715284502828e-6,1.0865155301748629e-6,2.1819711432344588e-6,-6.900110801585139e-8,2.854699059490484e-6,1.222501140912362e-6,-4.076503454093224e-6,-4.9733670214775904e-6,1.0587360789639606e-5,-6.383671894589909e-6,-7.310510721347967e-5,3.9796990327048896e-8,2.844577770414686e-5,8.035458291848276e-6,1.3860708332556823e-6
-1.552901548193348e-4,-3.824062954581739e-5,2.9735510493495958e-5,-1.1310218795574493e-5,3.9569107019450575e-6,4.18816198009565e-5,-2.7382730005948733e-5,-2.1047370806207157e-6,4.26582438475757e-8,-1.6380460707700843e-6,1.2439801486258392e-6,8.822275247979309e-6,-1.8554698154235028e-5,-2.8424738909223373e-5,-4.6818714358521655e-5,1.4066909735574059e-5,-1.5808251438044947e-5,1.2677266534797744e-4,-1.8253910763161306e-5,1.6193087381116908e-5,-3.0378324611943743e-5,2.5319715819318712e-5,3.2954589350588107e-7,-5.267666243279666e-6,-2.4460188351108242e-5,4.288046972456396e-6,2.297846045619841e-5,-7.579263989513746e-7,-5.4940713137770935e-6,2.3836987289475755e-6,1.1796473644026226e-7,9.161260761512588e-6,6.796836848304074e-6,1.138839935667143e-6,2.0130864237820014e-6,-4.8664549179701345e-6,1.869834482838471e-6,-1.2225203472704586e-6,1.975497980790939e-6,5.937078461633182e-7,-1.2810471261297637e-5,-2.1368358138308697e-6,3.4186193196340195e-6,-5.710589287022426e-5,-5.264826837023517e-6,-1.1982749655341429e-4,-4.582360245191572e-5,-3.677156640169964e-7
-5.895599966221654e-4,1.1109382527943206e-5,-1.0835003047214521e-5,-1.0066523203258564e-4,-2.0136297799482727e-5,-1.8427814317591095e-5,4.885185803853825e-6,5.720817564918272e-7,-1.4602143376809391e-8,3.335596895107628e-5,4.764546093927172e-5,4.533346345610374e-5,-1.2772109050121664e-5,2.3139446726463167e-5,5.919360762235988e-5,-4.440937762661346e-6,1.0010101555812314e-5,-1.8253910763161312e-5,7.6226458702432e-5,2.062944550582473e-5,4.220856640706538e-5,2.390823455630937e-5,2.383156606342477e-6,5.215802223330551e-6,3.337866852257832e-5,-4.980555858381251e-6,1.9675286892660162e-5,-3.1067445082500534e-7,-1.2793784361459408e-5,-1.3749122552163219e-6,-2.09384085511649e-6,2.382314217266388e-6,-1.651699718981517e-6,1.2947822538309204e-6,-2.79502974013841e-6,4.966246630873047e-6,1.8822697666139084e-8,1.820393166579084e-6,-2.3697671680295675e-6,2.50012487929324e-6,1.1398989377699383e-6,-4.5525017770905775e-7,-2.472947668001282e-6,3.812606008368977e-5,-1.0720792813725856e-5,1.1851806494528484e-5,5.482210658721185e-5,-1.4203815535561704e-6
-0.0019281914792571792,5.479667240951195e-6,1.304939522536704e-4,1.1303525799346271e-4,1.366778771329882e-4,8.646134675071683e-5,-1.113691971759433e-4,-7.1910700863553004e-6,5.544795915920167e-8,-2.110530972687497e-5,9.710599922146073e-6,-4.6900527822362486e-5,3.668222321010996e-5,1.0102070804644707e-5,9.26889112989501e-5,2.1684482468532805e-5,5.852887572920455e-6,1.6193087381116945e-5,2.06294455058247e-5,3.6028792694656436e-4,-6.180392799112712e-6,4.385801280794746e-5,-1.5235039860940055e-5,5.448730378671274e-5,9.582256211707255e-5,2.7479968149172887e-6,2.7972339807804303e-5,1.2902528283097732e-6,9.035564504873351e-6,-1.7616847006598135e-5,1.2497535979396842e-5,2.27044478256676e-5,1.0740564854117807e-5,-2.35813295570911e-6,2.7773282637178196e-6,1.0732319365900363e-6,1.4993306289927632e-5,4.097637996200773e-6,-7.262130377619141e-6,2.954389593657188e-7,6.235463604123118e-6,-2.0036576686952266e-6,-1.6836975975061076e-5,-2.0388932152242849e-4,3.2006351344500854e-5,5.95990762568143e-5,-2.5107394751383105e-4,1.3773439835432414e-5
-5.115452766824909e-4,2.852296754836449e-5,-5.503973130011383e-5,-1.1222463273244185e-4,-6.667018001207913e-5,-1.1882587029519927e-4,1.5346420802519778e-5,-3.237311494386895e-6,1.487067351392736e-8,1.5398538991523469e-4,1.6687885717435355e-4,1.613566045163382e-4,-6.412829099968612e-6,6.868004125492374e-5,1.5669432280115123e-4,-5.4946596337116513e-5,5.168207007735646e-5,-3.0378324611943736e-5,4.220856640706536e-5,-6.180392799112695e-6,4.136304736863441e-4,-2.4063849329370207e-5,4.350387679613024e-6,-2.9927430206188093e-5,1.9152372828156154e-5,6.628563188670517e-5,1.7942940782838394e-5,-1.0742359592156456e-6,-6.496813135286015e-5,-1.0054376476797764e-5,6.5394018186721326e-6,5.081954852175704e-6,-3.471571814599691e-7,2.0538037967035133e-6,-1.4982539726919751e-6,1.1851772407519034e-6,-1.4304772309590631e-5,-1.1422577659541976e-5,2.0269917074261347e-7,-5.486345031205075e-6,-1.0561728023079309e-5,1.0447655981986279e-5,7.859535422176158e-6,1.2354882160336373e-4,-4.215677155025999e-5,-7.435484883695786e-5,6.365723509693552e-5,3.832167520536454e-6
8.627469050929124e-4,-4.648366530256804e-5,-6.679583750091901e-5,-3.265092966177829e-4,-1.7750095598785133e-4,-1.459060771330192e-4,4.570110043375764e-5,1.2933377785519669e-5,-1.0200503237996384e-7,-9.159148388956187e-5,-9.317707678706159e-5,-1.0664944028901429e-5,-2.96770258810751e-5,-1.0866772332026127e-4,-9.151693498484234e-5,7.502432292678664e-6,-5.068783674632263e-5,2.5319715819318695e-5,2.3908234556309348e-5,4.385801280794742e-5,-2.4063849329370204e-5,4.7553754216902137e-4,-1.9133619018151883e-5,-1.06327369478483e-5,2.0864226437367014e-5,-7.321856419445136e-5,3.302467266091739e-5,1.1689993473003456e-6,-2.847300447181463e-5,-1.7708975509232565e-6,4.688330401567456e-6,-5.268334319033566e-6,2.8940435083571807e-6,-6.05798767600222e-6,-3.6186417989566964e-6,8.985836674687748e-6,-4.867247532632722e-6,-1.025577754913326e-5,-7.612942530839939e-6,1.8193176826841984e-5,2.543359780760652e-6,-1.6219027483278086e-5,-6.9878275913453625e-6,8.913395483755149e-5,-3.8388097550035926e-5,-3.8148131440978117e-4,-2.6333149346217776e-5,1.1543248490416067e-5
0.0018037277968274402,-2.401444186893887e-5,-5.134870034041044e-5,1.1124279769294215e-5,-2.3398271601782672e-5,3.962219566125746e-5,-1.1726294755467183e-5,-4.8251265036407015e-6,3.4897169570569476e-08,4.413793732500081e-5,1.1037867360304339e-5,-1.738718380352623e-5,5.9147262335741395e-5,-1.7845641751338725e-5,3.0099855520822124e-5,-7.402561774206538e-6,-9.743624654496346e-6,3.295458935058982e-7,2.383156606342455e-6,-1.523503986094002e-5,4.3503876796130195e-6,-1.9133619018151887e-5,1.1594477297525581e-4,1.0453757172628257e-6,-7.266196757990781e-6,3.438967812652574e-5,-2.1268010411066466e-5,3.153437908151217e-7,2.1025096517417437e-5,5.441708011542475e-6,7.418957037422281e-7,-8.113667182889314e-6,-2.94195214754294e-6,6.13889274557332e-7,-1.6088705126580187e-6,-3.873974385979115e-6,-3.610671985314696e-6,-7.2965044353936175e-6,5.178040692610872e-6,3.1533525862032894e-7,-9.64550176346544e-7,-7.167978694584881e-6,7.690342437308992e-6,-7.049868314266446e-6,2.9931493346065046e-6,1.0281378286173726e-4,-2.9941978755561293e-6,-3.4923604714823557e-6
-0.002283640761119882,-2.2526938358506614e-5,6.416165505102989e-7,-7.4167177830270656e-6,5.671063488408656e-5,1.8767390601458152e-5,-9.646106076858244e-5,-7.414422705336551e-6,8.614844741659291e-8,1.6655377505634627e-5,3.8549941330328353e-7,-3.794961957175789e-5,3.167307637890927e-5,2.793984008877311e-5,4.0683801912494324e-5,1.350369654153951e-5,1.088324967070706e-6,-5.267666243279684e-6,5.215802223330563e-6,5.448730378671263e-5,-2.992743020618807e-5,-1.0632736947848285e-5,1.045375717262824e-6,1.9958583224802647e-4,8.321009205551856e-5,2.4643977118543396e-5,3.7605733125103346e-5,-3.9145537241493744e-7,3.2776956284651874e-5,-6.794470157825797e-6,2.144285891284934e-6,2.511884683639933e-6,-5.466421381631362e-7,-4.353288901191236e-6,-4.823494893862841e-6,-6.296460089058095e-7,7.604913472139931e-6,-5.389991012783945e-6,-2.7706392886153237e-6,1.3150090111181938e-6,1.1242266685918867e-5,1.4387470553132163e-5,2.118985129554981e-6,4.053732459933971e-5,2.1836430224112783e-5,9.530915383670163e-5,1.98319393739399e-5,-2.4387188343873795e-6
-0.003587464461987282,1.5444519832610764e-5,1.3409891830914965e-5,-5.526386059306811e-5,2.2307964830685996e-5,1.5611301893621006e-5,-9.301063478864307e-5,-1.9254899523141095e-6,1.5194957591124275e-9,9.283918691562091e-6,1.4348883358063157e-5,-1.0328619386602207e-5,4.2841487207421575e-5,3.3031955637894836e-5,1.0774499365969353e-4,1.6002626765564237e-5,-6.987554299639613e-6,-2.4460188351108242e-5,3.337866852257829e-5,9.582256211707254e-5,1.9152372828156144e-5,2.0864226437367004e-5,-7.2661967579907736e-6,8.32100920555185e-5,2.464025030091929e-4,3.953535634123913e-6,2.124907570092616e-5,3.6702231560512483e-7,-4.7564702413083395e-6,1.5988081154480018e-6,2.54680275427854e-6,1.2760595694562201e-5,-1.5297398317636229e-9,2.86862831569597e-7,-7.388346501823534e-6,3.592903054541575e-6,-3.0700755471089957e-6,-6.679713270430071e-7,-8.630747271918976e-6,8.521862885463225e-6,1.4765200941489713e-5,1.5198257951617202e-5,-5.156462656364076e-7,-3.151619315631925e-5,1.0639865528322952e-5,5.632356404100461e-5,-1.1418108485884087e-4,3.943573414505242e-6
6.736049397634664e-4,-4.897805538076644e-6,2.3725621963431825e-5,1.2136761081806482e-4,8.683046562519662e-5,7.215821332436235e-5,-5.2753933144211344e-5,-7.921013870936186e-6,5.262354395681402e-8,8.836787838387589e-5,4.710716067879236e-5,3.701847987974397e-6,3.950113558122015e-5,8.80088279924446e-7,6.825581527512272e-5,-2.1853656508353894e-5,1.5775553016759466e-6,4.288046972456413e-6,-4.9805558583812664e-6,2.747996814917311e-6,6.628563188670518e-5,-7.321856419445144e-5,3.4389678126525736e-5,2.4643977118543406e-5,3.953535634123909e-6,1.9398650666757668e-4,-6.825905360422183e-6,5.057949301140438e-8,-8.060033049763758e-6,-7.917550404280855e-6,1.3185290673524272e-6,1.8129100471197315e-6,8.761951588277622e-7,-4.140987763962965e-6,6.081091683318156e-7,-1.9317063719337357e-6,-3.7014710108906e-6,-1.2047712519377518e-5,2.4502610220859378e-6,-2.6840106475390406e-6,-7.551294803138748e-6,6.265036480903025e-6,6.371256469775578e-6,6.803470206515722e-5,-2.3348164106527775e-6,3.516193360810813e-5,4.241864903802183e-5,6.135622042626478e-7
5.647590497935291e-4,-4.72461427377431e-5,3.722639835019935e-5,-5.7516927414618845e-5,3.5031051167199726e-5,1.2643153278919835e-4,-2.524116805281937e-5,-4.403549090854448e-6,6.033172665577794e-8,4.758787625967309e-6,-1.0029938820874133e-5,2.4377321893945303e-5,3.61190741087557e-6,2.50851495539848e-5,4.370943689814978e-5,-8.166347774380065e-8,1.1117735648392365e-5,2.2978460456198404e-5,1.9675286892660145e-5,2.7972339807804283e-5,1.794294078283846e-5,3.30246726609171e-5,-2.12680104110665e-5,3.760573312510332e-5,2.1249075700926233e-5,-6.8259053604221884e-6,2.558768671584086e-4,-6.437766719538134e-6,-1.68015725482814e-5,-3.0607081011551373e-6,-4.536517933764247e-6,1.2734250051799176e-5,-2.9588247853261665e-6,1.0365648142573864e-6,-3.501377453392117e-6,-1.1362675849003683e-06,1.2572515766627373e-6,-2.5377791179208655e-6,1.397686936951033e-6,-8.090876138166202e-7,-5.3547368415120525e-6,-4.557117367696205e-6,2.2816257542693145e-6,-2.2409291950999287e-4,1.8910357553196052e-5,1.0954417215519794e-4,-9.766318305615056e-5,5.006798851512682e-6
-3.264090275998337e-5,2.761403087994723e-7,-1.1647346980835978e-6,1.2695096367766395e-6,9.406393557266875e-7,-2.205614171037403e-6,-7.317181310590785e-8,2.389324073513145e-7,-3.257692948235943e-9,-1.177112819726558e-6,-1.0224870402921941e-6,-1.8584448857287306e-6,5.802110940067539e-7,-1.1191606233088778e-6,-1.6281793670238907e-6,4.991043623739828e-7,-9.062971263809131e-7,-7.579263989513745e-7,-3.1067445082500407e-7,1.2902528283097705e-6,-1.074235959215645e-6,1.168999347300355e-6,3.1534379081512273e-7,-3.9145537241493993e-7,3.670223156051207e-7,5.0579493011404955e-8,-6.437766719538129e-6,2.5874090728953106e-7,9.58766449010896e-7,-8.356250330318555e-8,2.2282286614732688e-7,8.0017114527201e-8,1.217144855253243e-7,-1.7401360800586406e-7,9.787249924397533e-8,5.8065578546747244e-8,1.1307790887777704e-7,6.448476563717752e-8,-1.5336309182496264e-7,1.2197107681423338e-7,2.254180391652995e-7,-1.678302349790553e-7,-1.5519776707996598e-7,4.94337258523257e-6,-1.6695199025730927e-07,-2.080632285002068e-6,-1.9031366841642093e-6,1.2863724857357799e-8
-7.653637828127135e-4,-1.3924654458382272e-5,-2.701561113581785e-5,4.928909391502291e-5,2.7121528728202005e-5,4.039494894291062e-5,-3.951787181317793e-5,-5.491846912350536e-6,4.345005905863252e-8,-3.0234575890641214e-5,-2.483535424592953e-5,-2.6325329361503012e-5,3.856716046377124e-5,-8.240022728630143e-6,-2.279731894574393e-5,7.914300804725935e-6,-6.193965167911874e-6,-5.494071313777072e-6,-1.2793784361459408e-5,9.03556450487335e-6,-6.496813135286018e-5,-2.8473004471814615e-5,2.102509651741742e-5,3.2776956284651874e-5,-4.756470241308335e-6,-8.060033049763766e-6,-1.6801572548281407e-5,9.587664490108964e-7,1.083309735009563e-4,3.6618662480498466e-6,-4.305865629953532e-6,1.2187298986102753e-6,-4.832448924897714e-6,1.7920256798681504e-6,-5.505984593914275e-7,-2.7127252361047614e-6,3.3030616312731614e-6,6.681851339322856e-6,2.312738316774861e-7,-3.5913536981216377e-6,2.545018914745883e-6,5.706091481521972e-6,-1.033470849123759e-7,6.708893752981299e-6,2.0352537969767154e-5,3.2964503810636295e-5,2.3202551148731738e-5,-3.9141590185119475e-6
9.153503674805693e-4,2.2908985327716798e-6,6.2897760469225705e-6,-1.3503153715393627e-5,9.556251127940753e-6,3.997708837332903e-5,5.080841161271596e-6,-1.4805382750058431e-6,1.0163812622148726e-8,-3.175177048922526e-8,7.846837897868955e-6,1.5058814050666128e-5,5.823877178459474e-6,-1.3128903868534625e-5,-1.211601658531698e-5,-7.866050877531594e-7,1.613648570118725e-6,2.3836987289475772e-6,-1.3749122552163157e-6,-1.761684700659811e-5,-1.0054376476797781e-5,-1.7708975509232412e-6,5.441708011542491e-6,-6.794470157825804e-6,1.5988081154479802e-6,-7.917550404280855e-6,-3.060708101155209e-6,-8.356250330318308e-8,3.6618662480498453e-6,1.4219364122248128e-5,-8.458978850279309e-6,-8.158298729278969e-7,-4.523544235375553e-6,2.7396299549102267e-6,-1.0841812513976326e-6,-2.6569673916590494e-7,-3.294615428873096e-6,-3.394566683989757e-7,7.402319268060216e-7,1.7510174431047662e-6,-5.438393518185338e-7,-1.458664660125661e-7,2.1435961586370945e-6,-8.219163543267341e-5,4.0102527399676147e-7,1.1628368876142779e-5,9.80374788747422e-6,-7.686145902545409e-7
-3.344203214015773e-4,5.879467757831869e-6,1.0706259283015782e-5,1.4709371286644588e-5,3.8945599771595955e-7,-1.0798886191407451e-5,-4.649822665170485e-6,1.4456852195677745e-6,-1.0116480398634696e-8,-5.887389767602465e-6,-1.4484024224436299e-5,-1.82415066742685e-5,-4.0454289525860267e-7,4.5358280137935036e-6,5.129184226060963e-7,2.4291900467058813e-6,-2.605632425550915e-6,1.1796473644026838e-7,-2.093840855116493e-6,1.2497535979396835e-5,6.539401818672126e-6,4.688330401567468e-6,7.418957037422294e-7,2.1442858912849314e-6,2.546802754278536e-6,1.318529067352437e-6,-4.536517933764276e-6,2.228228661473267e-7,-4.305865629953528e-6,-8.458978850279289e-6,9.220429042716077e-6,-7.837152399622833e-7,3.8101652585757994e-6,-2.6518294802263547e-6,2.6722016534483976e-7,-6.958229621886996e-7,5.246425350994128e-7,-6.740728479848065e-7,-4.0506176502318107e-7,-2.8193680903715395e-7,2.808531766274377e-7,-6.268679077686748e-7,1.3943665759567387e-8,3.041479383196439e-5,-3.6683317975802313e-6,5.755071009381635e-6,-3.3479877060794714e-5,2.2701224057565814e-7
-8.986135493206961e-4,-3.8061450980168256e-5,-1.4118867747520024e-5,-9.487110460139332e-6,-2.8197375711534137e-6,4.2519022384010014e-5,-3.4334266912193137e-6,-5.696340725370842e-7,2.707506167467748e-10,1.749454811057351e-5,2.330268600292473e-5,2.3798919173861026e-5,3.4149561728116614e-7,3.8230069486441515e-6,2.391974265198501e-5,-3.3540228262147704e-7,1.984391314589846e-6,9.161260761512585e-6,2.3823142172663786e-6,2.2704447825667603e-5,5.081954852175708e-6,-5.2683343190335515e-6,-8.11366718288932e-6,2.5118846836399377e-6,1.27605956945622e-5,1.812910047119723e-6,1.2734250051799091e-5,8.001711452720402e-8,1.2187298986102651e-6,-8.158298729280075e-7,-7.837152399622582e-7,2.888704416572321e-5,2.1769186920083584e-6,1.948564399979767e-7,1.4189127134584546e-6,3.6756185880740605e-7,1.1774713046775932e-7,2.2336545121681916e-6,-2.327699537237859e-6,-2.1097736890515905e-6,-7.428951248790803e-6,3.3423092604956078e-6,-1.5998103048595806e-7,-1.688479367323625e-4,1.3255991839725027e-5,2.6466309735736205e-5,-7.517520848537066e-5,4.630265799831211e-6
-2.509529023824389e-4,-2.220353023456992e-6,9.420549250972902e-6,-8.91767604637858e-6,-9.884284679760251e-6,-1.552938788405819e-5,1.3504624232023507e-6,2.862525193691642e-7,2.2997974564211399e-10,-5.689723512536651e-8,-2.7885901163404886e-6,-8.625786483977119e-7,-9.986684896946695e-6,-3.0907950890552303e-7,1.270973573527101e-6,7.054445732527331e-7,-2.879284624080153e-7,6.796836848304067e-6,-1.6516997189815173e-6,1.0740564854117807e-5,-3.4715718145996153e-7,2.8940435083571875e-6,-2.9419521475429334e-6,-5.466421381631474e-7,-1.5297398317631553e-9,8.761951588277606e-7,-2.9588247853261487e-6,1.2171448552532355e-7,-4.832448924897712e-6,-4.52354423537568e-6,3.810165258575849e-6,2.1769186920083495e-6,8.397095177154926e-6,-3.408440211008705e-6,-1.1684525125812685e-6,2.0424859559763074e-7,1.5774141099242544e-6,2.1224373602693218e-7,-8.977310040457577e-7,-2.616926643609722e-7,-7.656482787244396e-7,-7.629825007785217e-8,-1.1669346549965143e-6,-1.2626943646986822e-5,-3.1665041889625094e-6,1.1375057810550896e-5,-4.238754578944338e-5,5.949929483483253e-7
-3.1535414360622395e-5,1.8352069571897675e-6,1.6699335475197976e-6,-3.154800697438592e-6,-9.393267449064964e-6,-3.926080392696133e-6,-1.928988275423771e-6,-6.669824518605909e-7,6.890335181488728e-9,6.815284308011201e-6,8.96499632064183e-6,9.446450776590752e-6,2.3481949902499036e-6,2.3289225153185486e-6,-3.85503285467571e-7,-1.0877677028366173e-6,5.0357152845028274e-6,1.1388399356671622e-6,1.2947822538309196e-6,-2.358132955709115e-6,2.053803796703503e-6,-6.057987676002238e-6,6.138892745573209e-7,-4.35328890119123e-6,2.86862831569609e-7,-4.140987763962974e-6,1.0365648142572943e-6,-1.7401360800586035e-7,1.7920256798681472e-6,2.7396299549103076e-6,-2.6518294802263784e-6,1.9485643999801036e-7,-3.408440211008712e-6,5.956541439678023e-6,-4.570804302212407e-7,-3.103810477676913e-8,-1.5196924197817495e-6,3.044793657308719e-7,1.2485936832159083e-7,-4.291699870632306e-7,-5.09685964882688e-7,3.2222018569614686e-7,-1.151076148726972e-6,3.485258819220685e-6,-1.017057522416227e-6,-1.5305371470789286e-5,1.5422791633272453e-5,7.842968556138835e-7
-1.0125491330710321e-4,-1.0726436823059368e-6,3.5014278860146966e-6,8.851897041586954e-6,8.925925254918554e-6,7.645444485778039e-6,2.0891457673480854e-6,2.2099099455065702e-7,-3.661259915803052e-9,9.066569907206957e-7,9.266036478917204e-7,-4.394183844759823e-6,-2.828025109933424e-6,2.919035513867052e-6,-8.031317242862818e-7,5.313716547399082e-7,1.086515530174865e-6,2.0130864237819963e-6,-2.7950297401384084e-6,2.7773282637178196e-6,-1.498253972691973e-6,-3.618641798956696e-6,-1.6088705126580164e-6,-4.823494893862844e-6,-7.388346501823545e-6,6.081091683318056e-7,-3.501377453392172e-6,9.787249924397688e-8,-5.505984593914217e-7,-1.0841812513975725e-6,2.672201653448122e-7,1.4189127134584658e-6,-1.1684525125812643e-6,-4.5708043022132165e-7,5.114375862094036e-6,-4.633097503308454e-7,8.452064328439148e-7,1.8621633669885565e-6,4.5721794391938006e-7,-1.20188311445533e-6,-8.100668850502913e-7,-9.775746475623848e-7,-1.4145343977670156e-6,-4.083762109654765e-6,3.2432809524106677e-6,-3.8425301888973474e-5,1.7880654019744325e-5,6.921251679296033e-8
3.121520514205005e-4,7.031215616287587e-7,-1.2949137854039443e-6,-2.6694776273430596e-5,-1.8691993911222907e-5,-1.2988047694963156e-5,2.843167813918299e-6,-1.9310444044172828e-7,-2.096209977357064e-9,3.2154327210266e-6,7.229511809914203e-6,3.632405708722456e-6,-4.1888730876404324e-6,2.701260282663379e-6,1.9303316809844574e-6,-2.818935162166525e-7,2.1819711432344584e-6,-4.866454917970135e-6,4.966246630873041e-6,1.073231936590041e-6,1.1851772407519187e-6,8.98583667468775e-6,-3.873974385979118e-6,-6.296460089058237e-7,3.5929030545415643e-6,-1.9317063719337386e-6,-1.1362675849004093e-6,5.8065578546748786e-8,-2.7127252361047546e-6,-2.656967391659024e-7,-6.958229621886593e-7,3.675618588073652e-7,2.0424859559761846e-7,-3.103810477673485e-8,-4.6330975033084596e-7,4.632363757668584e-6,-6.869274545748473e-7,-1.183071530704699e-7,-5.4150976499991e-7,1.7740564593316672e-6,-4.791867800351864e-7,-7.211678737187767e-7,-2.482856747375056e-6,-2.5135279670591128e-5,-4.703775936929168e-6,-3.339426426284347e-5,1.8092580938361983e-5,9.168574463151969e-7
-3.975675510000315e-4,-4.045785044707246e-7,-2.3228329506601376e-6,1.9900277757061728e-5,2.2630804428928487e-5,-7.007842796504616e-7,-4.185247390839752e-6,-1.8578142079611846e-7,4.858352944462405e-9,-8.036326750140527e-7,-1.437817025925585e-6,5.971144348910414e-7,-4.311091862871482e-6,6.973191726424215e-6,3.8986504530139085e-6,6.849434338141958e-7,-6.900110801584796e-8,1.869834482838451e-6,1.8822697666152574e-8,1.4993306289927635e-5,-1.4304772309590623e-5,-4.867247532632717e-6,-3.6106719853146862e-6,7.604913472139915e-6,-3.070075547108994e-6,-3.7014710108905905e-6,1.2572515766626429e-6,1.1307790887778076e-7,3.3030616312731677e-6,-3.2946154288730087e-6,5.246425350994229e-7,1.1774713046782667e-7,1.5774141099242196e-6,-1.5196924197817557e-6,8.452064328438863e-7,-6.869274545747984e-7,8.665841926725178e-6,9.503291353604592e-7,-3.8890005894313635e-7,-3.187690269314894e-7,1.4734975873249928e-6,-3.016807978675264e-7,-1.9190216328580697e-6,-1.2624946732304866e-5,7.283667765372059e-6,4.814791963204966e-5,-2.495663751063261e-5,-8.547577773435345e-7
-0.0016523356068114438,-4.214693168135114e-6,-1.437187960622891e-5,1.0644858575883142e-05,-1.0153131688503092e-6,1.0302517068026336e-5,-3.790284505813526e-6,-8.755996492982833e-7,2.657461231328777e-9,9.071009305668944e-6,1.7733132959815945e-5,2.7885515693792663e-5,-4.605742425763812e-6,1.198597114431501e-5,9.984033488738876e-6,2.120682052447155e-8,2.854699059490484e-6,-1.2225203472704504e-6,1.820393166579076e-6,4.097637996200753e-6,-1.1422577659541974e-5,-1.0255777549133267e-5,-7.296504435393611e-6,-5.389991012783962e-6,-6.679713270430117e-7,-1.2047712519377531e-5,-2.537779117920777e-6,6.4484765637175e-8,6.681851339322854e-6,-3.3945666839914626e-7,-6.740728479848688e-7,2.233654512168249e-6,2.1224373602682074e-7,3.0447936573088997e-7,1.8621633669884949e-6,-1.1830715307044193e-7,9.50329135360484e-7,2.509381844521202e-5,-8.169596295929558e-7,-2.7972963771962573e-6,2.2949343040362333e-6,5.922216719558478e-6,-6.3104365115041e-6,-7.918748679899442e-5,1.1326088022459865e-5,8.645331292870196e-5,6.689548999340122e-6,-2.1970055355741437e-6
5.496401315662472e-4,1.6034839100603795e-6,-3.525068334359532e-6,6.97226856561735e-6,4.227506082430896e-6,9.424203424846097e-6,5.698075926791279e-6,-4.7014976930445294e-7,6.178060130261098e-9,2.8072564666595253e-6,1.1299630412302105e-6,-3.5556999020736596e-6,3.908043014190646e-6,7.68671190624882e-7,-1.858125200626591e-6,-1.8530020165057189e-6,1.2225011409123636e-6,1.9754979807909486e-6,-2.369767168029566e-6,-7.26213037761914e-6,2.0269917074261934e-7,-7.6129425308399444e-6,5.178040692610871e-6,-2.7706392886153317e-6,-8.63074727191898e-6,2.450261022085942e-6,1.3976869369510327e-6,-1.5336309182496335e-7,2.312738316774837e-7,7.402319268059671e-7,-4.0506176502316174e-7,-2.3276995372378507e-6,-8.977310040457536e-7,1.2485936832156344e-7,4.5721794391937545e-7,-5.415097649998863e-7,-3.8890005894310437e-7,-8.169596295930259e-7,2.8619247310353083e-6,-8.761587160625263e-8,-7.307830004633668e-7,-1.2712677895707496e-6,9.627962896060075e-7,-2.805573279126934e-5,1.4052932584057316e-6,2.622507257540573e-5,3.841801718952626e-6,-1.0059535732455432e-6
2.8761151249957577e-4,2.654004997379723e-6,1.4124227391870933e-6,-1.527480383616446e-5,-3.0522873232000004e-6,4.714417763560878e-6,5.022492687669785e-7,1.9208374436475773e-7,-3.6463396380555706e-9,-1.124909333724689e-6,2.0243990033285166e-6,3.4142056700879583e-6,4.166233827266693e-7,-9.305129958341058e-6,-6.326614750099978e-6,-5.04673745988773e-7,-4.07650345409324e-6,5.937078461633164e-7,2.5001248792932442e-6,2.9543895936569566e-7,-5.486345031205064e-6,1.8193176826841987e-5,3.1533525862032407e-7,1.315009011118197e-6,8.521862885463245e-6,-2.684010647539039e-6,-8.090876138166415e-7,1.2197107681423407e-7,-3.591353698121645e-6,1.7510174431047739e-6,-2.8193680903719323e-7,-2.1097736890516096e-6,-2.616926643610132e-7,-4.2916998706313464e-7,-1.2018831144553374e-6,1.7740564593316227e-6,-3.187690269314893e-7,-2.7972963771962937e-6,-8.761587160625113e-8,6.066558558267394e-6,-3.7485224205478337e-7,-1.933795799616686e-6,7.495801624213904e-8,-3.0098521945720414e-6,-1.8604482461627776e-6,-1.3482554673818426e-5,-7.793799782261451e-6,-1.4069298357826788e-7
-1.0916791104395117e-4,-5.212878389521268e-7,-1.5426248002967373e-5,-1.4276550437325941e-6,-5.470888872885572e-7,-2.2845824870132677e-5,-2.2754500057761565e-6,9.954306853048895e-8,-2.7189225414204843e-9,-1.050035389091618e-5,-8.06540950501687e-6,-6.337752983368753e-6,2.2893743025363245e-6,4.788777574658749e-7,-5.528205866599719e-6,3.5062698058414695e-6,-4.973367021477593e-6,-1.2810471261297637e-5,1.1398989377699349e-6,6.235463604123126e-6,-1.0561728023079314e-5,2.5433597807606397e-6,-9.645501763465453e-7,1.124226668591886e-5,1.476520094148972e-5,-7.551294803138748e-6,-5.354736841512065e-6,2.2541803916530065e-7,2.545018914745866e-6,-5.438393518184465e-7,2.808531766274698e-7,-7.4289512487908625e-6,-7.656482787244539e-7,-5.096859648827016e-7,-8.100668850502747e-7,-4.791867800352002e-7,1.473497587325006e-6,2.2949343040362845e-6,-7.30783000463376e-7,-3.7485224205479385e-7,1.3239029137016948e-5,-1.3998899279167922e-6,-2.04226956279473e-6,4.026738301144198e-6,1.1543902427026687e-5,5.15706999959274e-5,1.0107908908626886e-5,-4.798918424606454e-7
-0.002548255085026833,2.7856323486959033e-6,6.629271684246077e-6,5.1107102660093775e-5,2.4825804023654272e-5,2.8903282176561107e-6,-1.0812327289012377e-5,-1.889860257000098e-6,1.7699676637133814e-8,1.5226881854380661e-5,1.902002205931656e-5,1.3727497553059665e-5,7.093475571524682e-6,3.368056210716482e-5,1.4628474329647496e-5,-9.45186327073239e-6,1.0587360789639689e-5,-2.136835813830872e-6,-4.5525017770907464e-7,-2.0036576686951516e-6,1.0447655981986172e-5,-1.6219027483278086e-5,-7.167978694584943e-6,1.4387470553132212e-5,1.5198257951617254e-5,6.265036480902985e-6,-4.557117367696353e-6,-1.6783023497905054e-7,5.706091481521912e-6,-1.4586646601297328e-7,-6.268679077687252e-7,3.3423092604954942e-6,-7.629825007741007e-8,3.2222018569518166e-7,-9.77574647561912e-7,-7.211678737187188e-7,-3.016807978671805e-7,5.922216719558305e-6,-1.2712677895706793e-6,-1.933795799617113e-6,-1.3998899279167676e-6,3.122676957875309e-5,-2.300482956674464e-6,-5.030857498961763e-5,1.7599001738577373e-6,7.060330581023984e-5,-2.717938382593557e-5,-3.6101875927386257e-7
2.452764389206512e-4,-7.12710296369198e-6,-1.5350073167638974e-5,-1.0936647645018081e-5,1.753335076226254e-7,4.069694996156188e-6,3.923040337117662e-6,8.911428222667137e-8,3.1203243852347766e-10,-4.056024223028595e-6,-9.564900621369627e-6,-4.6467225400110605e-6,5.1238447424651344e-6,-8.43505130878132e-6,-1.3710510348752452e-6,-1.752343277441001e-6,-6.3836718945899e-6,3.4186193196340343e-6,-2.472947668001285e-6,-1.6836975975061086e-5,7.859535422176155e-6,-6.987827591345368e-6,7.690342437308984e-6,2.1189851295549897e-6,-5.156462656364036e-7,6.371256469775596e-6,2.2816257542692925e-6,-1.5519776707996588e-7,-1.0334708491239201e-7,2.1435961586371343e-6,1.3943665759578686e-8,-1.599810304860127e-7,-1.166934654996503e-6,-1.151076148726947e-6,-1.4145343977669963e-6,-2.4828567473750186e-6,-1.919021632858091e-6,-6.310436511504092e-6,9.627962896060187e-7,7.495801624213398e-8,-2.042269562794729e-6,-2.3004829566743575e-6,1.0416101064416347e-5,2.5534992493235952e-5,-4.315452053181201e-6,-3.5436539871052507e-6,-1.4157596220810631e-5,-6.131421871160935e-7
-0.02815485231706302,2.5031287338088886e-4,-7.608393026653486e-5,-2.0518760067312163e-4,-3.4569118339127896e-4,-0.0011113666606511227,-1.4205047201715168e-5,5.6931035840934774e-5,-5.177169367304388e-7,-1.996710225759463e-4,-4.710622812347774e-4,-4.4888859318863405e-4,-1.3166477576335569e-4,-6.0735408487990877e-05,1.6979138276673648e-5,4.757543004741176e-5,-7.310510721347985e-5,-5.71058928702244e-5,3.812606008368929e-5,-2.0388932152242854e-4,1.2354882160336644e-4,8.913395483754962e-5,-7.049868314267486e-6,4.053732459934184e-5,-3.151619315631932e-5,6.803470206515599e-5,-2.2409291950999905e-4,4.943372585232835e-6,6.708893752980894e-6,-8.219163543266584e-5,3.0414793831957712e-5,-1.6884793673235395e-4,-1.262694364699716e-5,3.4852588192379092e-6,-4.083762109654577e-6,-2.5135279670595417e-5,-1.2624946732312215e-5,-7.918748679899705e-5,-2.8055732791272965e-5,-3.0098521945639166e-6,4.026738301140951e-6,-5.03085749895786e-5,2.5534992493239093e-5,0.006831448469292201,-2.540637554767113e-4,-0.0028990964454157307,0.0016824185928982674,-9.164329111056433e-5
-5.39638244759886e-4,-2.2027079408226123e-5,1.7098327022400805e-5,1.8850236387477773e-4,1.470861006692764e-4,1.478400381554312e-4,8.548502182050828e-6,-3.227686526784097e-6,2.4269123945669775e-8,9.278847920318682e-6,2.1240215818934897e-5,1.1697750728578718e-5,1.657290601098898e-5,7.140079182533361e-6,4.160920538262692e-6,-2.284755657162188e-6,3.979699032705748e-8,-5.264826837023521e-6,-1.0720792813725859e-5,3.2006351344500854e-5,-4.215677155025999e-5,-3.838809755003593e-5,2.993149334606521e-6,2.183643022411278e-5,1.0639865528322956e-5,-2.3348164106527843e-6,1.8910357553196083e-5,-1.6695199025730996e-7,2.0352537969767167e-5,4.010252739967524e-7,-3.668331797580241e-6,1.3255991839725081e-5,-3.1665041889624836e-6,-1.0170575224163337e-6,3.243280952410615e-6,-4.7037759369291466e-6,7.283667765371946e-6,1.1326088022459982e-5,1.4052932584057155e-6,-1.8604482461627454e-6,1.1543902427026685e-5,1.759900173856909e-6,-4.3154520531811906e-6,-2.5406375547670643e-4,9.432504853040767e-5,2.5752362050544884e-4,-9.317347420764678e-5,6.375529629541395e-7
0.006923177066001105,-1.1776433812376943e-4,-1.1956324315434159e-4,8.668483789553512e-4,5.461134645372797e-4,6.387566964713451e-4,-1.184788897541374e-5,-4.042988122578476e-5,3.0927292812029964e-7,1.9909476889156175e-4,3.0443169497603194e-4,3.081956986973593e-4,1.8722961108467713e-4,1.781792923117518e-4,2.326149687345781e-4,-1.1974745016725982e-4,2.844577770414668e-5,-1.1982749655341556e-4,1.1851806494529068e-5,5.9599076256814546e-5,-7.4354848836958e-5,-3.8148131440978074e-4,1.0281378286173749e-4,9.530915383670205e-5,5.6323564041004125e-5,3.51619336081085e-5,1.0954417215519764e-4,-2.080632285002058e-6,3.29645038106364e-5,1.1628368876141356e-5,5.755071009381914e-6,2.6466309735732055e-5,1.137505781055156e-5,-1.5305371470791837e-5,-3.842530188897524e-5,-3.3394264262841135e-5,4.814791963205788e-5,8.6453312928695e-5,2.622507257540789e-5,-1.3482554673819701e-5,5.1570699995929076e-5,7.060330581021878e-5,-3.543653987105061e-6,-0.0028990964454157033,2.57523620505446e-4,0.0053301077969428136,-0.0018412834096574783,-3.1295599689780254e-5
-2.1964743109173876e-4,2.161653582032842e-4,3.453890273684727e-5,-2.546166207456685e-4,-2.961286382455888e-4,-3.167618042476295e-4,5.9387094087161685e-5,1.276824939267159e-6,-2.1538269280162266e-8,4.083285979288593e-5,2.121149075111012e-5,1.9344975584299255e-5,2.5576691949447515e-5,1.3920643182895133e-5,7.100566619469856e-5,2.4202152472752468e-5,8.035458291848261e-6,-4.5823602451915745e-5,5.482210658721181e-5,-2.510739475138311e-4,6.365723509693563e-5,-2.6333149346217773e-5,-2.994197875556145e-6,1.9831939373939787e-5,-1.141810848588408e-4,4.2418649038021745e-5,-9.766318305615088e-5,-1.903136684164201e-6,2.320255114873167e-5,9.803747887473908e-6,-3.347987706079454e-5,-7.517520848537066e-5,-4.238754578944325e-5,1.542279163327243e-5,1.7880654019744325e-5,1.809258093836156e-5,-2.495663751063233e-5,6.6895489993397335e-6,3.841801718952912e-6,-7.79379978226144e-6,1.0107908908626936e-5,-2.7179383825931486e-5,-1.4157596220810517e-5,0.001682418592898262,-9.317347420764708e-5,-0.0018412834096574594,0.0026687673699260076,-4.65581897158049e-5
4.7445221537454767e-4,-8.450575400804288e-6,1.3429887686308596e-6,-7.261949914699566e-6,-5.898770879966807e-6,2.4755807265658725e-7,-4.122252288513158e-6,-2.9162180435864343e-7,4.370999908856615e-9,-1.0860338175149615e-6,3.6119916114961183e-6,2.4625294190098517e-6,-9.930955438266172e-7,-3.217153064950166e-6,-3.0833711102574226e-6,7.253238184371664e-7,1.3860708332556935e-6,-3.6771566401700605e-7,-1.4203815535561691e-6,1.3773439835432407e-5,3.832167520536448e-6,1.1543248490416045e-5,-3.492360471482357e-6,-2.4387188343873846e-6,3.943573414505247e-6,6.135622042626625e-7,5.006798851512587e-6,1.2863724857361712e-8,-3.9141590185119416e-6,-7.686145902545695e-7,2.2701224057574012e-7,4.630265799831092e-6,5.949929483483452e-7,7.842968556138328e-7,6.921251679295456e-8,9.168574463152188e-7,-8.547577773435049e-7,-2.197005535574175e-6,-1.0059535732455852e-6,-1.4069298357831634e-7,-4.798918424606584e-7,-3.6101875927515435e-7,-6.131421871160005e-7,-9.1643291110557e-5,6.3755296295417e-7,-3.1295599689782036e-5,-4.6558189715805115e-5,6.0631540372849206e-6
