(Intercept),year2010,year2011,year2012,year2013,year2014,year2015,year2016,year2017,year2018,year2019,year2020,year2021,year2022,gendermale,age,age_squared,relationship_statuspartnered,relationship_statusseparated,relationship_statuswidowed,food1,housing1,health1,water1,air1,healthcare1,security1,social_support1,respect1,education1,interesting_activity1,recreation1,occupation1,freedom1,personal_income,relative_income,country_average_food,country_average_housing,country_average_health,country_average_water,country_average_air,country_average_healthcare,country_average_security,country_average_social_support,country_average_respect,country_average_education,country_average_interesting_activity,country_average_recreation,country_average_occupation,country_average_freedom,gdp,growth
0.5150875111054535,-0.0030633223928875687,-0.0017806038573495667,-0.00717795209464966,-0.007870804854011305,-0.007853811292031145,-0.0018238184506617569,-0.00447207925144419,-3.7459659104752087e-4,0.0014879718836305193,-0.0011227010699830803,-0.0024549830345058097,5.2243041369076914e-5,0.0014335705257066606,0.002523767277539068,1.2062731260322801e-4,-9.05258520070866e-7,-5.578082541506522e-4,2.388099644723804e-4,-7.048846091644767e-4,-7.291522498303863e-4,-0.001125686658276681,-0.0013006873078160771,2.045074367305014e-5,-2.7179171229388486e-4,-2.955399676700979e-4,-8.312244530836458e-4,-0.0021440161449597867,3.505997045003622e-4,0.0023249366856042688,-2.701202584882302e-5,-0.00196133265738519,-0.0011422709741393702,-8.756766838873153e-4,-0.0010583516001287077,-2.998577628484357e-8,2.9854080019531444e-4,-1.5997934176377026e-4,-0.001064444033427938,4.999215642583641e-4,-3.6355174951873976e-4,3.133825054701733e-5,1.5373935014880352e-4,1.5021227160662523e-4,-0.0011913829362804058,4.640706170074767e-4,-5.82492646208442e-5,-2.784465425516556e-4,-0.0024115254665115996,1.0514890400633639e-5,-0.014825296167872926,-2.0721830920351236e-4
-0.00306332239288817,0.0014289595602258096,0.0011336656554001765,0.001167539580066574,0.001136167561300628,0.00126270222297152,0.0012040191340264462,0.0012041351330951194,0.0010675763519451076,0.0011250782815091656,0.0012209726216040656,0.0013369281252063818,0.0012818966821838951,0.0011976547932540146,-2.3868212867171158e-5,1.2016097355611115e-5,-1.0760920662221813e-7,-1.0800437635477065e-5,-1.178688258047673e-6,3.328381641809614e-5,-6.798898918067076e-5,1.8681762135406247e-5,-8.395171782275192e-5,3.341231532036524e-5,-1.0348060426517885e-5,2.233381579981444e-5,-1.3259662701573645e-5,-6.541243123748911e-5,9.589104608084057e-6,-4.650346647826974e-5,3.0120733113274657e-6,2.7183132715185545e-5,-4.5068061391443323e-5,-3.405861404137457e-5,2.412635714338685e-5,9.217700446275003e-8,2.0479645368622624e-6,8.325693942778182e-6,-1.3070103610838368e-5,-1.3802048604096985e-5,1.319337469179794e-5,5.078432933274811e-6,-8.518303270429518e-6,1.248877592383681e-5,-7.459172942604833e-6,-3.65882151476584e-6,-1.6046981972281465e-5,-7.741244934699919e-6,6.150270021146724e-5,-8.069752712102393e-6,-1.910764984618431e-4,-1.1736212180649042e-5
-0.0017806038573498523,0.001133665655400165,0.0026199166895814353,0.002035846927263754,0.0018755190851928716,0.0020384836709899817,0.002111397027334859,0.002077845595128259,0.002152793194466447,0.0022466827814367914,0.0020127080846302305,0.0020610635277823306,0.002004770010285713,0.001839693880055022,3.686359881774357e-5,1.4499364786657215e-5,-9.026100436269927e-8,-1.569531835392888e-5,-7.996073171072688e-5,4.231402179792297e-5,-9.369689517904744e-5,7.974070515935321e-5,-1.6061846858083398e-4,6.673843252813922e-5,1.362426277456726e-5,-5.3475941982185124e-5,-2.655580778422851e-5,-1.5518643237122024e-4,5.989514398229192e-5,-1.2275810076358973e-5,4.946260315367468e-5,1.7600097863847442e-5,-1.3893054726549258e-4,-7.586844886182209e-5,-1.1140462084956611e-4,1.4990439972034245e-6,-2.1626951624932788e-5,2.8498350269137778e-5,-5.571556560671724e-5,1.0056874956993227e-6,2.2326608173319488e-5,7.281307734482969e-6,-2.3519315175537422e-5,1.951463002634695e-5,-4.283591347118304e-5,1.9317649311473517e-5,-2.4845231130447643e-5,3.3017700476975814e-5,5.0546397969899135e-5,-1.6578508020755864e-5,-2.3202387997574376e-5,-4.4352235091353047e-5
-0.007177952094650097,0.0011675395800665703,0.0020358469272637636,0.002775392426801255,0.0022698945947664095,0.0023530640237892607,0.0021254439284556607,0.002099237845586307,0.0022196005129704434,0.0022708437980786785,0.002072712453867391,0.002211576179522486,0.0020630678021442694,0.0020594078385414967,-5.0428286307420594e-6,1.3935472271461087e-5,-1.0003109529730856e-7,3.0490840180673096e-5,-5.2650319099683396e-5,4.1461976983288786e-5,-6.189972115828723e-5,1.000073554868713e-4,-4.5219120183254755e-5,3.019596608041845e-5,1.4067325411832411e-5,-3.135783498102926e-5,1.182884637003923e-5,-5.493440152633861e-5,8.962594685735393e-5,-4.472953824619232e-5,5.440511994801761e-5,5.79378598677316e-5,2.52450841129679e-6,-1.0095300195167463e-5,-4.777978202669468e-5,2.178160846772228e-6,-2.582142427286895e-5,5.010312387816488e-5,-2.107082691605605e-5,5.047993830275008e-6,9.066957557130885e-6,3.735380769678098e-7,-1.1685357473668108e-5,1.912328977120545e-5,-3.2821105744630666e-5,2.23859077315695e-6,-1.5088171222757405e-5,-2.274245066481034e-7,9.734173422482016e-5,-6.737082459948149e-6,-2.6452182432259e-4,-1.1114786432454778e-4
-0.007870804854011927,0.0011361675613006238,0.0018755190851928807,0.002269894594766406,0.0030659956381424614,0.002635117713071536,0.002199257879353987,0.002167541723162472,0.0022010121387394444,0.002135613584380588,0.0019901462332015405,0.002138001594828862,0.0019106077533316633,0.0019723812339580067,-2.593690128379555e-5,-7.080092292895444e-6,7.086708703199792e-8,7.044797183522102e-5,1.976951772749775e-5,8.991947400294761e-5,2.400936968524212e-5,1.5138434302045664e-4,7.416232295495753e-5,-5.4315862596795365e-6,8.854050457112496e-5,-1.32288773593453e-5,1.6802651566652438e-5,-4.664219217834424e-5,1.2906439798955434e-4,-1.2060259807973005e-4,6.593062971139377e-5,7.98478868466248e-5,2.1200352635099046e-5,-1.0104531874816308e-5,3.879913205213181e-5,-1.3069386195087152e-6,-3.353303344604607e-5,3.4037966182323756e-5,-8.249492232358387e-6,1.916148427638964e-6,1.2896436838408821e-5,1.6333915138011514e-5,-1.056055481280487e-5,2.9899767568954258e-5,-1.6849542284174783e-5,1.9670111507610396e-6,-2.4602597194058198e-5,5.828309163224453e-6,9.374451554168554e-5,-1.2189495215675563e-5,-3.8682026876825414e-4,-6.363161614184811e-5
-0.007853811292031951,0.0012627022229715213,0.0020384836709899973,0.0023530640237892646,0.002635117713071542,0.0034126706461226524,0.002734067952659524,0.002634969362997451,0.002551816719329149,0.0025758597959234047,0.002469153394716636,0.0024605690900266312,0.0023840473634288936,0.0023622319407093063,-1.3126820881106187e-4,-5.652987357517724e-6,6.546072680053256e-8,-1.0238575670533506e-5,-6.576553644357759e-5,5.2396713220383073e-5,3.1192522278414455e-5,1.0781550679251697e-4,-1.7245904803399093e-5,6.842471550697643e-5,1.6889422121025628e-5,2.785770684498923e-5,-1.774314809846005e-5,-7.665502402089191e-5,7.646685014596133e-5,-1.5896823175035353e-4,5.293551862293691e-5,1.0649520889552226e-4,2.923282243213105e-5,1.3078455966714316e-5,1.5919667087296102e-5,-5.240269270391401e-7,-2.039352043041206e-5,2.868959941361336e-5,-3.068400535304593e-5,2.5233945258481186e-6,1.3386702501224027e-5,1.2160062338893208e-5,-1.8773496302566716e-5,2.792927886806466e-5,1.8032236421549035e-5,5.946687731762904e-6,-2.809602823576084e-5,1.9399756389455954e-5,9.734122898581104e-5,-2.5070063096358852e-5,-5.343030490552422e-4,-7.783282521824585e-5
-0.0018238184506624263,0.001204019134026446,0.0021113970273348684,0.002125443928455664,0.002199257879353989,0.002734067952659522,0.003185028216447311,0.0027069079330681632,0.0026750606168597767,0.002791027478491415,0.002608705099242127,0.0026639100786043373,0.002597068219673218,0.002545919627907752,-3.2443652156667916e-5,9.336649535287962e-6,-8.430788895301738e-8,-2.0685952374518183e-5,-8.019393464809001e-5,-1.624212231105053e-5,-7.535698937296522e-5,1.1390726686630596e-4,-1.3823884581310236e-4,4.8095323965865886e-5,3.24085631942107e-5,-2.1711682968117766e-5,-6.315362473958046e-5,-1.5403275874080013e-4,6.088630635585861e-5,-1.1187312690230441e-4,2.5629479524761805e-5,1.9630321977583057e-5,-1.0506827967234678e-4,-2.358731343338575e-5,-8.673510956684407e-5,1.156349299844139e-6,-1.7770853663990074e-5,2.610806745826177e-5,-6.0229934842175095e-5,1.4004951671828619e-5,8.335537662909965e-6,2.0016554910614068e-5,-2.638406235298708e-5,3.217925663925172e-5,5.163990456871809e-6,1.0696015057757769e-5,-3.8310232960633725e-5,1.9734067215317084e-5,7.132764953058839e-5,-1.9904969315063678e-5,-5.842232207165324e-4,-8.174446267504152e-5
-0.004472079251444643,0.001204135133095117,0.002077845595128267,0.0020992378455863088,0.002167541723162474,0.002634969362997449,0.0027069079330681632,0.0029816827660281704,0.002903487495672915,0.0029957594717790656,0.002795726990043146,0.0025310010557298896,0.0026332943941468024,0.0024974383189466133,-4.125314076186782e-5,5.068594856521723e-6,-4.826328092154116e-8,-5.447495991933997e-7,-4.319253698687407e-5,2.6586373309888453e-5,-4.479682453470477e-5,1.3134410933545717e-4,-1.0890908402880756e-4,2.5626238983311268e-5,3.522048097424123e-5,-1.625079603187959e-5,-1.8157243559282306e-5,-1.7406265293710537e-4,8.644460943708747e-5,-7.634814897503547e-5,2.8389038389796684e-5,4.0090411858315414e-5,-9.441321991057851e-5,1.4016561600823475e-5,-1.3787732078521616e-4,3.212942533057343e-6,-8.656636286124864e-6,3.116240047637394e-5,-5.604159006201706e-5,6.586019598439038e-7,2.5323596646456733e-5,7.098453626677437e-6,-2.550773287654498e-5,1.1747359698107731e-5,7.26259958239914e-6,6.440853779727426e-6,-3.1562024021934216e-5,2.5641546429058943e-5,7.055031786084136e-5,-2.0235652039484172e-5,-2.5666763917841633e-4,-8.794630173768014e-5
-3.7459659104777804e-4,0.001067576351945102,0.0021527931944664482,0.0022196005129704387,0.0022010121387394405,0.002551816719329142,0.002675060616859773,0.0029034874956729087,0.0035726260640787004,0.0034989370603864607,0.0032087791742442025,0.002960153940682188,0.0030684014389073724,0.002852523482125658,4.5428064096352926e-5,1.3327165799760651e-5,-8.540046384019392e-8,-4.358582525319432e-5,-8.667309546376778e-5,-4.6470516257981034e-5,-7.270004760114414e-5,5.861205482599534e-5,-1.7848857440559362e-4,4.137637331573669e-5,1.8972801379224157e-5,-1.779681666780961e-5,-2.2290686408656817e-5,-1.5976574549171973e-4,6.11099417070847e-5,-1.1201090005230696e-5,4.474944659474646e-5,5.076592347668444e-6,-1.0068631119306062e-4,-3.607038752528573e-5,-2.272147606492133e-4,6.111876636709007e-6,-1.602821547096681e-5,5.1528918816835636e-5,-6.902123240701009e-5,1.382810653009159e-5,1.993630616193694e-5,-3.0150515861965185e-6,-2.5268092231103776e-5,9.688706283045948e-6,-4.039704792845815e-5,6.6709389376265054e-6,-2.5990868417258484e-5,3.374446693420122e-5,5.740616337398269e-5,-1.9916634465884226e-5,-1.7112249161147622e-4,-1.242674035684657e-4
0.0014879718836301532,0.0011250782815091682,0.0022466827814368027,0.0022708437980786846,0.0021356135843805953,0.002575859795923408,0.0027910274784914207,0.002995759471779071,0.003498937060386468,0.003939929572255804,0.003559120961678769,0.003073344489719271,0.0032348406900564583,0.003024145061039652,3.557908755962048e-5,1.8532033352254276e-5,-1.5110808708881633e-7,-5.974258668018611e-5,-1.088916532811468e-4,-5.99924459543418e-5,-8.04071827176661e-5,9.08113577322328e-5,-1.610258023010187e-4,4.0876805518224754e-5,3.294937887405178e-5,-3.088190410400447e-5,-2.3223462453790425e-5,-0.00010627171070199184,1.0160346390742847e-4,-1.7110250536347762e-05,2.721342430248356e-5,-8.079429465232603e-6,-1.1271477734016806e-4,-8.891978629366783e-6,-2.8266775742460644e-4,6.963435940972762e-6,-1.863273958489555e-5,6.355466015997659e-5,-9.441425849898801e-5,1.5711788262690004e-5,1.9553421479488444e-5,1.1016577073470451e-8,-2.5738511245542987e-5,9.472500157655184e-6,-3.691663910780627e-5,9.66349746514049e-6,-2.5822855475564968e-5,4.396592226066783e-5,4.889712098149036e-5,-2.407585718917838e-5,-2.62254393019177e-4,-1.516475876610632e-4
-0.001122701069983499,0.0012209726216040595,0.002012708084630234,0.002072712453867387,0.001990146233201536,0.0024691533947166287,0.002608705099242124,0.0027957269900431405,0.003208779174244203,0.0035591209616787603,0.0038861180635915266,0.0030962043231032416,0.0032814970404442235,0.0030010011756167083,-1.1151987814196123e-5,1.8945585373629214e-5,-1.551418242393806e-7,-1.5093078239560245e-4,-1.7471870632481903e-4,-8.619266008944884e-5,-1.074635380613102e-4,5.894871392718856e-5,-2.5100643849883844e-4,5.3292466843474107e-5,1.872314676299202e-5,1.2488491180596916e-5,-2.5687622786618717e-5,-6.099749837309069e-5,3.20874842792031e-5,2.9914090646785e-6,1.1989980788973388e-5,-1.7156132917096003e-5,-1.1415355864954855e-4,-3.9517207412720064e-5,-1.7024702319261417e-4,5.237739835354675e-6,-7.578459523461765e-6,6.244748414749174e-5,-6.1012421074733015e-5,9.881657163896342e-6,2.3765817923713802e-5,-1.1416328008816825e-6,-2.8728587157317534e-5,2.5063463389044243e-6,-2.5127574745979916e-5,-2.3475455262814815e-6,-3.096396534424905e-5,2.3213585941819315e-5,7.775807053166133e-5,-2.262913697798977e-5,-4.276196471511563e-4,-1.3499376065955203e-4
-0.002454983034506457,0.0013369281252063837,0.0020610635277823483,0.0022115761795224917,0.0021380015948288685,0.0024605690900266312,0.0026639100786043416,0.0025310010557298944,0.0029601539406821963,0.003073344489719272,0.0030962043231032494,0.003969429008189368,0.0034375422759949006,0.0031181180355257638,7.876804439722433e-5,3.0254378313694233e-5,-2.950815495222804e-7,-1.4520561546851573e-4,-1.729156244048714e-4,-6.345061522641861e-5,-1.5955685869073656e-4,-5.542889045324161e-6,-2.864401519072491e-4,3.364859518190229e-5,5.834424935690737e-6,-2.574646900428062e-5,-9.761985833667569e-5,-1.2927743970064155e-4,5.455677852231121e-5,-8.29002050752416e-5,2.8612565287662965e-5,-9.298831619358516e-5,-1.659575438501851e-4,-7.463214314988387e-5,-1.5243904690058103e-4,5.581700682247721e-6,-1.7133213293837084e-5,5.4589365792189665e-5,-4.894688050190811e-5,4.044046857938997e-8,1.2286674594398624e-5,8.872755832626112e-6,-2.698957368426835e-5,1.1273987628381922e-5,-2.6183440686937256e-5,-7.1044061888600655e-6,-3.609885066221881e-5,4.298631584259065e-6,7.543918108779508e-5,-1.760321190554917e-5,-8.750170281192347e-5,-2.9364276547225395e-5
5.2243041368651405e-5,0.0012818966821838995,0.0020047700102857296,0.00206306780214428,0.0019106077533316739,0.002384047363428898,0.002597068219673228,0.0026332943941468094,0.0030684014389073828,0.00323484069005646,0.003281497040444234,0.003437542275994904,0.003851270244480487,0.0031885090933704316,6.419140563072349e-5,2.318454057012729e-5,-2.7187714469978785e-7,-9.155035631630345e-5,-1.3156204548856208e-4,-8.090612304766781e-5,-1.268370405300851e-4,3.6953301879331784e-5,-2.504495166961485e-4,4.128912772939213e-5,1.0766967936651586e-5,-1.881750620567308e-5,-3.721270366447145e-5,-8.435494273674602e-5,7.228031140425933e-5,-6.960432747136686e-5,2.2618475756767077e-5,-3.6507031313897115e-5,-1.0133743958762994e-4,-9.43448613753323e-6,-1.5638350500403933e-4,7.179946351422141e-6,-5.160813525522054e-7,5.27071417348992e-5,-5.9853517640098074e-5,-2.483541855135436e-6,1.9973821456500715e-5,-4.727810226210592e-6,-2.4651192122802562e-5,8.762083373137948e-6,-2.8591413143326243e-5,1.650095205320997e-7,-3.781741899874072e-5,2.595639667564814e-5,6.497129871315188e-5,-1.9757907683211952e-5,-3.901725555135561e-4,-5.34447248270812e-5
0.0014335705257063007,0.0011976547932540226,0.0018396938800550348,0.002059407838541505,0.0019723812339580175,0.002362231940709314,0.0025459196279077607,0.002497438318946621,0.0028525234821256693,0.0030241450610396545,0.0030010011756167222,0.0031181180355257716,0.0031885090933704324,0.003541009833101074,4.978166129924e-5,1.7479802109393316e-5,-2.156441594919761e-7,-4.4763228005794724e-5,-4.8979847693648294e-5,-3.3830440712354875e-5,-1.3034578095994065e-4,3.379094232211176e-5,-1.4418978526790387e-4,4.611926366630025e-5,2.0337558151792128e-5,-1.0167407640879974e-5,-4.178363965840353e-5,-9.31115947177378e-5,7.896267709965614e-5,-5.488285917214984e-5,4.770195077937199e-5,-2.9120901975458935e-5,-9.496823490736918e-5,-3.946146149902671e-6,-9.552997689519019e-5,3.8967428082143906e-6,-1.3709534346761978e-5,5.718556461152214e-5,-4.073044455924457e-5,8.880708700972657e-6,4.217339867177407e-6,4.7430761944708734e-6,-1.7673644154462333e-5,1.679458308211519e-5,-3.446185498838253e-5,-5.252905538603662e-8,-3.116535733493938e-5,4.535833221285767e-6,6.0007492366958263e-5,-1.4180090191145832e-5,-5.979219122678398e-4,-5.634434049387382e-5
0.002523767277539064,-2.3868212867171283e-5,3.6863598817743387e-5,-5.042828630742105e-6,-2.5936901283795565e-5,-1.3126820881106203e-4,-3.2443652156667984e-5,-4.1253140761867846e-5,4.542806409635277e-5,3.557908755962037e-5,-1.1151987814196238e-5,7.876804439722423e-5,6.419140563072329e-5,4.978166129923993e-5,1.7507723941147745e-4,1.2640174998047497e-5,-1.3049622517659094e-7,-8.847862338199041e-6,2.100269424326561e-6,-1.653342525053363e-5,-7.586605414293635e-5,-2.7455452196162138e-5,-2.9660881357251965e-5,-1.1354578444058762e-5,-2.1787065379916985e-5,-1.975489973898837e-5,-6.359034946959266e-6,-6.146327166249316e-5,-3.0265050463550977e-5,3.0063955492280867e-5,-1.1267655742626886e-5,-6.030520196887054e-5,-6.814713148801713e-5,-5.9538199448422145e-5,-1.1683008479374094e-5,-9.472399751825535e-8,-2.0122164854475328e-6,1.5287366207664536e-6,-4.411716207199583e-6,4.232198721598736e-6,-4.096663014870619e-6,3.952091483998871e-6,1.7756075320356294e-6,3.2059237141252964e-6,-7.4250280402668985e-6,3.1661767944675878e-6,-3.7863603218151305e-6,-3.0150584940210028e-6,-1.2226567071024728e-5,-2.5791549057602917e-7,-7.79897641275398e-5,1.6605577456430025e-5
1.2062731260322999e-4,1.2016097355611128e-5,1.4499364786657281e-5,1.3935472271461197e-5,-7.080092292895435e-6,-5.65298735751768e-6,9.336649535288152e-6,5.068594856521901e-6,1.33271657997607e-5,1.8532033352254154e-5,1.8945585373629275e-5,3.0254378313694247e-5,2.3184540570127198e-5,1.747980210939337e-5,1.2640174998047494e-5,6.114178590674258e-6,-5.916205143186199e-8,-1.6155008468919505e-5,-2.0838503952370414e-5,-1.2775010031954336e-5,-1.647373699594785e-5,-2.9012909482695698e-6,-2.516718896883787e-5,1.1011126213371844e-6,-8.641031394851138e-6,9.385748290706366e-7,-2.607276493694648e-6,-1.1384244002171449e-5,-1.0617566525712215e-5,9.333039653193867e-6,-3.7097124634539815e-6,-8.815310389613412e-6,-1.3581129844692154e-5,-1.1162911672535838e-5,-5.067209332689557e-6,2.5119592689217876e-7,2.618735790487762e-7,1.3870225004890632e-6,-7.264516634561342e-7,1.2969707557209135e-6,-1.5839422758405937e-6,-6.184415988388721e-7,-8.906543972671161e-8,-8.366248927134283e-7,5.166166365547888e-7,-1.0893484247741066e-6,-7.016746204202368e-7,2.8572728545092916e-7,-1.8896338311445677e-7,-5.777554019831722e-7,9.660252307996236e-7,7.881531010950718e-7
-9.052585200708809e-7,-1.0760920662221882e-7,-9.02610043627004e-8,-1.0003109529730887e-7,7.086708703199779e-8,6.546072680053259e-8,-8.430788895301916e-8,-4.8263280921542746e-8,-8.540046384019445e-8,-1.5110808708881514e-7,-1.5514182423938143e-7,-2.9508154952228044e-7,-2.718771446997867e-7,-2.1564415949197645e-7,-1.3049622517659086e-7,-5.916205143186254e-8,6.500739653562747e-10,1.3101820117429964e-7,1.560902753461366e-7,1.1002761699828755e-7,1.2994504704010442e-7,2.296967312522608e-8,2.06756405507686e-7,7.18286412966979e-9,8.077292960807545e-8,4.488422802852242e-9,1.8082244361770397e-8,1.0163892028052383e-7,8.245853835855991e-8,-6.313074462426587e-8,1.6011566365615894e-8,8.666110664841411e-8,9.10564506214015e-8,7.191174932840415e-8,7.122605177643718e-8,-3.330853703963361e-9,-4.1096922152776665e-9,-1.1827229615867532e-8,5.861582387534485e-9,-1.1889792546592026e-8,1.639317876510144e-8,4.996610544800323e-9,-1.2700013745474077e-9,8.138441326550924e-9,-7.742250122846495e-9,9.949635192296966e-9,5.690949740580053e-9,-2.3069240721054367e-9,-1.266773457173303e-9,4.8324011405238656e-9,3.197686623027973e-8,-1.9055960021658734e-8
-5.578082541506566e-4,-1.0800437635477138e-5,-1.5695318353929035e-5,3.049084018067287e-5,7.04479718352211e-5,-1.0238575670533614e-5,-2.0685952374518826e-5,-5.447495991939195e-7,-4.3585825253194486e-5,-5.9742586680185666e-5,-1.5093078239560262e-4,-1.45205615468516e-4,-9.155035631630314e-5,-4.4763228005794913e-5,-8.847862338199048e-6,-1.6155008468919614e-5,1.3101820117429903e-7,2.3125859399648923e-4,1.8833743220520057e-4,1.20762223553299e-4,7.60778274091889e-5,4.3854085218156036e-5,1.8040536455302562e-4,-3.620285393724165e-5,4.940787500695104e-5,-1.267700409924961e-5,3.588563102759566e-5,8.885847828996935e-6,1.2118729784795443e-4,-5.113439737298908e-5,3.7485154327946646e-5,2.5754707870625124e-5,8.373478736240464e-5,9.443311064302963e-5,2.6337133729619005e-6,-9.993130457775207e-7,1.8981371451711723e-6,-4.469830090186771e-6,1.9122924420160858e-06,-3.2944822244501657e-6,7.937846283917871e-6,2.228477357990193e-7,8.455567223502996e-8,1.6759517184966124e-6,-8.765614897346541e-7,6.234742470280976e-6,5.819308637233436e-6,-7.268581153369892e-6,-3.535650303147868e-6,5.533467068314317e-6,-2.980453297121208e-5,-6.056889166325795e-6
2.3880996447238578e-4,-1.1786882580478716e-6,-7.996073171072723e-5,-5.265031909968366e-5,1.9769517727497826e-5,-6.576553644357766e-5,-8.019393464809076e-5,-4.31925369868746e-5,-8.6673095463768e-5,-1.0889165328114641e-4,-1.7471870632481922e-4,-1.7291562440487158e-4,-1.3156204548856167e-4,-4.8979847693648396e-5,2.100269424326531e-6,-2.083850395237082e-5,1.5609027534613878e-7,1.8833743220520143e-4,3.058247610476946e-4,1.4620265157610322e-4,5.8926731626137675e-5,1.8644255525203145e-5,1.76760312172187e-4,-2.7120999759599076e-5,2.9432071804566333e-5,-2.5306227768216927e-6,2.9466412285615823e-5,7.857223157941619e-6,8.196790844304553e-5,-3.9283078659701565e-5,1.627528729233968e-5,1.9760484601456945e-5,8.992175703022179e-5,6.523302408141907e-5,-8.940103919253869e-6,-8.885979458666953e-7,4.9414077987157136e-6,-1.1489037776968151e-5,3.628265801726399e-6,-6.255668750131638e-6,1.2114341648325429e-5,4.8039566521395385e-6,2.1721002234836147e-6,5.603388315796977e-6,-3.7724723937764857e-6,7.1408924395880915e-6,3.8901490140914266e-6,-4.2763228954278615e-6,-4.0029401739599655e-6,5.365614775857626e-6,-1.2078610306636824e-4,-2.2697923275447147e-6
-7.048846091644706e-4,3.3283816418095915e-5,4.23140217979229e-5,4.14619769832885e-5,8.99194740029476e-5,5.2396713220383006e-5,-1.6242122311050974e-5,2.658637330988851e-5,-4.64705162579812e-5,-5.9992445954341717e-5,-8.619266008944883e-5,-6.345061522641901e-5,-8.090612304766791e-5,-3.383044071235507e-5,-1.65334252505337e-5,-1.2775010031954597e-5,1.1002761699829002e-7,1.2076222355329945e-4,1.4620265157610373e-4,2.479134062446148e-4,8.570569521951019e-6,6.771124698384733e-6,7.582253558706299e-5,-2.1423695627272762e-5,2.7150021251735647e-5,-1.039775012231435e-6,9.328202587789073e-6,-3.4977375743203947e-5,6.940921577523936e-5,-5.002891283596606e-6,-1.9172627854756525e-7,-1.204421522716589e-5,4.083658196581969e-5,2.333537518090874e-5,1.3818444333435065e-5,-1.4965763401723241e-6,6.28547042531606e-7,-6.173622226360638e-6,-3.502690447915666e-6,-3.552430777340402e-6,7.630078593455442e-6,-5.139128829657195e-7,9.545014269440947e-7,4.925552058503522e-6,1.7660915570528352e-7,4.531826319333602e-6,3.111952429580991e-6,-3.306513498522135e-6,1.428933460889868e-6,4.591068641309053e-6,-4.050150803794981e-6,2.7113840493471163e-6
-7.291522498303855e-4,-6.798898918067072e-5,-9.369689517904757e-5,-6.189972115828719e-5,2.4009369685242227e-5,3.119252227841431e-5,-7.535698937296516e-5,-4.479682453470442e-5,-7.270004760114392e-5,-8.040718271766612e-5,-1.0746353806130993e-4,-1.5955685869073694e-4,-1.2683704053008502e-4,-1.3034578095994065e-4,-7.586605414293629e-5,-1.6473736995947763e-5,1.299450470401044e-7,7.607782740918878e-5,5.892673162613749e-5,8.570569521951156e-6,2.1224258389177284e-4,7.229403298484552e-6,1.1151020813032146e-4,-7.201151294497418e-6,2.243980985209815e-5,-9.783910981559286e-6,2.2485521314487698e-5,7.739974827889635e-5,4.0527434948613015e-5,-2.0073724843847723e-5,5.061560591389775e-5,5.2053756880703e-5,1.0690681051548564e-4,9.773617301056688e-5,-6.1854131973282604e-6,6.624183121096426e-7,5.575630936604137e-6,-5.519304331931591e-6,3.1104600452749235e-6,-3.919751078263652e-6,2.302526310902673e-6,-1.7529335819590178e-6,2.3489267133825761e-7,-2.3121678874557276e-6,1.3952700156961971e-6,2.4670849507506333e-6,3.770546538635323e-6,2.8670430529091054e-6,3.8731838504178965e-6,1.8172221778104253e-6,-2.5881528909005052e-5,-3.6467208975812358e-6
-0.0011256866582766843,1.868176213540615e-5,7.974070515935322e-5,1.0000735548687146e-4,1.5138434302045656e-4,1.0781550679251717e-4,1.139072668663059e-4,1.3134410933545706e-4,5.8612054825995395e-5,9.081135773223279e-5,5.894871392718857e-5,-5.542889045324086e-6,3.695330187933186e-5,3.37909423221118e-5,-2.7455452196162192e-5,-2.9012909482695914e-6,2.2969673125226203e-8,4.3854085218156015e-5,1.8644255525203217e-5,6.771124698384738e-6,7.229403298484429e-6,1.934306392212872e-4,6.288936694883673e-5,-2.0119641563758846e-5,3.632466109174666e-5,-2.916630790551267e-5,2.3496566758524596e-5,-9.231649844108013e-6,6.289332509187155e-5,-4.393759742396568e-5,-5.745201658007651e-6,1.7256790835171626e-5,3.9281419149239594e-5,2.126644385343076e-5,2.370592641912528e-5,-9.200671357733324e-7,-8.204761802456298e-6,7.390145123029086e-6,-6.83343399387853e-7,-1.8623641522625782e-6,-9.73278878656648e-7,2.818376120324052e-6,1.5845820448261944e-6,-3.8224620498805405e-8,7.137982860812428e-6,2.229599321439185e-6,2.555054134292173e-7,-1.0696808937400634e-6,3.574351600579532e-6,-3.430999193008318e-6,-1.5633492640574186e-5,-1.1247259944612489e-5
-0.0013006873078160836,-8.395171782275151e-5,-1.606184685808334e-4,-4.521912018325429e-5,7.416232295495804e-5,-1.7245904803398937e-5,-1.382388458131022e-4,-1.0890908402880733e-4,-1.784885744055932e-4,-1.6102580230101834e-4,-2.510064384988382e-4,-2.8644015190724866e-4,-2.504495166961482e-4,-1.441897852679036e-4,-2.966088135725196e-5,-2.516718896883793e-5,2.0675640550768652e-7,1.8040536455302578e-4,1.7676031217218706e-4,7.58225355870629e-5,1.115102081303214e-4,6.288936694883671e-5,3.6650090412269524e-4,-4.750056096810464e-5,5.390372022757595e-5,-3.546797012021157e-5,4.685952092661863e-5,5.158478851068847e-5,1.5622541976930933e-4,-8.48913464605312e-5,4.9267165147632665e-5,4.7319482699459375e-5,1.3547316226468148e-4,1.2493275871067246e-4,1.806059081229533e-5,-2.0536441867127233e-6,-6.3789140075893856e-6,-3.0452834323836117e-7,1.1463350014190769e-5,-3.3286002064131423e-6,3.563306647250665e-6,4.021075845774298e-6,1.250897311403302e-6,3.0530566574645788e-6,3.47016247871764e-7,8.269109009236174e-6,3.058654107911666e-6,-1.0422316572699585e-5,-4.554045617078481e-6,8.358092941084035e-6,2.241719808435761e-6,2.4299095720104158e-6
2.0450743673050033e-5,3.341231532036523e-5,6.673843252813925e-5,3.019596608041849e-5,-5.431586259679471e-6,6.842471550697654e-5,4.8095323965865825e-5,2.5626238983311264e-5,4.137637331573673e-5,4.087680551822482e-5,5.329246684347412e-5,3.3648595181902244e-5,4.128912772939199e-5,4.61192636663002e-5,-1.1354578444058787e-5,1.101112621337209e-6,7.1828641296695775e-9,-3.620285393724175e-5,-2.7120999759599134e-5,-2.142369562727279e-5,-7.201151294497401e-6,-2.0119641563758857e-5,-4.750056096810469e-5,6.890066221328522e-5,-2.1622462402315725e-5,2.1267446838367548e-5,-6.6221666568492455e-6,1.1263115695864243e-5,-4.337483473119925e-5,3.2675264941654446e-5,-8.339079497692382e-6,5.992306057100699e-6,-1.509244544718723e-5,-3.2912290040137245e-5,6.779527013404777e-6,1.5880926220283424e-7,-6.653961293118197e-7,1.5111890246534e-6,1.3921869086883078e-6,3.25959541918644e-6,-1.7699671580488173e-6,-2.6784707742226214e-6,-1.5263167670196252e-6,3.884516522204966e-6,1.1365951862297703e-6,-1.5571345799425707e-6,-1.8960066405415612e-6,3.145910561414785e-6,6.572716872653812e-7,-2.0775344601908e-6,-4.801625244750767e-5,3.3947049846741567e-6
-2.7179171229388535e-4,-1.0348060426517725e-5,1.3624262774567468e-5,1.4067325411832545e-5,8.854050457112516e-5,1.6889422121025777e-5,3.2408563194210844e-5,3.522048097424138e-5,1.8972801379224313e-5,3.2949378874051794e-5,1.8723146762992144e-5,5.834424935690906e-6,1.076696793665177e-5,2.0337558151792304e-5,-2.1787065379916982e-5,-8.64103139485112e-6,8.077292960807528e-8,4.9407875006950986e-5,2.9432071804566317e-5,2.7150021251735664e-5,2.24398098520981e-5,3.6324661091746646e-5,5.390372022757594e-5,-2.1622462402315752e-5,9.725888511803339e-5,-2.1603682291879234e-5,6.783441766162313e-6,4.563896662630215e-6,5.2132278407409196e-5,-3.716236049748422e-5,-2.2051698353495333e-7,1.154985723044199e-5,3.788031819165318e-5,2.4748214743394925e-5,1.5033007940903665e-5,-1.098567926374215e-6,-2.9982450815107663e-6,9.96231083945177e-7,1.4034850825716586e-6,-1.6056100758393035e-6,4.554553026348354e-6,-2.6604743164444964e-7,1.6232491861461298e-6,3.004127849121421e-7,-3.876728894814906e-6,3.877753366298219e-6,2.1182578732340793e-6,-3.902250149207422e-6,-1.5719596476964055e-6,-2.1578137772252629e-7,2.1559545221526443e-5,7.616511487086615e-6
-2.9553996767010127e-4,2.2333815799814388e-5,-5.347594198218526e-5,-3.135783498102931e-5,-1.322887735934545e-5,2.785770684498896e-5,-2.1711682968117833e-5,-1.6250796031879602e-5,-1.7796816667809743e-5,-3.088190410400457e-5,1.248849118059664e-5,-2.5746469004280583e-5,-1.8817506205673346e-5,-1.0167407640880066e-5,-1.9754899738988355e-5,9.3857482907067e-7,4.488422802852059e-9,-1.267700409924966e-5,-2.5306227768217045e-6,-1.0397750122314259e-6,-9.783910981559318e-6,-2.9166307905512676e-5,-3.5467970120211585e-5,2.126744683836753e-5,-2.1603682291879228e-5,7.801014138011108e-5,-2.607272801295526e-6,4.4597514320423305e-6,-3.5199882262647006e-5,2.777090966656579e-5,-3.0223752770476664e-6,1.4471417392135341e-5,-2.170728307613268e-5,-1.0095942168346463e-5,1.119187067645665e-5,3.2019732464124555e-7,4.443579379873615e-6,-2.317948164351627e-6,4.4485580089786705e-6,2.2682108057834897e-6,1.350873202572557e-6,-3.1204918258328006e-6,-1.843017144392154e-6,7.535338580730108e-7,4.128457188978911e-6,-5.223245416274332e-6,-3.6343510476581255e-7,-2.8301390637197677e-6,5.152435635531629e-6,-4.3831139956801596e-7,-5.011985000031169e-5,-6.748899139198882e-6
-8.312244530836484e-4,-1.3259662701573559e-5,-2.6555807784228385e-5,1.182884637003935e-5,1.680265156665248e-5,-1.7743148098459914e-5,-6.315362473958046e-5,-1.8157243559282242e-5,-2.2290686408656807e-5,-2.3223462453790354e-5,-2.5687622786618646e-5,-9.761985833667553e-5,-3.721270366447137e-5,-4.1783639658403444e-5,-6.3590349469592664e-6,-2.607276493694664e-6,1.8082244361770344e-8,3.5885631027595655e-5,2.946641228561572e-5,9.328202587788988e-6,2.2485521314487725e-5,2.3496566758524592e-5,4.6859520926618634e-5,-6.622166656849249e-6,6.78344176616233e-6,-2.6072728012955204e-6,6.103495291562604e-5,2.440781410176674e-5,1.6005857624719278e-05,1.1550614402365159e-5,1.8394262653658036e-5,1.4992188103617477e-5,4.980171453947141e-5,2.1348569494790484e-5,1.1393213680440273e-5,5.990561958348476e-8,4.557543066794912e-7,2.4472477622363824e-7,-5.025311198467214e-7,-1.6229511333079425e-6,1.8787146169826965e-6,-3.1439042954507106e-6,1.6842729623706344e-6,-1.7181222270731832e-7,-3.9114189776222795e-7,-1.3712494701078258e-6,3.095989398492994e-6,1.661769300240487e-8,4.540582248260533e-6,3.5895380383791363e-7,2.1532086663581608e-5,-3.948588065084719e-6
-0.0021440161449597954,-6.541243123748912e-5,-1.5518643237122013e-4,-5.493440152633856e-5,-4.6642192178344166e-5,-7.665502402089178e-5,-1.5403275874079984e-4,-1.7406265293710545e-4,-1.5976574549171957e-4,-1.0627171070199152e-4,-6.09974983730906e-5,-1.292774397006415e-4,-8.43549427367458e-5,-9.311159471773765e-5,-6.146327166249314e-5,-1.1384244002171398e-5,1.016389202805236e-7,8.885847828996864e-6,7.857223157941613e-6,-3.497737574320399e-5,7.739974827889628e-5,-9.231649844108057e-6,5.1584788510688404e-5,1.1263115695864224e-5,4.563896662630232e-6,4.4597514320423475e-6,2.440781410176673e-5,2.2652808209182545e-4,-7.939225855487419e-6,6.115928796197862e-6,1.8827054316032423e-5,3.0113859417796583e-5,7.119883856739618e-5,3.6301176234300763e-5,1.6170970330577833e-5,1.1197982472892958e-6,4.922923908796336e-6,1.5166617968506976e-6,1.7026138069582317e-5,-2.309474359706565e-6,1.167954452151664e-6,-3.1300629821640907e-6,1.2134018778790487e-6,7.346372426018096e-7,5.792706593319089e-6,-6.6585397547809016e-6,4.737382740718524e-6,-2.3285934141059546e-6,9.324091566284791e-6,6.735046653390875e-7,-7.402359230183756e-5,-7.805406047325899e-6
3.5059970450037063e-4,9.589104608083976e-6,5.989514398229178e-5,8.962594685735397e-5,1.290643979895543e-4,7.64668501459612e-5,6.0886306355858534e-5,8.644460943708733e-5,6.110994170708461e-5,1.0160346390742836e-4,3.208748427920311e-5,5.4556778522311265e-5,7.228031140425935e-5,7.896267709965622e-5,-3.0265050463551004e-5,-1.0617566525712274e-5,8.24585383585606e-8,1.211872978479547e-4,8.196790844304557e-5,6.940921577523934e-5,4.0527434948613035e-5,6.28933250918715e-5,1.5622541976930944e-4,-4.337483473119928e-5,5.213227840740916e-5,-3.519988226264701e-5,1.6005857624719295e-5,-7.939225855487436e-6,2.455476218273196e-4,-7.903037225376921e-5,3.041627471803231e-5,-1.4497615503502543e-5,4.8498811531041445e-5,8.617861824673133e-5,-2.2902595030046992e-5,-1.008963545903615e-6,-6.329234694390256e-6,5.468615261692914e-6,-5.02305165097021e-6,-2.3786228156313426e-6,4.046323728594911e-6,5.0499653879334335e-6,-2.4160229909260226e-6,-4.5188268696335465e-6,2.081318731444156e-6,9.815534184638033e-6,-4.516837566265591e-7,-7.305538482153335e-6,-4.2794615202308525e-6,4.608654013917074e-6,-1.9757470059836304e-5,-6.4100369507356964e-6
0.0023249366856042744,-4.650346647826987e-5,-1.2275810076358922e-5,-4.4729538246192176e-5,-1.206025980797302e-4,-1.5896823175035355e-4,-1.1187312690230478e-4,-7.634814897503535e-5,-1.1201090005230586e-5,-1.7110250536347887e-5,2.9914090646784756e-6,-8.290020507524137e-5,-6.960432747136686e-5,-5.488285917214985e-5,3.0063955492280918e-5,9.333039653193735e-6,-6.313074462426499e-8,-5.113439737298876e-5,-3.928307865970122e-5,-5.002891283596542e-6,-2.007372484384776e-5,-4.393759742396568e-5,-8.48913464605312e-5,3.2675264941654446e-5,-3.716236049748422e-5,2.7770909666565758e-5,1.1550614402365206e-5,6.115928796197787e-6,-7.903037225376919e-5,2.2518111195712225e-4,1.0571083121731995e-6,-2.8329605432609858e-5,-9.902846367835225e-6,-6.159782738062765e-5,6.72993196028949e-7,9.552419389874738e-7,3.575537401801379e-6,7.907660043119422e-7,-5.53384805709508e-6,6.207908151161491e-6,-5.574495775492144e-6,-2.9051816126218746e-6,2.0470777137536474e-6,5.398713187120024e-7,-8.913895409557273e-6,-3.815462923547119e-6,-8.946383285551093e-7,4.055735139008652e-7,-6.163887533250545e-6,-2.1456623077683637e-6,-5.895648962577034e-5,-7.4408979313915075e-6
-2.7012025848821623e-5,3.0120733113273344e-6,4.9462603153674604e-5,5.440511994801757e-5,6.593062971139367e-5,5.2935518622936724e-5,2.5629479524761687e-5,2.8389038389796532e-5,4.4749446594746306e-5,2.7213424302483423e-5,1.1989980788973254e-5,2.8612565287662908e-5,2.2618475756766945e-5,4.770195077937185e-5,-1.12676557426269e-5,-3.7097124634539832e-6,1.6011566365615864e-8,3.748515432794655e-5,1.6275287292339592e-5,-1.91726278547623e-7,5.061560591389774e-5,-5.745201658007621e-6,4.926716514763263e-5,-8.339079497692388e-6,-2.2051698353495534e-7,-3.0223752770476584e-6,1.8394262653658053e-5,1.882705431603243e-5,3.0416274718032243e-5,1.0571083121732304e-6,6.764074478481003e-5,1.355010605861885e-5,3.675682420731258e-5,3.85441409311505e-5,-1.5976845016383835e-5,8.763608671031403e-7,1.8460747953909755e-6,4.4206008782910245e-7,-4.4318521804437654e-7,9.916381732133456e-7,-1.1586606359665703e-6,-1.8604266053343517e-6,-1.0980917580937288e-7,-2.3243857958438942e-6,-1.4330761046765917e-6,3.75392884822534e-7,1.8894978986968825e-6,-8.054984599493159e-7,8.492686246883788e-7,2.258944541350196e-6,-1.5140945426225552e-6,1.8663056729472281e-6
-0.001961332657385198,2.718313271518555e-5,1.760009786384739e-5,5.7937859867731614e-5,7.984788684662501e-5,1.064952088955223e-4,1.9630321977583142e-5,4.009041185831555e-5,5.07659234766856e-6,-8.07942946523249e-6,-1.715613291709592e-5,-9.298831619358496e-5,-3.6507031313897243e-05,-2.9120901975458884e-5,-6.030520196887058e-5,-8.815310389613393e-6,8.66611066484142e-8,2.575470787062506e-5,1.976048460145706e-5,-1.2044215227165776e-5,5.205375688070295e-5,1.7256790835171582e-5,4.7319482699459395e-5,5.992306057100692e-6,1.1549857230441985e-5,1.4471417392135341e-5,1.4992188103617473e-5,3.0113859417796542e-5,-1.4497615503502521e-5,-2.8329605432609804e-5,1.3550106058618824e-5,1.1414691775157675e-4,5.3969726764029496e-5,4.116282693782076e-5,3.081970749518727e-5,-1.5351824443154182e-7,-3.2341220569927786e-7,-8.631230119728502e-7,3.110651967002077e-6,-1.914491511054978e-6,-4.0066801071543863e-7,-3.1016317810880995e-6,1.189760737178919e-6,1.6724312662963582e-6,-1.2196038915609427e-6,-2.14576119933646e-6,5.017826346990384e-6,6.457124962673282e-6,9.62707211607404e-6,-1.0099923307657103e-8,3.426000052094484e-5,-2.66737007530275e-6
-0.001142270974139363,-4.5068061391443445e-5,-1.3893054726549266e-4,2.5245084112967333e-6,2.120035263509898e-5,2.92328224321312e-5,-1.0506827967234678e-4,-9.441321991057851e-5,-1.0068631119306068e-4,-1.1271477734016819e-4,-1.1415355864954861e-4,-1.659575438501851e-4,-1.0133743958762988e-4,-9.496823490736914e-5,-6.814713148801711e-5,-1.3581129844692221e-5,9.105645062140186e-8,8.373478736240483e-5,8.992175703022207e-5,4.0836581965819766e-5,1.0690681051548575e-4,3.9281419149239594e-5,1.3547316226468159e-4,-1.5092445447187239e-5,3.7880318191653184e-5,-2.1707283076132688e-5,4.980171453947147e-5,7.119883856739618e-5,4.8498811531041445e-5,-9.902846367835257e-6,3.67568242073126e-5,5.396972676402946e-5,2.2293941668555004e-4,8.177570491074799e-5,2.0670837687589915e-5,2.32672336018772e-7,3.531772953517191e-6,-1.6665906371091676e-6,6.071951318411732e-6,-3.1460263541450456e-6,1.1745685101430726e-6,-2.7998674121510993e-6,5.451932660927055e-6,-1.8955307279964223e-6,-5.612624975295868e-6,1.7305834139535082e-6,4.681244441849026e-6,-2.538003896059092e-6,9.505286568575804e-6,4.633026514593308e-6,-6.4382002743885e-5,-2.551917645026827e-6
-8.756766838873179e-4,-3.405861404137445e-5,-7.586844886182199e-5,-1.0095300195167443e-5,-1.0104531874816244e-5,1.3078455966714365e-5,-2.3587313433385728e-5,1.4016561600823516e-5,-3.60703875252857e-5,-8.891978629366705e-6,-3.951720741271996e-5,-7.463214314988374e-5,-9.434486137533173e-6,-3.946146149902691e-6,-5.953819944842209e-5,-1.1162911672535872e-5,7.19117493284042e-8,9.443311064302966e-5,6.523302408141917e-5,2.3335375180908614e-5,9.773617301056684e-5,2.1266443853430714e-5,1.2493275871067256e-4,-3.2912290040137245e-5,2.4748214743394932e-5,-1.0095942168346488e-5,2.1348569494790436e-5,3.6301176234300763e-5,8.617861824673138e-5,-6.159782738062763e-5,3.85441409311505e-5,4.116282693782075e-5,8.177570491074803e-5,1.596226447309814e-4,-4.276006542740327e-5,1.2639138658158565e-6,-7.950000385503377e-8,-2.059568727844054e-6,6.6996373918411e-6,-3.051440274022705e-6,2.953327498161245e-6,2.54530401776342e-7,-1.3477639445723833e-6,-3.7821960330693083e-6,-4.361799749987406e-6,3.3836388849085675e-6,2.2436833707351927e-6,-3.4054677017869282e-6,6.534833791301895e-6,5.023483802388342e-6,3.101241394134198e-5,-3.6524047731769187e-6
-0.0010583516001286784,2.4126357143387468e-5,-1.1140462084956621e-4,-4.777978202669389e-5,3.879913205213141e-5,1.591966708729599e-5,-8.67351095668444e-5,-1.3787732078521716e-4,-2.27214760649213e-4,-2.826677574246071e-4,-1.702470231926151e-4,-1.5243904690058168e-4,-1.5638350500403976e-4,-9.552997689518971e-5,-1.16830084793741e-5,-5.067209332689524e-6,7.122605177643703e-8,2.6337133729619204e-6,-8.94010391925378e-6,1.3818444333435072e-5,-6.185413197328102e-6,2.37059264191252e-5,1.806059081229535e-5,6.77952701340481e-6,1.5033007940903714e-5,1.1191870676456678e-5,1.139321368044021e-5,1.6170970330577938e-5,-2.290259503004693e-5,6.729931960287661e-7,-1.5976845016383873e-5,3.081970749518729e-5,2.0670837687589857e-5,-4.27600654274033e-5,2.4677477490853974e-4,-5.94047085632783e-6,-1.259279865497412e-6,9.841936279172095e-7,1.323494286643355e-5,-5.045824558467465e-6,-1.1485158192458301e-6,-2.5399556095144235e-6,3.6333690057552242e-6,3.141530742496907e-6,1.190045926024962e-6,-4.737104709335654e-6,1.754298733005829e-6,-1.0332261601971204e-5,3.923652792805865e-6,-6.491675641189509e-7,-1.005663448561994e-4,2.0748916902742627e-5
-2.9985776285242464e-8,9.217700446271842e-8,1.4990439972034063e-6,2.1781608467721766e-6,-1.3069386195087296e-6,-5.240269270391502e-7,1.156349299844143e-6,3.212942533057361e-6,6.111876636708986e-6,6.963435940972774e-6,5.2377398353546845e-6,5.581700682247715e-6,7.179946351422126e-6,3.8967428082143635e-6,-9.472399751825524e-8,2.511959268921778e-7,-3.3308537039633663e-9,-9.993130457775226e-7,-8.885979458667e-7,-1.4965763401723224e-6,6.624183121096364e-7,-9.200671357733302e-7,-2.0536441867127233e-6,1.588092622028342e-7,-1.0985679263742165e-6,3.2019732464124397e-7,5.990561958348668e-8,1.1197982472892958e-6,-1.008963545903617e-6,9.552419389874776e-7,8.763608671031414e-7,-1.5351824443154295e-7,2.3267233601877206e-7,1.2639138658158574e-6,-5.940470856327833e-6,2.4667315888449467e-7,2.096564141062023e-7,7.187118036279207e-8,-1.0264212904384385e-8,1.298486202505045e-7,-3.3784035527722e-8,-1.6773379151492601e-7,-3.8949067444431224e-8,-1.473075686337406e-7,1.1407973020397156e-8,-1.447506566471646e-7,-7.758153070933896e-9,3.003990399985628e-7,1.0328769447690526e-8,-1.0486609379426874e-8,1.5538379700355177e-6,-4.200941172271908e-7
2.9854080019534285e-4,2.047964536862179e-6,-2.1626951624933062e-5,-2.5821424272869057e-5,-3.353303344604639e-5,-2.0393520430412086e-5,-1.7770853663990185e-5,-8.656636286125158e-6,-1.6028215470967366e-5,-1.8632739584895812e-5,-7.578459523462022e-6,-1.7133213293837115e-5,-5.16081352552422e-7,-1.3709534346762322e-5,-2.01221648544751e-6,2.618735790487777e-7,-4.1096922152776524e-9,1.8981371451711727e-6,4.941407798715709e-6,6.285470425316031e-7,5.57563093660413e-6,-8.204761802456298e-6,-6.378914007589399e-6,-6.653961293118129e-7,-2.9982450815107667e-6,4.443579379873627e-6,4.557543066794912e-7,4.922923908796327e-6,-6.3292346943902545e-6,3.575537401801376e-6,1.8460747953909823e-6,-3.2341220569927913e-7,3.5317729535171846e-6,-7.950000385503685e-8,-1.2592798654974238e-6,2.096564141062023e-7,7.179463508492445e-6,-4.653741696949367e-6,-1.0669363399341743e-7,-9.86742391134442e-7,1.5823553391797687e-6,-1.191165532823897e-6,-3.993823907793476e-7,-3.7694232738476886e-7,2.225793467988493e-6,-1.1712448519500805e-6,5.759997774922818e-7,-9.1713709090778e-7,-5.5863994695118e-7,2.7271800333157233e-9,-3.8224780410765225e-5,4.6260854872491144e-8
-1.5997934176377286e-4,8.325693942778212e-6,2.8498350269137243e-5,5.010312387816464e-5,3.403796618232375e-5,2.8689599413613325e-5,2.610806745826177e-5,3.116240047637396e-5,5.152891881683583e-5,6.355466015997651e-5,6.244748414749185e-5,5.4589365792189475e-5,5.270714173489924e-5,5.718556461152228e-5,1.5287366207664525e-6,1.3870225004890608e-6,-1.1827229615867514e-8,-4.469830090186768e-6,-1.1489037776968143e-5,-6.173622226360636e-6,-5.519304331931579e-6,7.390145123029076e-6,-3.045283432383466e-7,1.5111890246533966e-6,9.96231083945176e-7,-2.317948164351626e-6,2.4472477622363507e-7,1.5166617968506978e-6,5.4686152616929126e-6,7.907660043119437e-7,4.4206008782909917e-7,-8.631230119728509e-7,-1.666590637109163e-6,-2.059568727844055e-6,9.8419362791722e-7,7.187118036279186e-8,-4.653741696949362e-6,7.75097693565495e-6,1.5688198617496624e-7,1.6177989856086648e-6,-1.6745068193330875e-6,-4.628517022407647e-7,-1.6933126547007947e-7,-1.7452499900247222e-6,-2.6120050483714102e-6,-1.032873302386288e-7,-2.1345188423866943e-7,4.8761998559422e-7,5.276857123222235e-7,7.711636501285714e-8,1.3538856091408067e-5,-3.2013622067355845e-6
-0.0010644440334279315,-1.3070103610838293e-5,-5.571556560671715e-5,-2.1070826916055747e-5,-8.249492232358233e-6,-3.0684005353045873e-05,-6.022993484217511e-5,-5.604159006201699e-5,-6.902123240700998e-5,-9.441425849898794e-5,-6.1012421074732954e-5,-4.8946880501907966e-5,-5.985351764009811e-5,-4.073044455924452e-5,-4.411716207199584e-6,-7.264516634561348e-7,5.8615823875344865e-9,1.9122924420160832e-6,3.628265801726401e-6,-3.502690447915668e-6,3.1104600452749036e-6,-6.833433993878503e-7,1.1463350014190701e-5,1.3921869086883112e-6,1.403485082571659e-6,4.448558008978662e-6,-5.025311198467234e-7,1.7026138069582337e-5,-5.023051650970206e-6,-5.5338480570950765e-6,-4.4318521804437315e-7,3.1106519670020744e-6,6.071951318411737e-6,6.699637391841092e-6,1.3234942866433592e-5,-1.0264212904384742e-8,-1.0669363399340515e-7,1.5688198617497553e-7,1.7547466012406872e-5,-1.8094929740992372e-6,-8.89007366894699e-7,-1.0601013978546596e-7,1.0003559698800497e-6,-3.3481920900019956e-8,1.2851950841465098e-6,-3.285674762111764e-6,2.2630435460050824e-7,-5.040498099692415e-6,1.6548185508828753e-6,1.0773758746686283e-6,-2.4311894611097135e-6,6.75133956328081e-6
4.999215642583731e-4,-1.3802048604096841e-5,1.0056874956991294e-6,5.047993830274994e-6,1.916148427638868e-6,2.5233945258479463e-6,1.4004951671828576e-5,6.586019598440764e-7,1.3828106530091598e-5,1.5711788262690048e-5,9.881657163896328e-6,4.0440468579736805e-8,-2.483541855135382e-6,8.880708700973003e-6,4.232198721598739e-6,1.2969707557209093e-6,-1.1889792546592042e-8,-3.2944822244501606e-6,-6.2556687501316395e-6,-3.5524307773404084e-6,-3.919751078263652e-6,-1.8623641522625926e-6,-3.3286002064131347e-6,3.2595954191864393e-6,-1.6056100758393048e-6,2.2682108057834905e-6,-1.622951133307942e-6,-2.309474359706562e-6,-2.378622815631343e-6,6.207908151161489e-6,9.916381732133437e-7,-1.9144915110549795e-6,-3.1460263541450477e-6,-3.051440274022708e-6,-5.045824558467498e-6,1.2984862025050593e-7,-9.8674239113443445e-07,1.6177989856086673e-6,-1.8094929740992226e-6,6.876409964212605e-6,-3.5481445390727443e-6,-2.0106053469863944e-6,1.460755537350663e-7,-5.200122624734292e-7,-2.6906983167768415e-7,-2.692171007659039e-7,-3.712984376478455e-8,-1.3008245122367543e-6,-1.2951280570721544e-6,-5.942345130472165e-7,-1.7893816239132117e-5,-1.804342651123228e-8
-3.6355174951875147e-4,1.3193374691797848e-5,2.23266081733204e-5,9.066957557131287e-6,1.2896436838409038e-5,1.338670250122421e-5,8.335537662909978e-6,2.5323596646456818e-5,1.9936306161937016e-5,1.9553421479488532e-5,2.3765817923713903e-5,1.2286674594398446e-5,1.9973821456500793e-5,4.2173398671770995e-6,-4.0966630148706414e-06,-1.58394227584059e-6,1.6393178765101446e-8,7.937846283917871e-6,1.2114341648325439e-5,7.630078593455447e-6,2.302526310902666e-6,-9.732788786566383e-7,3.563306647250665e-6,-1.7699671580488188e-6,4.554553026348358e-6,1.3508732025725505e-6,1.8787146169827e-6,1.1679544521516668e-6,4.046323728594912e-6,-5.574495775492149e-6,-1.1586606359665659e-6,-4.0066801071543784e-7,1.1745685101430726e-6,2.9533274981612435e-6,-1.148515819245833e-6,-3.378403552772209e-8,1.5823553391797272e-6,-1.6745068193330814e-6,-8.890073668947223e-7,-3.5481445390727413e-6,6.214430541984472e-6,8.578507584679321e-8,-9.517578922112723e-7,4.935694842341773e-7,-5.924305364218731e-9,7.417650550648076e-7,2.3192528812515298e-7,6.067394976630603e-8,1.5220584376006087e-6,-4.249089158724005e-7,9.437844197201798e-6,-7.753773876206644e-7
3.13382505470158e-5,5.078432933274697e-6,7.281307734482811e-6,3.735380769677725e-7,1.6333915138011473e-5,1.2160062338893344e-5,2.0016554910614125e-5,7.09845362667726e-6,-3.0150515861965172e-6,1.1016577073458477e-8,-1.1416328008816126e-6,8.872755832625955e-6,-4.727810226210665e-6,4.7430761944708506e-06,3.952091483998872e-6,-6.1844159883887305e-07,4.996610544800363e-9,2.2284773579903098e-7,4.803956652139529e-6,-5.13912882965719e-7,-1.7529335819590206e-6,2.8183761203240547e-6,4.021075845774296e-6,-2.6784707742226226e-6,-2.660474316444496e-7,-3.1204918258327993e-6,-3.143904295450708e-6,-3.130062982164095e-6,5.049965387933434e-6,-2.905181612621876e-6,-1.860426605334354e-6,-3.101631781088093e-6,-2.799867412151099e-6,2.545304017763401e-7,-2.539955609514471e-6,-1.6773379151492416e-7,-1.191165532823856e-6,-4.628517022407845e-7,-1.060101397854708e-7,-2.0106053469864092e-6,8.578507584681652e-8,4.79405130414816e-6,-2.9083176705732483e-7,7.30677167407295e-7,4.985259342935854e-7,8.955310535471552e-7,-8.769375455513038e-7,2.7406372165870513e-7,8.851503196584807e-7,-4.331051286200595e-7,-1.775237651006115e-5,-1.3289013674703267e-7
1.5373935014882127e-4,-8.51830327042957e-6,-2.3519315175537595e-5,-1.1685357473668275e-5,-1.0560554812804977e-5,-1.877349630256665e-5,-2.6384062352986964e-5,-2.5507732876544955e-5,-2.526809223110375e-5,-2.573851124554292e-5,-2.8728587157317524e-5,-2.6989573684268217e-5,-2.4651192122802532e-5,-1.767364415446226e-5,1.7756075320356402e-6,-8.906543972671083e-8,-1.270001374547415e-9,8.455567223502518e-8,2.1721002234836033e-6,9.545014269440917e-7,2.3489267133826301e-07,1.584582044826201e-6,1.250897311403317e-6,-1.5263167670196245e-6,1.6232491861461285e-6,-1.8430171443921507e-6,1.6842729623706365e-6,1.2134018778790479e-6,-2.416022990926021e-6,2.0470777137536465e-6,-1.0980917580937478e-7,1.1897607371789207e-6,5.451932660927057e-6,-1.3477639445723847e-6,3.6333690057552424e-6,-3.8949067444432243e-8,-3.993823907793349e-7,-1.6933126547008383e-7,1.0003559698800363e-6,1.460755537350841e-7,-9.517578922112773e-7,-2.908317670573318e-7,3.1795742799630455e-6,9.657260232502523e-7,-4.799635385741072e-7,-3.236964126158974e-7,1.351127780361595e-6,-8.315028229226752e-7,-1.2954883693036016e-6,-5.992856560914661e-7,-1.8576342719087494e-5,3.6432374737828196e-7
1.5021227160665618e-4,1.2488775923836648e-5,1.951463002634735e-5,1.9123289771205335e-5,2.989976756895428e-5,2.7929278868064698e-5,3.2179256639251854e-5,1.174735969810782e-5,9.68870628304607e-6,9.472500157655294e-6,2.506346338904469e-6,1.1273987628382173e-5,8.76208337313808e-6,1.679458308211553e-5,3.205923714125292e-6,-8.366248927134293e-7,8.138441326550931e-9,1.6759517184966196e-6,5.603388315796968e-6,4.925552058503529e-6,-2.3121678874557323e-6,-3.8224620498798966e-8,3.053056657464589e-6,3.884516522204966e-6,3.0041278491214036e-7,7.535338580730177e-7,-1.718122227073119e-7,7.346372426018027e-7,-4.518826869633551e-6,5.398713187120016e-7,-2.3243857958438968e-6,1.6724312662963611e-6,-1.8955307279964198e-6,-3.7821960330693054e-6,3.1415307424968884e-6,-1.4730756863374e-7,-3.769423273847584e-7,-1.7452499900247275e-6,-3.348192090002585e-8,-5.200122624734299e-7,4.935694842341852e-7,7.306771674073064e-7,9.657260232502732e-7,6.595797100542936e-6,-6.433768611763403e-7,-4.002442669211394e-7,4.706777906627113e-7,-1.2401430096988901e-6,-1.446387334479027e-6,-8.007118814189794e-7,-3.203931545146371e-5,3.2658627394403875e-7
-0.0011913829362804934,-7.459172942605238e-6,-4.2835913471182626e-5,-3.2821105744630584e-5,-1.684954228417547e-5,1.8032236421548753e-5,5.163990456871447e-6,7.262599582398913e-6,-4.0397047928458646e-5,-3.6916639107806543e-5,-2.5127574745980062e-5,-2.6183440686937354e-5,-2.8591413143326412e-5,-3.446185498838334e-5,-7.425028040266897e-6,5.1661663655479e-7,-7.74225012284649e-9,-8.765614897346523e-7,-3.7724723937764836e-6,1.7660915570528632e-7,1.3952700156962083e-6,7.137982860812425e-6,3.470162478717447e-7,1.1365951862297706e-6,-3.876728894814907e-6,4.128457188978907e-6,-3.9114189776224415e-7,5.792706593319101e-6,2.0813187314441656e-6,-8.913895409557265e-6,-1.43307610467659e-6,-1.2196038915609414e-6,-5.612624975295868e-6,-4.361799749987407e-6,1.1900459260249786e-6,1.1407973020397354e-8,2.225793467988529e-6,-2.612005048371425e-6,1.2851950841465144e-6,-2.690698316776813e-7,-5.924305364241665e-9,4.985259342935623e-7,-4.799635385741051e-7,-6.433768611763172e-7,1.8391199074896356e-5,-1.2814432536945058e-6,-8.480780968321014e-7,2.7765452482112835e-7,2.1184054866139834e-6,-2.3944112072133447e-6,-3.000387045723186e-5,2.176420996078631e-6
4.640706170074463e-4,-3.6588215147656597e-6,1.931764931147376e-5,2.238590773157e-6,1.967011150761063e-6,5.946687731763165e-6,1.0696015057757967e-5,6.440853779727553e-6,6.670938937626737e-6,9.663497465140672e-6,-2.347545526281188e-6,-7.104406188859795e-6,1.6500952053235147e-7,-5.252905538584369e-8,3.166176794467603e-6,-1.0893484247741093e-6,9.949635192296969e-9,6.234742470280964e-6,7.140892439588096e-6,4.5318263193336054e-6,2.4670849507506324e-6,2.229599321439189e-6,8.269109009236188e-6,-1.5571345799425677e-6,3.877753366298218e-6,-5.223245416274327e-6,-1.3712494701078254e-6,-6.658539754780899e-6,9.815534184638033e-6,-3.81546292354712e-6,3.7539288482253644e-7,-2.1457611993364625e-6,1.7305834139535089e-6,3.3836388849085675e-6,-4.7371047093356884e-6,-1.447506566471639e-7,-1.171244851950074e-6,-1.0328733023863256e-7,-3.28567476211176e-6,-2.692171007658921e-7,7.417650550648087e-7,8.955310535471564e-7,-3.236964126159023e-7,-4.002442669211396e-7,-1.2814432536944637e-6,4.1219457969154385e-6,-7.030770965504952e-7,1.511880863095491e-6,-1.882214802613507e-7,2.445681652800766e-7,-3.5947968090846636e-5,-5.824999490117272e-7
-5.82492646208395e-5,-1.6046981972281573e-5,-2.4845231130447687e-5,-1.5088171222757408e-5,-2.4602597194058266e-5,-2.809602823576094e-5,-3.83102329606338e-5,-3.156202402193424e-5,-2.599086841725854e-5,-2.5822855475565083e-5,-3.096396534424924e-5,-3.6098850662218894e-5,-3.781741899874081e-5,-3.116535733493949e-5,-3.7863603218151386e-6,-7.016746204202375e-7,5.6909497405800705e-9,5.819308637233439e-6,3.890149014091425e-6,3.1119524295809906e-6,3.770546538635318e-6,2.555054134292178e-7,3.0586541079116507e-6,-1.8960066405415595e-6,2.11825787323408e-6,-3.6343510476581393e-7,3.0959893984929956e-6,4.737382740718527e-6,-4.5168375662655805e-7,-8.94638328555112e-7,1.8894978986968801e-6,5.017826346990377e-6,4.6812444418490285e-6,2.2436833707351897e-6,1.7542987330058005e-6,-7.75815307093304e-9,5.759997774922793e-7,-2.1345188423866982e-7,2.263043546005091e-7,-3.7129843764800946e-8,2.3192528812514514e-7,-8.769375455512962e-7,1.351127780361598e-6,4.706777906627105e-7,-8.480780968321108e-7,-7.030770965505022e-7,4.635283448005954e-6,-1.0536022841976414e-6,-1.25695925940114e-6,-6.601907000066758e-7,6.651140356756966e-6,1.2321601115094995e-6
-2.784465425516573e-4,-7.741244934700042e-6,3.3017700476975624e-5,-2.274245066482966e-7,5.828309163224678e-6,1.9399756389455784e-5,1.9734067215317037e-5,2.5641546429058808e-5,3.374446693420122e-5,4.396592226066771e-5,2.321358594181944e-5,4.298631584258875e-6,2.5956396675648004e-5,4.535833221285591e-6,-3.0150584940210125e-6,2.8572728545092233e-7,-2.3069240721054363e-9,-7.26858115336989e-6,-4.276322895427853e-6,-3.3065134985221307e-6,2.8670430529091104e-6,-1.0696808937400683e-6,-1.0422316572699566e-5,3.145910561414786e-6,-3.902250149207421e-6,-2.8301390637197673e-6,1.6617693002398342e-8,-2.3285934141059584e-6,-7.305538482153336e-6,4.0557351390086494e-7,-8.054984599493187e-7,6.457124962673273e-6,-2.53800389605909e-6,-3.405467701786926e-6,-1.0332261601971241e-5,3.003990399985643e-7,-9.171370909077724e-7,4.876199855942178e-7,-5.0404980996924455e-6,-1.3008245122367566e-6,6.067394976629177e-8,2.7406372165871667e-7,-8.31502822922678e-7,-1.2401430096988721e-6,2.776545248211481e-7,1.5118808630955015e-6,-1.053602284197651e-6,1.0052882086659728e-5,-1.7616406037759744e-7,5.802042807122711e-8,2.4288531315946763e-5,-1.103780644373462e-6
-0.0024115254665119275,6.150270021146766e-5,5.054639796990439e-5,9.734173422482192e-5,9.374451554168633e-5,9.734122898581038e-5,7.132764953058764e-5,7.055031786084208e-5,5.7406163373983605e-5,4.8897120981490366e-5,7.775807053166158e-5,7.543918108779569e-5,6.497129871315072e-5,6.000749236695564e-5,-1.2226567071024775e-5,-1.8896338311447071e-7,-1.2667734571732452e-9,-3.535650303147868e-6,-4.002940173959989e-6,1.4289334608898878e-6,3.873183850417935e-6,3.5743516005794788e-6,-4.554045617078615e-6,6.572716872653879e-7,-1.571959647696389e-6,5.152435635531634e-6,4.540582248260484e-6,9.324091566284827e-6,-4.279461520230825e-6,-6.163887533250535e-6,8.492686246884032e-7,9.62707211607402e-6,9.505286568575828e-6,6.5348337913018766e-6,3.923652792806205e-6,1.0328769447681662e-8,-5.586399469510999e-7,5.276857123221791e-7,1.654818550882993e-6,-1.2951280570723367e-6,1.5220584376007843e-6,8.851503196584923e-7,-1.2954883693037242e-6,-1.4463873344792257e-6,2.118405486614253e-6,-1.8822148026144571e-7,-1.2569592594011337e-6,-1.7616406037760048e-7,2.630080280958462e-5,-2.3084685623633496e-7,-2.2764504062691558e-5,-7.284155045943925e-6
1.0514890400656199e-5,-8.06975271210224e-6,-1.657850802075616e-5,-6.737082459948192e-6,-1.2189495215675482e-5,-2.5070063096358693e-5,-1.9904969315063675e-5,-2.0235652039484053e-5,-1.991663446588414e-5,-2.4075857189178314e-5,-2.262913697798961e-5,-1.760321190554922e-5,-1.975790768321183e-5,-1.4180090191145523e-5,-2.57915490576023e-7,-5.777554019831724e-7,4.832401140523857e-9,5.533467068314309e-6,5.365614775857638e-6,4.591068641309058e-6,1.8172221778104206e-6,-3.4309991930083198e-6,8.358092941084037e-6,-2.077534460190799e-6,-2.1578137772252843e-7,-4.3831139956801146e-7,3.589538038379147e-7,6.73504665339081e-7,4.6086540139170635e-6,-2.145662307768367e-6,2.258944541350193e-6,-1.0099923307654431e-8,4.633026514593303e-6,5.023483802388348e-6,-6.491675641189397e-7,-1.048660937942752e-8,2.7271800333205197e-9,7.711636501285795e-8,1.077375874668631e-6,-5.942345130472047e-7,-4.2490891587239713e-7,-4.3310512862005575e-7,-5.992856560914584e-7,-8.007118814189735e-7,-2.3944112072133392e-6,2.44568165280099e-7,-6.601907000066815e-7,5.80204280712198e-8,-2.308468562363773e-7,4.011988566155407e-6,5.979998090912781e-6,-2.4480579888846365e-6
-0.014825296167872376,-1.910764984618475e-4,-2.3202387997576737e-5,-2.6452182432258706e-4,-3.8682026876824465e-4,-5.343030490552521e-4,-5.842232207165373e-4,-2.5666763917840815e-4,-1.7112249161146611e-4,-2.622543930191635e-4,-4.2761964715115044e-4,-8.750170281192728e-5,-3.901725555135486e-4,-5.979219122678299e-4,-7.798976412754007e-5,9.660252307998098e-7,3.197686623027892e-8,-2.980453297121207e-5,-1.2078610306636838e-4,-4.050150803794893e-6,-2.5881528909005103e-5,-1.5633492640575165e-5,2.2417198084357785e-6,-4.80162524475076e-5,2.155954522152658e-5,-5.011985000031185e-5,2.1532086663581066e-5,-7.402359230183726e-5,-1.9757470059836294e-5,-5.895648962577016e-5,-1.5140945426229448e-6,3.426000052094524e-5,-6.438200274388503e-5,3.101241394134173e-5,-1.0056634485619926e-4,1.5538379700355124e-6,-3.822478041076701e-5,1.3538856091410657e-5,-2.4311894611100595e-6,-1.7893816239132843e-5,9.437844197200012e-6,-1.7752376510060463e-5,-1.8576342719086827e-5,-3.2039315451463436e-5,-3.0003870457234115e-5,-3.594796809084662e-5,6.651140356756946e-6,2.4288531315947925e-5,-2.276450406270182e-5,5.979998090914136e-6,0.0029292562031214588,5.689496034612153e-5
-2.0721830920348528e-4,-1.1736212180648947e-5,-4.435223509135365e-5,-1.1114786432454794e-4,-6.363161614184816e-5,-7.78328252182458e-5,-8.174446267504137e-5,-8.794630173768017e-5,-1.2426740356846584e-4,-1.51647587661063e-4,-1.34993760659552e-4,-2.9364276547225395e-5,-5.344472482708088e-5,-5.634434049387337e-5,1.660557745643003e-5,7.881531010950767e-7,-1.905596002165872e-8,-6.0568891663257946e-6,-2.2697923275446994e-6,2.7113840493471294e-6,-3.646720897581232e-6,-1.124725994461249e-5,2.429909572010417e-6,3.394704984674154e-6,7.616511487086613e-6,-6.748899139198877e-6,-3.9485880650847185e-6,-7.805406047325899e-6,-6.410036950735688e-6,-7.440897931391506e-6,1.8663056729472256e-6,-2.667370075302746e-6,-2.5519176450268213e-6,-3.652404773176919e-6,2.0748916902742563e-5,-4.200941172271894e-7,4.626085487249731e-8,-3.201362206735585e-6,6.7513395632808055e-6,-1.8043426511220864e-8,-7.753773876206818e-7,-1.328901367470382e-7,3.643237473782869e-7,3.265862739440419e-7,2.1764209960786194e-6,-5.824999490117169e-7,1.232160111509493e-6,-1.1037806443734539e-6,-7.284155045943918e-6,-2.448057988884627e-6,5.6894960346120695e-5,5.339813919343663e-5
