(Intercept),year2010,year2011,year2012,year2013,year2014,year2015,year2016,year2017,year2018,year2019,year2020,year2021,year2022,gendermale,age,age_squared,relationship_statuspartnered,relationship_statusseparated,relationship_statuswidowed,religiousyes (formally),religiousyes (practising),altruistic_behaviour,food1,housing1,health1,security_obj1,social_support1,education1,occupation1,personal_income,relative_income,country_average_food,country_average_housing,country_average_health,country_average_security_obj,country_average_social_support,country_average_education,country_average_occupation,gdp,growth,government_effectiveness,democracy,social_protection,gendermale:personal_income,religiousyes (formally):personal_income,religiousyes (practising):personal_income,education1:personal_income,altruistic_behaviour:personal_income,gendermale:relative_income,religiousyes (formally):relative_income,religiousyes (practising):relative_income,education1:relative_income,altruistic_behaviour:relative_income,gendermale:gdp,religiousyes (formally):gdp,religiousyes (practising):gdp,education1:gdp,altruistic_behaviour:gdp,gendermale:growth,religiousyes (formally):growth,religiousyes (practising):growth,education1:growth,altruistic_behaviour:growth
1.069311741230857,-0.0034365826426242824,-0.002360289306257292,-0.011145516194750208,-0.011245368235135465,-0.008326820633210408,-0.005871640329420257,-0.006263329619542138,-0.003994025384150688,3.244116173971759e-5,-0.001994676077749465,-0.006332585356681323,-0.0011844646230887868,5.246515074150547e-4,0.01949921624542166,5.869588241927317e-5,6.799743335885065e-7,-2.7358806370422334e-6,5.425855007839803e-4,-2.0344140105663016e-4,-0.04436840985681308,-0.06821862473819419,-0.01879128550461281,0.0014231037481604145,-0.0023498071181188218,-0.0010407306615973421,1.425795590879405e-4,-0.0018931675639816143,-0.02617686817161741,0.0013423337513279753,0.004368104434380401,-1.5040569086584082e-4,0.0010683772632769934,-9.58490792049426e-4,-0.002243443506775053,-3.7092407165259896e-4,1.1491808625280852e-4,6.917378486662406e-4,-0.003363887079405989,-0.07363343018268241,0.0024237658373641446,0.01926479001160296,0.0011911006371146556,0.0011154110791360675,8.599061221514338e-5,-0.0029300632305622174,-0.002173345842542207,-0.0037521814733303877,-0.0010873033723668663,-1.825565879842856e-5,-2.845298226770609e-6,-2.1572773501115672e-6,1.6652925721639494e-4,8.0160640134339e-5,-0.0018216538378995324,0.0068936986019927345,0.008471937716889475,0.005467816545386648,0.002524944253508777,-5.6997743232312e-4,-7.14466956881932e-4,-9.090799269742542e-7,-2.1732393013130084e-4,2.9321766483499262e-5
-0.0034365826426243948,0.0015038209696005198,0.0013180947561579825,0.001271076422291338,0.0012041031644723973,0.0014061696885677587,0.0012805639719247217,0.0013155181482237285,0.001181424068409316,0.001182944199197015,0.0013668546008600915,0.0012953030160744155,0.0014188506030573505,0.0014180636461822672,-8.624721452258013e-4,1.7759174311713983e-5,-1.6645409390788709e-7,1.1775878995899589e-5,-2.766923730543416e-5,2.2893043180561034e-5,0.0019896307573949107,2.180403390190032e-4,7.979211417242428e-4,-5.137369621837544e-5,-9.859318601866924e-6,-1.1280531083195214e-4,-5.084946261067668e-5,-5.91641918400775e-5,4.5730229961031245e-4,-3.759448442472515e-5,-5.463311772937076e-5,5.6394652482682775e-6,6.30821141253969e-6,9.827931046363444e-6,-1.1306343742361591e-5,-1.1377154304745428e-5,-3.3356661863112643e-6,-1.0599111596007622e-5,7.590491377978876e-5,-5.078802376385789e-4,-6.846888029471886e-5,-3.527335385106418e-4,-4.135080463773705e-5,2.8061695929323773e-5,7.120697716645442e-6,3.75502292769093e-5,8.474863845045413e-6,-2.393952444927326e-5,-7.870467039300699e-6,1.139537506129589e-6,-3.848304554908695e-6,-9.010768510877251e-8,-9.725944132542047e-7,-2.0703740361717782e-6,6.592609123995967e-5,-2.0666817267347724e-4,-2.0292248528009826e-5,-3.445815215097067e-5,-5.975582724546579e-5,2.136603722530209e-5,3.8972490860750754e-5,2.1287681369896575e-5,2.283225089119822e-5,-3.053998785114563e-6
-0.002360289306257553,0.00131809475615798,0.0027909997364660272,0.0020912222552241636,0.001916906205303656,0.0021926089828180123,0.001931036345444691,0.0019025868486720076,0.0019916130305772583,0.001999000146637533,0.001874898029301052,0.001845360460324469,0.0019040993025085948,0.001977525549591356,3.2187242053644487e-4,1.4357616109289881e-5,-1.3369322193905573e-7,1.1818898002292556e-4,9.550847062757832e-6,1.2917288794380628e-4,0.0014249232419461663,5.086895181300221e-4,9.711315014102427e-4,-2.254529083602667e-5,3.982516111996237e-5,-6.708644628919339e-5,-1.8531284140932167e-6,-1.0849743915394594e-4,0.001480585903473792,-5.2049839594264015e-5,-1.9490065589597506e-4,6.665006068365235e-6,-1.6950736264277382e-5,3.242064886849488e-5,5.232181060308416e-7,-5.686028792404598e-5,-1.3338589740873743e-6,6.8146160069941674e-06,7.184805873890105e-5,-5.419999532234024e-4,-6.516001317172243e-5,8.698952466110657e-5,-6.045896008906235e-4,5.07543075108867e-5,-2.8663511445023614e-5,7.702328574024113e-5,-4.511424606942327e-5,1.0723923066220224e-4,-9.530387683463186e-6,8.384216155233464e-7,-4.4310988858638126e-6,-7.238564311736236e-7,-1.466592916196816e-6,-1.1375925979714261e-6,-1.6077126027426832e-5,-1.8058207360985905e-4,9.641146720998757e-6,-2.57889728070834e-4,-7.345832249114654e-5,4.761588674137777e-6,2.094960556264101e-5,2.50319695383661e-5,3.185878714411807e-5,-2.9222064971677624e-5
-0.011145516194750371,0.0012710764222913385,0.00209122225522417,0.003010834119128778,0.0024696162295754246,0.0026322584369229936,0.0022592980426350247,0.0021906000683143303,0.0023829995548271636,0.0022174825756162385,0.0021804510293294186,0.0022105674846901566,0.002134877025285575,0.0022139233834153776,-8.702835871410118e-4,1.4883372793804093e-5,-1.2228781142885796e-7,1.0095416502195618e-4,-2.3025069334734393e-5,6.358087892904377e-5,0.001426440401054332,0.0014475659037149606,9.603494794573142e-4,1.2540130028688639e-6,9.291995023946205e-5,-1.8517051571882136e-5,3.9701325531631766e-5,4.1707474577885235e-5,0.0012529655464186586,9.822030509289399e-5,-6.700267103809586e-5,5.6961618063789485e-6,-2.2910972804257036e-5,5.255157366313639e-5,3.360873312578215e-5,-3.233314691508509e-5,-1.8585069848726944e-6,-9.916962629019389e-6,1.32312896693982e-4,-8.909422935270592e-4,-1.478979709968582e-4,-1.0632928183426521e-4,-8.005488290471507e-4,6.0937743681979784e-5,-6.444498033910607e-5,-1.067422148812966e-4,-1.2994944568163252e-4,9.07570942058477e-5,-1.238360514693933e-5,2.867469838136582e-6,-3.2516355115233064e-8,3.1662953082982416e-6,-4.59167741940234e-6,-1.6405637348817333e-6,1.2423998049266094e-4,-3.8278984530431385e-5,-3.3813743614061064e-5,-2.0168769235007629e-4,-7.350395382209793e-5,1.4978472990764188e-5,1.3717732405508989e-5,-1.5094272214317515e-5,1.8471083440353788e-5,-3.261371789793963e-5
-0.011245368235135547,0.0012041031644723973,0.0019169062053036603,0.0024696162295754238,0.0030594497926594547,0.0026524765051750394,0.0021791904146989103,0.0021388373947673002,0.0022574657461788077,0.0019628976840659214,0.0020023598406556853,0.0021363989764365396,0.001845388955592927,0.0020915689503728085,-0.0012879975569876014,-4.650141927679914e-6,3.442724740118776e-8,1.5965915386176405e-4,6.177431049892813e-5,1.1396633871202716e-4,0.001055658200763824,6.866403941491978e-4,0.0010230660412986238,8.756891751793001e-5,9.728259962772815e-5,1.0280341925146628e-4,1.275392616517181e-4,7.73971983727254e-5,0.0012317575650674269,1.3185175579423356e-4,-1.102790708510239e-5,2.689695184832483e-6,-3.084952935546144e-5,4.2938592208057225e-5,4.492938131371396e-5,-3.5576319768839716e-5,9.112984526216476e-6,-1.861180933704215e-5,1.376967677381948e-4,-8.211027253197982e-4,-1.0856061285974785e-4,1.2009187300694027e-4,-7.135734460518511e-4,5.241782695440799e-5,-7.020076481897784e-5,-4.636934033438369e-5,-6.580839242802267e-5,-8.956346002498825e-6,7.990392250595663e-5,3.856767434395965e-6,-1.069699684029442e-6,3.3589020560106446e-6,-2.3132960436962794e-6,-4.388002799800813e-6,1.6197817891584531e-4,-5.845922822583263e-5,-1.990351538440583e-5,-1.3659378100770045e-4,-1.4247884214843194e-4,3.685887732408087e-5,1.0862611236069719e-5,-1.2263972926036508e-5,1.6921530652498776e-5,-4.389044899543201e-5
-0.0083268206332104,0.0014061696885677606,0.0021926089828180166,0.0026322584369229958,0.002652476505175041,0.0034664692503903896,0.0026552628385106292,0.0025974959324340375,0.002730540160082496,0.0025030526698801986,0.0026397124087748124,0.0025559562773876266,0.0025323598059415822,0.0027495149889304807,-0.0014176169586204688,-4.317608169390391e-6,4.982925440724383e-8,7.335357475557503e-5,-8.684509740679874e-6,7.155658027261391e-5,2.6146238840650136e-4,-3.688886544742618e-5,8.327703486286043e-4,8.116269746053462e-5,3.4878999431474396e-6,2.152354585140785e-7,7.051119696262571e-5,7.182200430043886e-5,0.0013752258043377567,1.384728535866787e-4,-8.978772489337257e-5,5.878366730369321e-6,-1.8221669450756112e-5,4.049304410096294e-5,2.470129373917082e-5,-4.5614240915166404e-5,1.6783669130025458e-5,-2.6724411395622735e-5,1.3620141165764346e-4,-9.778501216465164e-4,-1.0201714974861536e-4,1.8314104282496187e-5,-0.0010176764194430536,6.570757276241988e-5,1.6242286684848612e-6,-4.026894681405144e-5,-7.232374383729866e-5,9.294739075993373e-5,5.313525671329842e-7,1.2421550860341048e-6,-1.806025320013763e-6,2.6097962646838465e-6,-4.706175604157242e-6,-2.8217665624573002e-6,1.1885339742604117e-4,1.6751483531386096e-5,6.295030876581177e-5,-2.3002119036112843e-4,-5.629820596599771e-5,2.5468725065582292e-5,1.3174119775014676e-5,-8.411573286835385e-6,1.8510860599181634e-05,-6.273693250311943e-5
-0.005871640329420043,0.001280563971924723,0.0019310363454446942,0.0022592980426350264,0.002179190414698913,0.0026552628385106284,0.0030206109205205447,0.0025010660581978802,0.002573020034063754,0.002406838709257008,0.00242476306172,0.0026886995084347337,0.0024893605088167807,0.0026505652053745578,-3.360890080765121e-4,1.0201466617186162e-5,-1.1427581519758047e-7,9.589294664221666e-5,-1.987404661831379e-5,6.948465184257143e-5,5.948193049164423e-4,6.589062434085261e-4,6.498242066806364e-4,-1.1566651483415491e-5,5.212823345016427e-5,-9.144517610277675e-5,-2.70815699717882e-5,-8.746438057721406e-5,1.1403463692542633e-4,1.1267861442433155e-5,-1.548407894863629e-5,-6.234780069540978e-7,-8.53197008031843e-6,2.8321652008229364e-5,-5.939378764155368e-6,-2.238437570111438e-5,1.9344465151079448e-5,-1.779869779646388e-5,9.283719607342557e-5,-7.6592764391723e-4,-5.918882767281243e-5,5.385634270142389e-4,-0.0012632465278916362,4.4153042292207546e-5,-7.56756697464752e-5,-2.396259563373424e-5,-5.417766054958008e-5,1.4794944471365956e-5,-1.8021056560412802e-5,2.0560493604214783e-6,-4.715824962950437e-7,4.96022686064218e-7,1.6284070670020728e-6,2.212625158314702e-7,7.891758055364223e-5,-3.165382463230277e-5,-9.884933073174134e-6,-5.741284811671343e-5,-3.2159660672275515e-5,2.214526108859382e-5,-1.3722161707722427e-5,-1.866097611713188e-6,2.7237159914126866e-5,-7.09792938297973e-5
-0.006263329619542048,0.0013155181482237268,0.0019025868486720109,0.0021906000683143308,0.0021388373947672985,0.002597495932434032,0.002501066058197875,0.002825231184678125,0.0027972897808802495,0.002623771745581517,0.00256837721177312,0.002454328220535422,0.0025133727345852384,0.0026301985070530374,-3.5546343370982124e-4,8.89468179859586e-6,-1.0222084987541215e-7,8.838032679851943e-5,1.6192277093088334e-6,8.580971842794001e-5,6.813266212570448e-4,4.8056290907288487e-4,5.655139762847816e-4,-3.824882284889734e-6,8.419884769547476e-5,-6.289378901411124e-5,-1.3711541379890236e-5,-8.038518560608456e-5,1.297878120611509e-4,-3.4991979474306474e-6,-7.201857120443652e-5,3.5727653455792383e-6,-4.035512263133132e-6,3.995092081370295e-5,-1.0246155217025676e-5,-2.0731334311089986e-5,1.545090122652724e-5,-1.7623414908322018e-5,9.801510374853865e-5,-8.298321894595157e-4,-1.0377623682786147e-4,1.0095038828961979e-4,-0.0010773433678916095,4.920694780722524e-5,-3.242391811806067e-5,-1.1960856761314772e-5,-8.355852972995589e-5,2.7616829331830133e-5,-1.5129177095061635e-4,9.110407752203958e-7,-1.5489237851152914e-6,1.2976816685530823e-6,-1.2016831864486713e-6,3.546687662415125e-6,4.924486428145063e-5,-4.7428728606225226e-5,2.533616276909149e-5,-4.4675278710744894e-5,6.676175702420917e-5,2.2284261547053985e-5,6.349232770644118e-7,-4.52025286977257e-6,1.2506659447356805e-5,-6.487617423397559e-5
-0.003994025384149428,0.0011814240684093166,0.0019916130305772605,0.0023829995548271636,0.0022574657461788073,0.0027305401600824964,0.0025730200340637554,0.002797289780880258,0.00380922537616147,0.003311627749766442,0.0032073340584818258,0.0030374842044145495,0.0030569042153519403,0.0031441495891715173,6.042358384081497e-4,1.5619634957260802e-5,-1.3233783432143935e-7,7.397434887780653e-5,-1.868538917782508e-5,2.575212383278114e-5,8.511861705148404e-4,4.956976247220855e-4,7.179293226553579e-4,-3.855046490373016e-5,-1.4544296530643088e-5,-1.0943844093230497e-4,-7.510608046023789e-6,-6.295930669914752e-5,0.001347138706654548,3.708884738559986e-5,-2.0590895289553785e-4,7.413569161089729e-6,-9.465457469457117e-6,6.934614486866699e-5,-2.5852115457674175e-5,-6.79674540077718e-5,7.053822757918883e-6,-2.275437752824547e-5,7.41858256804059e-5,-3.728596258703533e-4,-1.4634326039667512e-4,-4.9723011041008444e-5,-0.0014548775143318764,5.624937396244303e-5,3.3735810615619884e-5,-3.4260786733065935e-5,-1.482081430327511e-4,1.0603546264103418e-4,-1.9155445872923987e-4,-7.721608453981875e-7,-6.222861352561422e-8,3.6341945592281074e-6,-4.356750465652376e-6,4.776719602850015e-6,-8.816528558399632e-5,-5.730443897514753e-5,6.316832985193929e-5,-2.1918156108161245e-4,8.487638282662933e-5,1.621602418286439e-5,-5.381171544437083e-6,-1.4388303214060261e-5,3.329338770222905e-5,-6.87444849861675e-5
3.2441161739438184e-5,0.0011829441991970237,0.0019990001466375505,0.0022174825756162446,0.0019628976840659323,0.0025030526698802042,0.0024068387092570135,0.0026237717455815258,0.0033116277497664366,0.0035760389069174952,0.0032857102760040125,0.0029113822013657497,0.003029992481456808,0.0031161029193795035,1.5214225513367647e-4,2.124719722115325e-5,-1.8601962274201468e-7,4.6608734804488874e-5,-4.34455059605944e-5,2.577318101295141e-6,7.549773140683564e-4,0.001000241979711588,2.488187665782845e-4,-2.5587830734686195e-5,6.610339246026919e-5,-5.689705618556156e-5,-1.5871906757009113e-5,-4.072323476383715e-5,0.0010878717232343114,5.915224745230914e-5,-2.245044830358568e-4,7.502327241410491e-6,-5.929821858870273e-6,7.276435128257151e-5,-5.6506074552043444e-5,-7.724918670812732e-5,-1.770885275541455e-6,-8.66165041305967e-6,6.092993105498316e-5,-3.9685594267058796e-4,-1.2266849467973493e-4,-6.447756788963449e-5,-0.0010825376066137214,4.8898416230421235e-5,-7.073873452960259e-7,-3.908694969318e-5,-1.2241851298540123e-4,7.774958640834867e-5,-1.8953783372732975e-4,-8.639061645513547e-7,-6.506942572038234e-7,1.690586583044576e-6,-2.1642824277434028e-6,5.12743888016325e-6,-1.1686653161145878e-5,-4.342388036442318e-5,-1.0243665162458271e-6,-1.797167082592778e-4,1.3050915440387552e-4,5.0469869937000955e-6,-1.3436231566255688e-5,-1.1630528570055786e-5,8.331839161813743e-6,-7.636787004983946e-5
-0.0019946760777491902,0.0013668546008600852,0.0018748980293010488,0.0021804510293294108,0.0020023598406556774,0.0026397124087747977,0.0024247630617199884,0.002568377211773114,0.0032073340584818054,0.003285710276004,0.003953881326935195,0.0030675428253271794,0.0033429898129803378,0.0034119288329397006,-5.171444311442017e-5,2.5028296693744373e-5,-2.0302933059877285e-7,-9.263028807386522e-5,-1.6611320045425526e-4,-8.466045542639242e-5,0.0019394185240160199,0.0013681804184249656,8.360134889153411e-4,-1.2014960159455742e-4,-1.974970451403718e-6,-2.193332080552278e-4,-9.243022041989867e-6,3.4278177780026234e-5,0.0011108364214136369,3.0377928981311975e-5,-2.755459588657541e-4,1.0032060413046242e-5,-3.8190822119649284e-6,7.52761537036668e-5,-1.355657431058325e-5,-8.083403340075989e-5,-1.0370817363774453e-5,-2.8920017040398228e-5,1.0644707873234549e-4,-8.352459371253167e-4,-1.3376093072785944e-4,-1.572937670068949e-4,-0.0010680335363226472,7.050529583484827e-5,5.706338505827728e-5,7.834254874767425e-6,-1.946291668318256e-5,1.1038262291884216e-4,-1.0373799344236834e-4,-1.0356846487799754e-6,-1.3842967761186244e-6,2.1132584562116128e-6,-4.395711829657007e-6,1.757567472789167e-6,-4.659957076894843e-5,-1.98109736817695e-4,-1.2671259253818268e-4,-1.9255109645720248e-4,7.792009758059421e-6,8.3020357035002e-6,7.920067504197358e-6,-1.5540231470635282e-5,2.244168637114299e-5,-6.729677056268705e-5
-0.006332585356680784,0.0012953030160744112,0.0018453604603244674,0.0022105674846901505,0.002136398976436537,0.002555956277387619,0.0026886995084347293,0.0024543282205354215,0.0030374842044145443,0.002911382201365744,0.0030675428253271898,0.0043886417398260325,0.0037010568954476,0.0035350517074995242,2.8769758970926445e-4,2.8530927570560277e-5,-3.419174353423974e-7,-2.27763368876463e-5,-9.173917689958912e-5,-3.4128475954401e-5,-2.2497565384468709e-4,8.971647846467604e-4,-1.4508533995460883e-4,-1.0092055299061877e-4,-3.373630765732543e-5,-2.1307122349996233e-4,-1.1802549979124452e-4,-2.197919738204275e-5,-1.510697258909088e-4,1.5857008598642273e-5,-3.273057340129833e-5,3.7395034920588496e-6,-1.3507665498153092e-5,6.954131988253286e-5,-1.9672655952437557e-5,-6.88195737356854e-5,7.491025877013958e-7,-3.705886480508484e-5,9.937135642854699e-5,-3.300174687919591e-4,1.2046531031614089e-5,4.402867108420641e-4,-0.0011312726391923794,3.702101694705814e-5,-3.423645519168603e-5,-1.9104160387119288e-4,-2.248246541672572e-4,1.343308240549681e-4,-7.32471552097638e-5,7.672780084136076e-7,7.185921566160812e-6,4.043109824632559e-6,-1.490111455371473e-6,5.702082634549525e-7,-2.328938394017761e-7,1.4188344376432936e-4,8.320574033601047e-5,-1.081120123089705e-4,9.42086756068246e-5,-6.1767801031090566e-6,-1.460433930420428e-6,-3.3674519033083944e-5,2.6810786091254572e-5,-3.0448666406181266e-5
-0.001184464623089856,0.0014188506030573486,0.001904099302508599,0.002134877025285568,0.0018453889555929204,0.0025323598059415675,0.0024893605088167617,0.0025133727345852254,0.003056904215351909,0.003029992481456779,0.0033429898129803217,0.0037010568954475797,0.00424189116001499,0.003689006090626216,1.3312482799350629e-4,2.7815086637809662e-5,-3.432241776299318e-7,-1.7328620319768118e-5,-1.032772998347773e-4,-8.334997703409078e-5,0.0011799499509889551,1.483148293502548e-4,-5.014302326768172e-4,-1.2908069406693473e-4,2.3643675276835558e-5,-2.0526474433010456e-4,-5.704689522867726e-5,4.984985123930717e-5,8.886575174100843e-4,7.492783744590488e-5,-1.9956699578009177e-4,1.1213997163872821e-5,4.584607349414264e-6,7.049651906952782e-5,-2.425939526538786e-5,-5.8322098889091145e-5,-1.8701593272142888e-6,-3.27639250784066e-5,9.105605508426361e-5,-0.0010045085301027355,-2.1131884482010427e-5,-8.045178227116472e-5,-9.704720270026804e-4,5.52719270134144e-5,6.345177735827763e-5,-9.043742151947133e-5,-1.3718914090348229e-4,1.8312865097498305e-4,-4.0564466133952936e-5,-5.287000538797428e-7,4.603014841405833e-6,5.112925889764163e-6,-6.181535392047765e-6,-4.441218488040921e-7,-6.373352846868393e-5,-6.737316383438838e-5,7.771680043106367e-5,-2.252575445757959e-4,9.977351188532714e-5,1.046050347988394e-5,1.372070654481891e-5,-2.962919612890648e-5,1.7402213926725408e-5,-1.0133419556994997e-5
5.246515074158362e-4,0.0014180636461822598,0.001977525549591354,0.0022139233834153715,0.0020915689503728033,0.002749514988930469,0.002650565205374548,0.002630198507053034,0.0031441495891714926,0.0031161029193794956,0.003411928832939703,0.003535051707499515,0.003689006090626247,0.004488497312615732,-4.992239317608845e-5,2.5427666191750374e-5,-3.151770896016654e-7,-1.7740058554529624e-7,-9.959130735301302e-6,7.438546541249269e-6,0.0011931960957082086,6.424798050420544e-4,8.283259023846239e-4,-1.4886625817648984e-4,-1.3253700750422355e-5,-1.4091876536422883e-4,-9.003919378826682e-5,-4.958385992219143e-5,5.183953962392071e-4,4.09648208262373e-5,1.621601574270071e-5,4.718335040924841e-6,-8.058177729907128e-6,7.0443831302251e-5,5.095878648834295e-6,-7.344685237448896e-5,-2.5364630464876027e-6,-2.6822751456385536e-5,9.374486889799647e-5,-0.0014360644112300601,7.216900653499424e-6,2.8566391623691714e-4,-0.0010061384605385964,6.417593655051314e-5,-3.5587389201307525e-5,-9.812906658463763e-5,-9.838123468652297e-5,-1.1865322953452371e-5,2.472576110479585e-5,1.2963963621509024e-6,7.669696664548079e-7,1.1611253076892356e-6,3.5436120899712294e-7,-2.1654102936829707e-6,2.5832648444767838e-5,-4.184180689543274e-5,2.360728217973062e-5,-6.321301488159181e-5,-8.139355195371736e-5,9.65113792453267e-6,1.0548203485555201e-5,-3.0203293461678778e-5,2.931592832232585e-5,-4.6819056046053805e-5
0.019499216245425922,-8.624721452258273e-4,3.2187242053642633e-4,-8.70283587141038e-4,-0.0012879975569875949,-0.001417616958620508,-3.360890080765259e-4,-3.554634337098053e-4,6.042358384081136e-4,1.5214225513366904e-4,-5.171444311446848e-5,2.876975897092855e-4,1.3312482799348943e-4,-4.992239317612806e-5,0.015239449089485286,7.5650221426808125e-6,-9.029376217216015e-8,-6.73572926542052e-5,-6.798734742634884e-5,-3.687255756318069e-5,-2.6861637304629026e-4,-6.525306396870866e-5,-0.001108676412509839,-4.15463356068502e-4,-1.867391902184504e-4,-3.487804066950345e-4,-3.0157361092788274e-4,-5.117290882095662e-5,5.41483708875551e-4,-4.045388084836519e-4,-6.395873670807478e-4,1.1549080388955938e-5,-6.1595807969184815e-6,4.806112632048563e-5,-9.015304076747848e-5,-7.741886423053665e-5,-1.414372636757091e-5,2.1872287654309867e-5,-1.873133070776131e-4,0.0012277765355880428,1.1042025200204773e-4,0.0010033248133360878,-0.0019201472853733032,3.2121294518264824e-5,9.323124739025638e-4,8.346114611500296e-5,4.798470344512013e-6,3.2878778133306567e-4,-1.9014852183977371e-4,-3.630835239382804e-5,1.6466515705706869e-6,-1.1045719766132243e-5,3.953728733471667e-6,2.314432931394022e-5,-0.0021472447472696715,-2.9094624171714117e-5,8.392794512447929e-5,-3.514987302617146e-4,1.3833116937925474e-4,-5.6696314406070834e-5,-6.049260336612157e-5,-1.8879021660852172e-5,1.1375741085363123e-4,2.6976140537928538e-5
5.869588241929973e-5,1.7759174311714088e-5,1.4357616109289968e-5,1.4883372793804127e-5,-4.6501419276795685e-6,-4.317608169390234e-6,1.0201466617186228e-5,8.894681798595954e-6,1.5619634957261134e-5,2.12471972211536e-5,2.5028296693744854e-5,2.853092757056016e-5,2.7815086637809896e-5,2.5427666191750865e-5,7.56502214268265e-6,8.043769689925989e-6,-7.415716398828591e-8,-2.1746519558645193e-5,-3.156360020171931e-5,-2.037458743667759e-5,1.9188919522960827e-4,4.141085329166429e-5,2.134821335216794e-6,-2.74132787490482e-5,-4.874330707985306e-6,-3.881923321691169e-5,-1.8055850671563707e-5,-1.7769314686448258e-5,9.844284365713211e-5,-1.4658954957282905e-5,9.026013398014807e-6,-6.529117642766638e-8,1.4845885820262026e-6,1.4269994372450484e-6,-7.170373643218725e-7,-1.843647488589014e-6,-2.425879827272368e-6,-1.1788307496888276e-6,-9.242360478835808e-7,2.7516434880578852e-6,-3.2550896956709553e-9,-5.7133249355631524e-5,2.887735043913986e-5,1.5342951179711786e-6,-4.484117157673597e-6,-1.281667424215158e-5,-7.523631598331822e-6,-1.051654798931968e-6,-1.5914691333549291e-6,1.9213630300706045e-7,6.353753953167583e-7,6.360759106326109e-7,-2.7769985814732557e-7,-9.728987812175451e-8,2.856966341611946e-6,-1.0773191717447341e-5,-8.884243812846236e-7,-6.085724641429144e-6,1.0668247393431487e-6,-8.22417447289976e-9,2.2338926528906076e-6,-2.3163105664274316e-6,1.361449912696921e-6,3.3326351124343424e-6
6.799743335879354e-7,-1.6645409390788746e-7,-1.3369322193905578e-7,-1.2228781142885762e-7,3.4427247401185486e-8,4.982925440724428e-8,-1.14275815197579e-7,-1.0222084987541087e-7,-1.3233783432143993e-7,-1.860196227420155e-7,-2.030293305987753e-7,-3.4191743534239406e-7,-3.432241776299306e-7,-3.1517708960166616e-7,-9.029376217215336e-8,-7.415716398828493e-8,7.652152008306767e-10,1.7688522691228306e-7,2.4922040714618846e-7,1.8489353695932958e-7,-1.66010845658717e-6,-3.269587118973728e-7,2.59505310907889e-8,2.2788477401464097e-7,2.5938187509669386e-8,3.2146932568634547e-7,1.6426508744687515e-7,1.6290547880634437e-7,-8.107018015284104e-7,1.1250841089444936e-7,-8.830375783786536e-8,-6.8704592895516165e-12,-1.4656031469705398e-8,-1.2463632599924194e-8,8.910070216686032e-9,1.2631544785633007e-8,2.2151798002729607e-8,8.49323413898129e-9,2.456089344320757e-9,-8.312923227504912e-8,-1.3632378003558391e-8,4.5980473491378697e-7,-2.591580568981646e-7,-6.008560812469427e-9,3.668720838045848e-8,1.5617282489643543e-7,1.3044037405488636e-7,-4.7125609969005585e-8,-8.796978680670775e-9,-1.4602716146100855e-9,-7.66448333768458e-9,-7.190247188263091e-9,3.988109418217463e-9,1.898951548231682e-9,-2.5401885621371016e-8,6.697457890160661e-8,-4.34742669811135e-8,8.890612291840767e-8,-2.484062243870811e-9,-1.2396349922416873e-9,-2.032472800404136e-8,2.4177025215711637e-8,-9.896784310469428e-9,-3.880828551936819e-8
-2.7358806371503944e-6,1.1775878995899096e-5,1.1818898002292528e-4,1.0095416502195619e-4,1.5965915386176267e-4,7.33535747555746e-5,9.589294664221669e-5,8.83803267985189e-5,7.397434887780527e-5,4.6608734804487566e-5,-9.263028807386698e-5,-2.2776336887646238e-05,-1.73286203197689e-5,-1.7740058554674586e-7,-6.735729265421602e-5,-2.1746519558645094e-5,1.7688522691228584e-7,3.2636031862761706e-4,2.713913057946513e-4,1.7215429828969152e-4,-6.374979372158191e-4,-2.532120338089386e-4,1.1834016528658175e-4,1.3886279928469392e-4,8.192453519865412e-5,2.6913820422477504e-4,8.150503691183638e-5,3.9573593731675866e-5,1.8705345754800457e-4,9.237201190995313e-5,-2.475284890486767e-5,9.688892524453568e-8,-2.5898177079630317e-6,-3.580200806021656e-6,9.622269576846209e-7,8.756426288526596e-6,6.634294439760735e-6,8.243531723414712e-6,-2.5126561320361694e-6,-1.04028806630046e-4,-2.4493055820857062e-5,1.679962554839306e-4,1.7143595937709155e-5,-5.7165360955726896e-6,-2.1014307351500644e-5,4.966190933072537e-5,1.7299539193469633e-5,1.985271318757974e-5,-3.968267206938917e-5,7.633035613687106e-7,-3.1067037833543957e-6,-2.3159847003074432e-6,1.3834523318221715e-7,1.1376743791695652e-6,2.2727801373248692e-5,3.687189832192485e-5,2.557033078918741e-5,-5.102093802039978e-5,2.3115583596436386e-5,7.5976593349295155e-6,-7.835778696061771e-6,9.736681994377245e-6,9.272182394404971e-6,-3.6137674206687e-6
5.425855007838847e-4,-2.766923730543455e-5,9.550847062757515e-6,-2.3025069334734196e-5,6.177431049892701e-5,-8.684509740680245e-6,-1.9874046618313386e-5,1.619227709308659e-6,-1.8685389177825774e-5,-4.3445505960594854e-5,-1.6611320045425632e-4,-9.173917689958851e-5,-1.0327729983477732e-4,-9.959130735301803e-6,-6.7987347426349e-5,-3.1563600201718976e-5,2.4922040714618904e-7,2.713913057946504e-4,4.11924589606642e-4,2.0187145014487012e-4,-4.606271093561656e-4,1.5295575910533737e-4,2.0996621169704077e-4,1.3547791478956333e-4,5.098181426183794e-5,2.819487731250273e-4,8.655884658803677e-5,3.218780623081328e-5,-2.0294253715248887e-4,1.0743307783558753e-4,5.449950042179212e-5,-2.7459707325331346e-6,1.0275953425094933e-7,-1.108473392975547e-5,2.6719400908798154e-6,1.415382516509101e-5,1.26277920947468e-5,1.0565105468259944e-5,-3.1235312780477984e-8,-2.626486524782669e-4,-4.828388271681348e-6,3.505285382137719e-4,-4.479711730123072e-6,-9.260096268027088e-6,-1.956122366768479e-5,7.880076266050188e-6,-4.074374090920997e-5,-1.1270219906840366e-5,-4.320213190488378e-6,-1.9634168089892182e-8,-2.146579655282099e-6,-1.239663647291644e-6,1.8991469083006879e-6,9.3992834519197e-7,2.8471428065856944e-5,5.292012748650628e-5,3.454322461819558e-5,5.756777680617015e-6,-2.2759839664378056e-5,4.797031342592474e-7,-1.2022671831287938e-5,5.724945048880147e-6,9.434325887922897e-6,-8.34025307557428e-6
-2.0344140105656858e-4,2.289304318056098e-5,1.2917288794380652e-4,6.358087892904452e-5,1.1396633871202701e-4,7.155658027261412e-5,6.948465184257235e-5,8.580971842793997e-5,2.5752123832781736e-5,2.577318101296046e-6,-8.466045542639242e-5,-3.4128475954401206e-5,-8.334997703409088e-5,7.438546541249927e-6,-3.687255756317305e-5,-2.0374587436677527e-5,1.848935369593304e-7,1.7215429828969196e-4,2.0187145014487087e-4,2.939311075823129e-4,-1.5694325293839644e-5,6.054890451747422e-4,2.3151759761970647e-4,4.0329337374053946e-5,1.9871117986911013e-5,1.3074871155874482e-4,4.971464763718602e-5,-3.922791904339934e-5,-3.3187558744634426e-4,2.4473524795453765e-5,7.611133982432872e-7,-1.3782123967114093e-6,-5.704590278863311e-6,-4.601911539121171e-6,-1.129647308201227e-5,1.3097516323962972e-5,1.010713348282584e-5,1.1276052851226063e-5,-4.996679151899975e-7,-2.0959090393320576e-5,-1.613044474270711e-5,2.4267928437574267e-4,-8.944154202741767e-5,-6.4884857077885315e-6,-2.3838997722737955e-5,7.41059991508179e-5,6.835793276566643e-5,-3.595539790121491e-5,2.1899147424582983e-5,7.564740653429979e-8,-4.247977742303346e-6,-4.763970972156251e-6,3.127831798015802e-6,5.565840701585252e-7,2.625632342821298e-5,-4.353832486872164e-5,-9.440020071765161e-5,4.047242302335202e-5,-4.532751285484199e-5,2.0873987493719526e-7,-6.461986782759206e-6,1.618072338616942e-5,6.606012248414722e-6,-9.669825262659938e-6
-0.044368409856781206,0.001989630757394922,0.0014249232419462658,0.0014264404010543,0.0010556582007638978,2.6146238840626853e-4,5.948193049166053e-4,6.813266212571243e-4,8.511861705150676e-4,7.549773140681805e-4,0.00193941852401588,-2.2497565384458704e-4,0.0011799499509888944,0.0011931960957083168,-2.6861637304059256e-4,1.9188919522959396e-4,-1.6601084565874427e-6,-6.374979372158287e-4,-4.606271093561624e-4,-1.5694325293770886e-5,0.054599688412889584,0.03662219233816203,0.005056246539709852,-0.001071831979948583,-4.8662217229614705e-4,-0.0020805914311724607,-4.3251642814723764e-4,-5.326285195834e-4,0.005198834659756093,-5.125057688312331e-4,-0.0018948781486026504,7.163878156439385e-5,4.6172501635869275e-5,9.265563323273831e-5,1.007014276696475e-4,-9.028647939254596e-5,-8.78778993156175e-5,-5.418722363229426e-5,1.8114316064687467e-4,0.00323903499912611,-4.3738772425198376e-4,-0.0026050557806106696,0.002077227684395624,1.0652603296045071e-4,1.301969366452253e-4,0.001879717328680101,0.0014833319443541381,3.9983557321092715e-4,2.4188403127869978e-4,1.8196550406446875e-6,-3.546868018320364e-5,-8.252533596971135e-6,-3.810480111635006e-5,-1.4525936808504008e-5,-7.541465742446551e-5,-0.006702502230544812,-0.0047598536930663436,-6.787118003821594e-4,-7.104773003698054e-4,1.519727486295558e-5,1.020256072928344e-4,-1.1703881667303342e-5,2.472589259683187e-4,1.1659531073519172e-4
-0.0682186247381808,2.180403390190408e-4,5.086895181300613e-4,0.0014475659037149421,6.866403941492969e-4,-3.688886544759601e-5,6.589062434087112e-4,4.805629090730035e-4,4.95697624722422e-4,0.001000241979711523,0.0013681804184249558,8.97164784647004e-4,1.4831482935028913e-4,6.424798050422825e-4,-6.525306396185238e-5,4.14108532916206e-5,-3.269587118973408e-7,-0.00025321203380881453,1.5295575910546962e-4,6.054890451748743e-4,0.0366221923381832,0.05757300200738808,0.0010130736129077727,-3.91015688881842e-4,1.7546218686464448e-4,-8.325334339245675e-4,-1.6363535774588522e-4,-7.783088135159142e-4,-0.008418392914281468,-4.7373298115841426e-4,-0.0011558887324559675,1.8927457511250076e-5,-1.1118089043245881e-4,9.044986023343639e-5,1.0162285998793675e-5,1.9929630178894475e-5,-4.8903982840764506e-5,8.762815936722712e-5,1.582370759872422e-4,0.006385223234457814,-2.3427882697498088e-4,0.0027219056149254835,-0.0015475660531025152,-7.574306654516628e-5,-3.229176383874853e-4,0.0014638122496473886,0.002051868245195907,-1.6818174275817473e-4,-9.369828135769586e-5,-3.72226402182513e-6,-3.863954014757676e-5,-7.28579018911816e-5,1.6612730208457356e-5,3.493725106936017e-6,3.4538048887362724e-4,-0.004612956718906782,-0.007050279700886813,8.865598522457138e-4,-7.458616687607839e-5,-9.938310746916251e-5,-8.445727497482467e-5,1.5613007491850547e-4,4.022371699879403e-5,-9.726275784585677e-5
-0.018791285504619393,7.979211417242418e-4,9.711315014103058e-4,9.603494794573243e-4,0.001023066041298635,8.32770348628635e-4,6.498242066806522e-4,5.655139762847657e-4,7.179293226554186e-4,2.4881876657824754e-4,8.360134889154387e-4,-1.4508533995460994e-4,-5.014302326769413e-4,8.283259023847949e-4,-0.0011086764125092731,2.1348213352143233e-6,2.5950531090836413e-8,1.1834016528659949e-4,2.0996621169704592e-4,2.3151759761968376e-4,0.005056246539717991,0.0010130736129134751,0.026698532483594318,3.734429417298074e-5,-8.811162274973154e-4,-4.765777524080887e-4,1.595184989572245e-6,-1.015001042532419e-4,0.008579149048769321,-2.6744010152319076e-4,-0.0014179782395951702,5.272338132803235e-5,1.3921561074629034e-5,-6.619371099957034e-6,6.545440762501897e-5,-1.3990152693570525e-4,-3.752417256179313e-5,-4.464923179249605e-5,1.470496273954512e-4,0.002508652637551451,-1.3373423487002354e-4,-6.630040661347327e-4,0.001094272386462318,6.004184177835103e-5,-1.4625611850842375e-6,-2.4879436658248246e-5,-9.73825721700883e-6,4.863195406798279e-4,0.0023399693405065625,2.8913953782895327e-6,3.391472287644745e-6,1.1114945627932953e-5,-3.070238212276413e-5,-7.357612305241154e-5,9.783188125014697e-5,-4.463711837493383e-4,-1.1242204941053113e-4,-0.0011462169670239093,-0.00433663063441779,3.1790979681359724e-5,-3.3151134825485684e-5,-6.47922549353227e-5,1.7680202288225877e-4,-1.0961049992258369e-4
0.001423103748160385,-5.137369621837508e-5,-2.2545290836026752e-5,1.2540130028689126e-6,8.756891751793031e-5,8.116269746053474e-5,-1.156665148341524e-5,-3.824882284889761e-6,-3.855046490373007e-5,-2.5587830734685903e-5,-1.2014960159455761e-4,-1.0092055299061847e-4,-1.2908069406693482e-4,-1.4886625817648927e-4,-4.154633560685007e-4,-2.7413278749048197e-5,2.2788477401464097e-7,1.3886279928469386e-4,1.3547791478956347e-4,4.032933737405408e-5,-0.001071831979948555,-3.9101568888179236e-4,3.734429417297533e-5,2.943735152799649e-4,4.123937800665848e-5,2.0249455405431426e-4,8.03175781247476e-5,1.0591978214551925e-4,-1.9111005490486373e-4,1.1997473710622164e-4,-4.4703703178859625e-5,2.0629576570748993e-6,3.410855756249235e-6,-8.34423605137177e-6,-4.294725724601827e-6,3.7999494213297976e-6,7.565482779869569e-6,7.309176333510866e-6,4.920921022541784e-6,-1.9377800895537393e-4,-1.6484079795266895e-6,1.6950391136895076e-4,3.3983143168895565e-5,-7.940675460367699e-6,-8.442419731760763e-6,2.1001945772496568e-5,-2.525099317661483e-6,4.3365292662894925e-5,-2.24042535410642e-5,2.2981980114064855e-7,-3.3601494497769047e-7,-7.305206552198918e-7,-1.6986625102500917e-6,-1.7955721098611787e-7,4.585720749206383e-5,8.88269437115451e-5,4.4231493270104325e-5,-1.3721604671664627e-5,2.5086509950530496e-5,-3.3997344128033753e-6,-1.3460057337773387e-5,6.088468695647526e-6,-9.299921188345782e-6,-6.220133601117217e-6
-0.0023498071181188114,-9.85931860186705e-6,3.982516111996237e-5,9.291995023946208e-5,9.728259962772822e-5,3.4878999431475057e-6,5.2128233450164066e-5,8.419884769547521e-5,-1.4544296530642805e-5,6.610339246026906e-5,-1.9749704514038494e-6,-3.373630765732592e-5,2.3643675276835914e-5,-1.3253700750421792e-5,-1.8673919021844974e-4,-4.8743307079853295e-6,2.593818750966915e-8,8.192453519865419e-5,5.098181426183793e-5,1.9871117986911148e-5,-4.86622172296125e-4,1.7546218686466207e-4,-8.811162274973051e-4,4.123937800665839e-5,2.7268488981625955e-4,1.0738022014960248e-4,4.7633908330221466e-5,-1.0932309718443844e-5,-5.293378977999693e-4,4.1932164026710154e-5,1.0219721666168479e-4,-4.011286825059675e-6,-9.980011643503782e-6,1.1312972904284445e-5,-8.484568600493482e-6,1.572295164265333e-5,-3.308643184284647e-6,7.0485954327135856e-6,3.3249375687063434e-6,4.738456996256555e-5,-9.336143312371112e-6,3.910128726287153e-5,3.2535855389837122e-6,-1.0597103356960449e-5,-2.7129662374833938e-5,-3.963035644953833e-5,-2.777296677626641e-5,-4.319084380998064e-5,-7.651809396224887e-5,5.5188069086949e-7,-4.840851091299538e-7,-5.343573650970814e-7,2.5849548729022748e-6,3.3426245389878033e-6,3.7790887907712364e-5,8.763908774332232e-5,1.428222726524625e-5,7.311072850722262e-5,1.420876682374405e-4,7.755950720070216e-7,-3.330652306356396e-7,1.1243148854090425e-5,-1.558036527148257e-5,-1.8406910275482367e-5
-0.0010407306615973428,-1.1280531083195215e-4,-6.708644628919329e-5,-1.851705157188218e-5,1.0280341925146618e-4,2.1523545851397118e-7,-9.14451761027768e-5,-6.289378901411138e-5,-1.0943844093230535e-4,-5.689705618556183e-5,-2.1933320805522834e-4,-2.1307122349996233e-4,-2.0526474433010466e-4,-1.4091876536423005e-4,-3.4878040669504e-4,-3.881923321691175e-5,3.214693256863448e-7,2.691382042247756e-4,2.8194877312502707e-4,1.3074871155874539e-4,-0.0020805914311724637,-8.325334339245657e-4,-4.765777524080907e-4,2.0249455405431423e-4,1.073802201496027e-4,5.6294911808873e-4,1.560582718017782e-4,1.0514831158686742e-4,-4.3657727836807436e-4,1.587136379145753e-4,7.643234091103577e-6,-2.3785620441609193e-6,-1.2076833549849904e-5,-1.518719722436972e-7,6.899549045377244e-6,1.0369253884909336e-5,1.0584366127947557e-5,1.3368429089472637e-5,-2.8019786464615066e-6,2.8752465243953658e-5,2.0342273604738816e-6,4.1745722084475127e-4,-1.4510783763124917e-4,-1.890177847261763e-5,5.777861913659769e-6,5.111745402519324e-5,-1.3834459117374816e-5,5.610857861762858e-6,-3.0162335727289143e-5,-3.295764478574042e-7,-3.3908021470845598e-6,-2.6224210569306853e-6,1.8553347462421103e-6,9.9640580914502e-7,3.555562057696489e-5,1.7412693448047443e-4,1.0805470425811418e-4,1.4788881631355346e-5,7.178588235693644e-5,3.946280755308063e-6,-1.6456620461193843e-5,8.279840167793847e-6,-1.8065544962658483e-5,-6.9972252622127154e-6
1.425795590879619e-4,-5.0849462610676776e-5,-1.8531284140932694e-6,3.9701325531631766e-5,1.2753926165171752e-4,7.051119696262557e-5,-2.708156997178836e-5,-1.371154137989043e-5,-7.510608046024209e-6,-1.5871906757009082e-5,-9.243022041990513e-6,-1.1802549979124472e-4,-5.70468952286782e-5,-9.003919378826668e-5,-3.015736109278827e-4,-1.8055850671563656e-5,1.6426508744687494e-7,8.150503691183624e-5,8.655884658803657e-5,4.97146476371858e-5,-4.32516428147255e-4,-1.6363535774590883e-4,1.5951849895792323e-6,8.031757812474757e-5,4.763390833022145e-5,1.560582718017781e-4,1.5764294054117377e-4,6.125873352955413e-5,-7.795971457876544e-5,1.0062455320246614e-4,-1.930372170052358e-5,-3.252926449042526e-7,-3.287733888759682e-6,-8.408958546874002e-7,-4.868580285978461e-6,-3.967242469620557e-6,7.867918122161505e-6,2.8341091606208454e-6,8.195847667885996e-6,-3.513578130760923e-5,-3.5787830346236623e-6,1.1856330179133507e-4,1.5902196385233587e-5,-3.5778219041444133e-6,1.8096459984386421e-6,-2.6936578853380133e-6,9.336939190346525e-6,-1.7781792330591444e-6,2.0391866886625e-5,6.088195035131448e-7,-7.084360284563258e-7,-6.302942492008183e-7,1.4080504621367836e-7,-3.234159913515061e-7,2.2512053501420153e-5,5.036669903678307e-5,1.4722152326325065e-5,4.502011191423056e-6,-1.5640398901344186e-5,7.272923916734554e-6,-1.1825331392024871e-5,-2.936288495248615e-6,-1.2669058056852554e-5,-5.7581896776463775e-6
-0.001893167563981616,-5.916419184007756e-5,-1.0849743915394615e-4,4.1707474577885174e-5,7.739719837272552e-5,7.182200430043878e-5,-8.746438057721466e-5,-8.038518560608451e-5,-6.295930669914726e-5,-4.07232347638369e-5,3.4278177780026356e-5,-2.197919738204279e-5,4.9849851239307216e-5,-4.9583859922191345e-5,-5.117290882095754e-5,-1.7769314686448268e-5,1.6290547880634395e-7,3.9573593731675914e-5,3.2187806230813036e-5,-3.9227919043399315e-5,-5.326285195833982e-4,-7.783088135159041e-4,-1.0150010425323436e-4,1.0591978214551936e-4,-1.093230971844386e-5,1.0514831158686719e-4,6.125873352955413e-5,3.42163113916105e-4,6.380864406622806e-4,1.2471134290219395e-4,-1.0975140724627604e-4,5.1063128720091994e-6,4.551891833248601e-7,6.1102363282780945e-6,3.0626015276807774e-5,-3.4061939306963634e-7,6.214593232221601e-6,-1.029157617305467e-5,2.0519034087841058e-5,-2.4286265221675927e-4,-2.7738673210925856e-5,-8.574441879926297e-5,1.3784643404808063e-4,5.469688155742344e-6,2.7896562048883162e-5,8.689691025106302e-6,4.5018242731152176e-5,6.293186763911147e-5,3.145246338728813e-5,7.314041782220406e-7,1.7368140649766597e-6,1.342349078655523e-6,-4.072249143521613e-6,-1.9917243388545973e-6,-2.9937708886138326e-05,3.470257281841327e-5,3.116395748345711e-5,-1.0087936873551823e-4,-7.205607210263068e-6,4.830347659161832e-6,5.099231490719176e-6,-4.424099872932568e-6,2.623421488200344e-7,2.1055897200755046e-5
-0.026176868171608445,4.5730229961031337e-4,0.0014805859034737918,0.0012529655464187087,0.001231757565067449,0.0013752258043378037,1.1403463692546568e-4,1.297878120611485e-4,0.0013471387066547051,0.0010878717232343795,0.001110836421413672,-1.5106972589099273e-4,8.886575174102585e-4,5.18395396239198e-4,5.414837088748878e-4,9.84428436571346e-5,-8.107018015284971e-7,1.8705345754805558e-4,-2.0294253715245236e-4,-3.3187558744631363e-4,0.005198834659736034,-0.008418392914304157,0.008579149048768234,-1.9111005490488457e-4,-5.293378977999782e-4,-4.3657727836807735e-4,-7.795971457876745e-5,6.380864406622879e-4,0.03132309694817576,7.783804616850774e-6,-0.0020456973239649165,8.301178396508025e-5,7.778469501449299e-5,7.225873586846794e-5,2.1132284035146908e-4,-1.0197778911022835e-4,-1.7851167658362e-5,-1.3584296194161046e-4,-2.5460358112261948e-5,0.0027385111258070526,-4.2513578195506037e-4,-0.005549601170336621,0.002639778230950049,1.1180731165949599e-4,6.457034388654408e-4,1.2995880418885053e-4,1.452641373710772e-4,0.0016573012965318305,4.11632851636911e-4,-5.673437514574593e-6,9.589133614179927e-8,2.558632161164162e-5,-8.22435717025673e-5,-2.046470986309348e-5,-6.002070848045144e-4,-6.282723137565438e-4,5.819045641292014e-4,-0.004304411480348305,-0.0011420028548533787,1.2836894951284377e-4,1.2842188694498868e-4,-8.161876919427803e-5,1.9567193907965677e-4,1.4433259814025513e-4
0.0013423337513280567,-3.759448442472503e-5,-5.2049839594264015e-5,9.822030509289406e-5,1.3185175579423372e-4,1.3847285358667893e-4,1.126786144243353e-5,-3.499197947430455e-6,3.7088847385600045e-5,5.91522474523091e-5,3.0377928981312205e-5,1.5857008598642205e-5,7.492783744590511e-5,4.096482082623758e-5,-4.04538808483661e-4,-1.4658954957282999e-5,1.1250841089445051e-7,9.237201190995363e-5,1.0743307783558803e-4,2.4473524795453978e-5,-5.125057688313125e-4,-4.7373298115850436e-4,-2.674401015231965e-4,1.1997473710622167e-4,4.193216402671011e-5,1.5871363791457543e-4,1.0062455320246615e-4,1.2471134290219384e-4,7.78380461683947e-6,2.2768125259434358e-4,-2.2338870675563956e-5,1.6682583839837255e-6,3.705915928230875e-6,6.88327986117383e-8,1.2286425101521714e-6,3.7444887672884773e-7,6.646728393303748e-6,6.869123220671373e-7,1.3576478021284982e-5,-4.115818960510698e-4,-1.5095358372435662e-5,1.6971669926198408e-4,-5.467287826145565e-7,1.917342607309894e-6,2.5985136723787798e-5,-1.5821377748860434e-5,-1.2746935210931133e-5,3.841780131507733e-5,-6.488819006827141e-6,3.2770371481098087e-7,7.304072061454404e-7,1.061594365714054e-6,-2.502287591376355e-6,1.0238120356568274e-7,1.577248156030021e-5,5.729100669173701e-5,4.743778933362233e-5,-2.122612933392768e-5,3.397567661908585e-5,5.109772669231002e-6,3.9127958661182535e-6,9.013701473306547e-6,-5.670144925290198e-6,6.483040981747739e-7
0.0043681044343815015,-5.4633117729366915e-5,-1.94900655895991e-4,-6.700267103810317e-5,-1.102790708511582e-5,-8.978772489336173e-5,-1.5484078948651747e-5,-7.201857120443214e-5,-2.0590895289557644e-4,-2.245044830358445e-4,-2.7554595886577956e-4,-3.273057340130305e-5,-1.9956699578006307e-4,1.6216015742711763e-5,-6.395873670816315e-4,9.02601339801617e-6,-8.830375783783405e-8,-2.4752848904872385e-5,5.449950042179162e-5,7.611133982389866e-7,-0.001894878148602379,-0.0011558887324556442,-0.0014179782395950858,-4.470370317885297e-5,1.0219721666168856e-4,7.64323409110103e-6,-1.9303721700525504e-5,-1.0975140724627372e-4,-0.0020456973239664153,-2.233887067557807e-5,0.0011002591212964225,-3.381096936289564e-5,-8.513614739759805e-6,-4.631320580059722e-6,4.846846197427019e-6,1.992904884381886e-5,-1.024011883864556e-6,5.662108746795721e-6,-3.6289843688001947e-7,-0.001466169726609319,7.926409124322736e-5,9.372650123571043e-5,-5.959232411283262e-5,1.2812350030035246e-5,-2.0796122785490375e-4,-4.486157583030778e-4,-4.671851691058346e-4,-4.282612099105905e-4,-1.6194376719384828e-4,5.0294669295531045e-6,1.0057044700663503e-5,1.1423395077592732e-5,1.5022733900819419e-5,5.241011443958064e-6,2.212999559916298e-4,5.325690083190799e-4,4.7213667192539397e-4,4.998967867180927e-4,2.559019024942615e-4,-4.097055271116398e-6,-8.876560148362254e-6,-1.1146820769320488e-5,-3.7639829243683814e-5,-9.2757062167297e-6
-1.5040569086594412e-4,5.639465248267897e-6,6.665006068365274e-6,5.696161806378553e-6,2.6896951848323837e-6,5.878366730368594e-6,-6.234780069540625e-7,3.5727653455785767e-6,7.413569161090355e-6,7.502327241409564e-6,1.0032060413046576e-5,3.7395034920584905e-6,1.1213997163871498e-5,4.718335040923998e-6,1.1549080388978725e-5,-6.529117642772115e-8,-6.8704592902636195e-12,9.688892524478901e-8,-2.7459707325329614e-6,-1.3782123967112568e-6,7.16387815644909e-5,1.8927457511312513e-5,5.272338132801302e-5,2.062957657074887e-6,-4.011286825059848e-6,-2.378562044160966e-6,-3.252926449042175e-7,5.1063128720090216e-6,8.301178396509513e-5,1.6682583839841565e-6,-3.381096936289978e-5,1.3642125880041345e-6,3.4704355217087925e-7,3.111391289961616e-7,6.433868730787531e-7,-5.670085079297821e-7,-1.0551093031043716e-7,-3.4902997065287007e-7,2.828357489159567e-7,3.357632427859036e-5,-2.042713164772359e-6,-1.690174428420157e-5,1.2540997193487593e-5,-1.0670649224712534e-7,7.036085570250763e-6,1.1465304573668144e-5,1.216242873265769e-5,1.4273549992647086e-5,5.492114665790306e-6,-1.6540765036146869e-7,-3.3532322655946104e-7,-3.7879217819272475e-7,-6.272264726583713e-7,-2.6002079941013315e-7,-6.497500541615941e-6,-1.548082526007925e-5,-1.0741672641195927e-5,-1.7469190576497778e-5,-8.642106947922884e-6,4.3018044903545695e-7,9.380552303659254e-7,5.842354235451606e-8,1.232104497814745e-6,9.461519184091842e-7
0.0010683772632770333,6.308211412539631e-6,-1.6950736264277426e-5,-2.2910972804257236e-5,-3.084952935546146e-5,-1.822166945075639e-5,-8.53197008031868e-6,-4.035512263133193e-6,-9.465457469457711e-6,-5.929821858870514e-6,-3.819082211965546e-6,-1.3507665498153612e-5,4.584607349414654e-6,-8.05817772990761e-6,-6.1595807969183435e-6,1.484588582026207e-6,-1.4656031469705417e-8,-2.589817707963042e-6,1.0275953425092626e-7,-5.704590278863346e-6,4.6172501635877827e-5,-1.1118089043245434e-4,1.3921561074628894e-5,3.410855756249238e-6,-9.980011643503787e-6,-1.2076833549849889e-5,-3.2877338887596793e-6,4.551891833248411e-7,7.77846950144878e-5,3.705915928230876e-6,-8.5136147397591e-6,3.4704355217089243e-7,8.579596602493225e-6,-5.618814044805482e-6,-2.9919233821668905e-6,-2.2938036355798473e-7,3.522334645426841e-7,-1.1139771386352924e-6,-1.3369184307327225e-6,-8.256648437518064e-5,-2.3998479698949934e-6,1.2546766847181832e-5,2.3174303420859546e-6,5.060597047330111e-7,2.5558889530775416e-6,-3.869485044034714e-6,-5.61534490845483e-6,8.013108279658339e-6,-5.804287563029715e-6,-8.041376755581387e-9,3.797574410204337e-7,4.805890354973658e-7,-4.557882228521035e-7,1.2333351125084869e-7,-1.5557064197645094e-6,-3.089872197937467e-6,1.2833787466856061e-5,-1.2463185017942482e-5,3.3382377174510205e-6,-7.613625525033192e-8,1.9638348276063987e-7,-1.0263559969718922e-6,3.988192389973535e-6,1.4321361365448965e-6
-9.584907920494433e-4,9.827931046363423e-6,3.242064886849467e-5,5.2551573663136334e-5,4.293859220805715e-5,4.049304410096303e-5,2.832165200822946e-5,3.9950920813702836e-5,6.934614486866719e-5,7.27643512825721e-5,7.527615370366678e-5,6.954131988253309e-5,7.049651906952751e-5,7.044383130225086e-5,4.806112632048637e-5,1.4269994372450507e-6,-1.2463632599924197e-8,-3.580200806021655e-6,-1.108473392975547e-5,-4.601911539121168e-6,9.265563323274166e-5,9.044986023343685e-5,-6.61937109995409e-6,-8.344236051371776e-6,1.1312972904284436e-5,-1.5187197224370237e-7,-8.408958546874098e-7,6.1102363282781165e-6,7.225873586846936e-5,6.883279861174085e-8,-4.631320580060469e-6,3.111391289961479e-7,-5.618814044805488e-6,1.035001643184341e-5,1.08045059791891e-6,-2.381767028109921e-6,-3.141079718540455e-6,-3.3445029261447645e-9,1.5805711249096452e-6,7.292730880627355e-5,-2.368776997544548e-6,-4.1036713460972415e-5,-6.886100713406615e-6,1.2044781341344399e-7,6.176452951593829e-6,1.1024494834273396e-6,-9.472840402835286e-7,3.8825472822131015e-6,2.529578902059053e-6,-1.3716443618419998e-7,-5.2535231934513734e-8,1.349579305405741e-7,-3.127360034910218e-7,3.377439722842689e-8,-9.461705705094477e-6,-9.772207185077856e-6,-8.131932197797647e-6,-8.655838902357665e-6,-2.2826995505064944e-6,-2.8548875903555484e-7,1.2510844023639607e-6,-1.7807640954447773e-6,-2.607311844626432e-6,7.18578287753229e-7
-0.0022434435067750246,-1.1306343742361305e-5,5.232181060310461e-7,3.3608733125782406e-5,4.492938131371421e-5,2.4701293739171207e-5,-5.939378764155721e-6,-1.0246155217025136e-5,-2.5852115457673857e-5,-5.6506074552043586e-5,-1.3556574310582008e-5,-1.967265595243785e-5,-2.4259395265387813e-5,5.0958786488359235e-6,-9.015304076748161e-5,-7.170373643218611e-7,8.910070216685953e-9,9.622269576845936e-7,2.6719400908797904e-6,-1.1296473082012333e-5,1.0070142766963473e-4,1.016228599877869e-5,6.54544076250148e-5,-4.294725724601831e-6,-8.484568600493495e-6,6.899549045377262e-6,-4.868580285978444e-6,3.0626015276807706e-5,2.1132284035146407e-4,1.2286425101521818e-6,4.846846197429101e-6,6.433868730787187e-7,-2.9919233821668837e-6,1.0804505979188928e-6,2.8129296490631523e-5,2.7037133905817966e-6,-1.0206434185995807e-6,-5.063546625153308e-6,7.142309991284798e-6,-5.9895100652966696e-5,5.6024685478240424e-6,-6.780251901426174e-5,4.4665935606248556e-5,4.683823282449148e-6,-5.171679886981295e-6,-1.1203823692608343e-6,-8.359010242343907e-7,1.3314663993711649e-5,9.106730683477378e-6,3.8579869999668447e-7,1.0698828242120211e-7,4.3837659931253794e-7,-9.17474104760303e-7,-6.2574685748339e-7,1.0776389631405183e-5,-9.0007782411151e-6,-1.7760591347797417e-6,-2.882317460210291e-5,-1.2007609009447332e-5,2.546823140228596e-6,1.4722680730387553e-6,-3.061731225763785e-6,-3.869507902622539e-7,1.0942659374134656e-6
-3.70924071652601e-4,-1.137715430474542e-5,-5.6860287924046226e-5,-3.233314691508519e-5,-3.5576319768839716e-5,-4.5614240915166404e-5,-2.2384375701114338e-5,-2.0731334311089678e-5,-6.796745400777218e-5,-7.724918670812748e-5,-8.08340334007591e-5,-6.881957373568539e-5,-5.8322098889090454e-5,-7.344685237448846e-5,-7.741886423053415e-5,-1.843647488589012e-6,1.2631544785632949e-8,8.756426288526575e-6,1.4153825165090977e-5,1.3097516323962955e-5,-9.028647939255477e-5,1.9929630178885795e-5,-1.3990152693570663e-4,3.7999494213297993e-6,1.5722951642653327e-5,1.0369253884909339e-5,-3.967242469620554e-6,-3.4061939306961627e-7,-1.0197778911023523e-4,3.744488767288494e-7,1.992904884381938e-5,-5.670085079297527e-7,-2.2938036355796464e-7,-2.381767028109922e-6,2.7037133905818004e-6,1.724294871478654e-5,2.174886892874143e-6,1.918218348511723e-6,-1.5810452802996994e-6,-1.1658619514154085e-4,-5.485236951946071e-6,2.337287619747099e-5,4.740578863028713e-5,-3.0415722152094585e-6,1.812770067807966e-6,5.08311703669767e-7,4.05401679066436e-6,-8.527629939195143e-6,-1.2657302355755417e-5,-1.5985759659017372e-7,-1.0959925572137426e-7,-1.479858205272384e-7,3.3137407469871514e-7,3.270100819858673e-7,6.782508230133636e-6,8.118593869911952e-6,-5.333950335764624e-6,1.5478807958009494e-5,2.3395716318101767e-5,2.5733018194155966e-6,-1.5460230792656513e-7,2.5300927685334683e-6,6.725947995566536e-7,8.81923896164157e-9
1.1491808625279749e-4,-3.335666186311429e-6,-1.3338589740874624e-6,-1.858506984872818e-6,9.112984526216324e-6,1.678366913002537e-5,1.9344465151079505e-5,1.5450901226527084e-5,7.053822757919162e-6,-1.7708852755421455e-6,-1.037081736377438e-5,7.491025877014309e-7,-1.8701593272137662e-6,-2.5364630464874693e-6,-1.414372636757192e-5,-2.4258798272723682e-6,2.2151798002729614e-8,6.634294439760717e-6,1.262779209474679e-5,1.010713348282584e-5,-8.787789931562215e-5,-4.890398284077065e-5,-3.752417256179323e-5,7.565482779869569e-6,-3.308643184284642e-6,1.058436612794755e-5,7.867918122161506e-6,6.214593232221611e-6,-1.7851167658363527e-5,6.646728393303746e-6,-1.0240118838651106e-6,-1.0551093031043952e-7,3.5223346454269363e-7,-3.141079718540452e-6,-1.020643418599593e-6,2.1748868928741478e-6,8.752493037834721e-6,-5.722454427171989e-7,-1.0530189813675694e-6,-4.782085634127123e-5,-2.448765689318169e-6,4.776944893756875e-5,6.1196076393250295e-6,-1.599181119917766e-6,-1.8277928359149856e-6,-1.6277608930097439e-6,2.7336846434371877e-6,-1.0099168664376438e-6,2.5889221490560898e-6,8.383217251413699e-8,-1.174505532386143e-11,-1.6924518208124423e-7,1.8312740241672888e-7,4.415753901332298e-8,2.486359864503805e-6,1.0052994917643273e-5,3.3072738257709227e-6,6.22582371671231e-7,1.2648261060269854e-6,5.072691265597759e-8,-1.3180282494773397e-6,2.5273801807368367e-6,1.7842737466904833e-6,2.2046078094578632e-7
6.917378486662265e-4,-1.0599111596007678e-5,6.814616006994279e-6,-9.916962629019475e-6,-1.861180933704216e-5,-2.672441139562283e-5,-1.7798697796463916e-5,-1.7623414908321913e-5,-2.2754377528246044e-5,-8.661650413059729e-6,-2.892001704039812e-5,-3.7058864805084826e-5,-3.276392507840599e-5,-2.6822751456385468e-5,2.1872287654311564e-5,-1.1788307496888338e-6,8.493234138981297e-9,8.243531723414719e-6,1.0565105468259937e-5,1.127605285122606e-5,-5.4187223632277486e-5,8.762815936723986e-5,-4.464923179249824e-5,7.309176333510877e-6,7.048595432713588e-6,1.336842908947267e-5,2.8341091606208505e-6,-1.0291576173054663e-5,-1.3584296194160843e-4,6.869123220671407e-7,5.662108746794245e-6,-3.490299706528115e-7,-1.1139771386352863e-6,-3.344502926141603e-9,-5.063546625153327e-6,1.9182183485117245e-6,-5.722454427172035e-7,5.2613267351903775e-6,-9.665753050732375e-7,-5.2303542085996524e-5,-8.177312064559378e-8,4.3837618528252414e-5,6.7504033880332e-6,-2.2302874064339345e-6,-1.3463319480324278e-6,4.0777883931881174e-06,-1.3546832838941506e-6,-5.070816976752534e-6,-5.571355348503687e-6,-1.996535268466372e-7,-3.8252947563689744e-7,-4.876085982455193e-7,4.970347182716524e-7,2.0790375223389076e-7,7.05406052536681e-7,3.4589507883392067e-6,-5.095647437108223e-6,1.5949486696686526e-5,9.063793999944863e-6,-1.3412975309139565e-6,-3.103947807172945e-8,3.3057297145758536e-6,-2.410483725481358e-6,-1.8713644281673683e-6
-0.003363887079406217,7.590491377978884e-5,7.18480587389024e-5,1.3231289669398227e-4,1.376967677381948e-4,1.3620141165764392e-4,9.283719607342513e-5,9.801510374853886e-5,7.418582568040843e-5,6.092993105498051e-5,1.064470787323483e-4,9.93713564285492e-5,9.105605508426193e-5,9.374486889799844e-5,-1.873133070776091e-4,-9.242360478835556e-7,2.4560893443206426e-9,-2.512656132036214e-6,-3.123531278049811e-8,-4.996679151900462e-7,1.8114316064696726e-4,1.5823707598733365e-4,1.4704962739546455e-4,4.9209210225417724e-6,3.3249375687063785e-6,-2.8019786464615557e-6,8.195847667886008e-6,2.0519034087841058e-5,-2.5460358112242893e-5,1.3576478021284963e-5,-3.6289843688999784e-7,2.8283574891633013e-7,-1.3369184307326674e-6,1.5805711249096677e-6,7.142309991284866e-6,-1.5810452802996842e-6,-1.0530189813676013e-6,-9.665753050732587e-7,3.7090140768754006e-5,-5.2438837578910466e-5,-1.3484003928388923e-5,1.328952173158821e-5,2.1589613277042684e-5,-3.460094358347418e-8,-1.2205939292907484e-5,-1.1316128348157004e-6,-1.2791519375968413e-5,1.2626174057763022e-5,1.2246470315398772e-5,5.188820441674161e-7,3.602251009498654e-7,6.304529383165806e-7,-6.976236875747417e-7,-7.975332995594849e-7,2.580373573474023e-5,-1.7097693065706668e-5,-5.669992429381301e-6,-5.848642495675066e-6,-2.0413892247324472e-5,1.2384254478091074e-6,4.411923790691237e-6,1.9276669858453382e-6,-1.6675865351626738e-7,-5.1503840903691865e-6
-0.07363343018268413,-5.0788023763857e-4,-5.419999532233561e-4,-8.909422935270252e-4,-8.211027253197437e-4,-9.778501216464812e-4,-7.6592764391714e-4,-8.298321894594966e-4,-3.7285962587018333e-4,-3.9685594267058666e-4,-8.352459371252886e-4,-3.300174687919048e-4,-0.0010045085301028807,-0.001436064411230034,0.0012277765355891146,2.7516434880542214e-6,-8.312923227506822e-8,-1.0402880663004284e-4,-2.626486524782625e-4,-2.0959090393313295e-5,0.0032390349991279523,0.0063852232344593675,0.002508652637549518,-1.9377800895538315e-4,4.738456996256231e-5,2.8752465243953614e-5,-3.513578130761138e-5,-2.4286265221676098e-4,0.002738511125810171,-4.1158189605105535e-4,-0.001466169726609053,3.3576324278570235e-5,-8.256648437518344e-5,7.292730880627184e-5,-5.989510065296353e-5,-1.1658619514153646e-4,-4.782085634126652e-5,-5.2303542085996483e-5,-5.2438837578916714e-5,0.012962728993883685,-1.4612924750673228e-4,-0.001883723126691407,-8.656287973154838e-4,-1.8835572568768572e-4,2.6060059859553386e-4,7.49175401636723e-4,7.669440824628921e-4,4.904948257699062e-4,2.2264224153599178e-4,-8.464192504547714e-6,-1.1901687321208715e-5,-1.942053604238613e-5,-1.3906710756793627e-5,-4.983295465915838e-6,-3.0490369000842337e-4,-9.322942947307865e-4,-0.0012205087253559645,-6.581328409654745e-4,-4.37917609673577e-4,1.1677641764758254e-5,3.152402821084562e-5,-6.27785521385076e-6,4.181450749076736e-5,4.793784541324784e-5
0.002423765837364153,-6.846888029471838e-5,-6.516001317172294e-5,-1.478979709968586e-4,-1.0856061285974821e-4,-1.0201714974861573e-4,-5.918882767281316e-5,-1.0377623682786173e-4,-1.463432603966772e-4,-1.226684946797347e-4,-1.337609307278621e-4,1.2046531031613554e-5,-2.1131884482007934e-5,7.216900653499133e-6,1.1042025200203165e-4,-3.2550896956783635e-9,-1.3632378003558138e-8,-2.4493055820857137e-5,-4.828388271681369e-6,-1.6130444742707095e-5,-4.3738772425178703e-4,-2.3427882697495912e-4,-1.3373423487003167e-4,-1.6484079795264797e-6,-9.336143312370936e-6,2.0342273604739193e-6,-3.5787830346237657e-6,-2.77386732109258e-5,-4.251357819551826e-4,-1.5095358372436114e-5,7.926409124322008e-5,-2.0427131647721657e-6,-2.3998479698950425e-6,-2.36877699754452e-6,5.602468547823909e-6,-5.4852369519460015e-6,-2.4487656893182194e-6,-8.177312064559067e-8,-1.3484003928388915e-5,-1.4612924750673174e-4,1.0884633920641676e-4,1.4939939143819196e-4,-7.653092436195897e-5,4.086232407893417e-6,-2.0006011471112093e-5,-4.247229335737989e-5,-3.861058435644295e-5,-1.6623576597757675e-5,2.9257892212089245e-5,2.5577239813507347e-7,3.8010607810682594e-7,-2.927036839564465e-7,1.6013369818146865e-6,-6.776419981707468e-7,9.118946782381224e-6,7.886014708412534e-5,5.8931134838247734e-5,5.7172000734714136e-5,-7.169109891103312e-6,-1.1572812593902106e-5,-2.3192157466324218e-5,-2.234482133533758e-5,-2.2763445071437593e-5,2.8880341704521795e-7
0.019264790011602556,-3.527335385106406e-4,8.698952466111244e-5,-1.0632928183426692e-4,1.2009187300693788e-4,1.8314104282484457e-5,5.385634270142314e-4,1.0095038828961222e-4,-4.97230110410421e-5,-6.447756788963781e-5,-1.5729376700691105e-4,4.402867108420435e-4,-8.045178227114499e-5,2.856639162368918e-4,0.0010033248133360546,-5.7133249355631626e-5,4.5980473491378644e-7,1.6799625548393136e-4,3.5052853821377256e-4,2.4267928437574424e-4,-0.002605055780610858,0.0027219056149251682,-6.630040661348948e-4,1.6950391136895079e-4,3.910128726287182e-5,4.17457220844752e-4,1.1856330179133558e-4,-8.574441879926242e-5,-0.005549601170336774,1.697166992619843e-4,9.372650123569045e-5,-1.6901744284201145e-5,1.2546766847182406e-5,-4.1036713460973004e-5,-6.780251901426132e-5,2.3372876197471595e-5,4.7769448937568574e-5,4.383761852825241e-5,1.3289521731590798e-5,-0.0018837231266913813,1.4939939143818724e-4,0.006170016359364083,-0.0024122231811734354,-7.259500088127597e-5,-1.0794373035890171e-4,3.646978008201178e-5,1.3281091521171343e-4,-2.471393645489387e-4,1.8464965829459134e-4,4.9416332084799e-7,-2.5459316245427364e-6,-1.1323026094468844e-5,2.0232697140709834e-5,-1.2803306448395266e-6,1.0534808760623245e-5,2.3414546085739432e-4,-3.381502628753553e-4,6.749280285465937e-4,-6.640168712770215e-5,-4.41423130103672e-5,-5.352289350136678e-5,7.23874507271361e-5,-1.740135306733811e-5,-8.124395423218414e-5
0.001191100637114607,-4.135080463773681e-5,-6.045896008906224e-4,-8.005488290471496e-4,-7.135734460518494e-4,-0.0010176764194430507,-0.001263246527891635,-0.001077343367891607,-0.001454877514331876,-0.001082537606613715,-0.001068033536322648,-0.0011312726391923802,-9.704720270026768e-4,-0.0010061384605385961,-0.0019201472853733032,2.8877350439139846e-5,-2.591580568981644e-7,1.7143595937709602e-5,-4.479711730122923e-6,-8.944154202741756e-5,0.0020772276843955585,-0.0015475660531025868,0.0010942723864623435,3.398314316889544e-5,3.253585538983779e-6,-1.4510783763124898e-4,1.5902196385233523e-5,1.3784643404808063e-4,0.0026397782309500076,-5.467287826147539e-7,-5.959232411281642e-5,1.2540997193487615e-5,2.3174303420861087e-6,-6.8861007134066745e-6,4.4665935606248664e-5,4.740578863028719e-5,6.119607639325027e-6,6.750403388033276e-6,2.158961327704288e-5,-8.656287973155053e-4,-7.653092436195735e-5,-0.0024122231811734376,0.006108381480976907,-6.067026202339233e-5,-6.0966789780783794e-5,1.4917533089351638e-5,-6.308051072503507e-5,1.0617672260221876e-4,1.0767084646947919e-4,5.476900228351429e-6,5.086943821733745e-7,8.000459072872278e-6,-1.5088240118597957e-5,-7.702334463084393e-6,2.1492054366076545e-4,-2.138282179979825e-4,1.7467533597696408e-4,-3.0189224430276894e-4,-1.7399433408349501e-4,-2.3837284008183245e-5,4.791736910342286e-5,3.959420850846891e-6,2.981831368363407e-5,1.0209451333903521e-4
0.0011154110791360636,2.8061695929323136e-5,5.075430751088608e-5,6.0937743681978734e-5,5.241782695440691e-5,6.570757276241828e-5,4.415304229220563e-5,4.9206947807223795e-5,5.6249373962440106e-5,4.889841623041883e-5,7.050529583484702e-5,3.7021016947055755e-5,5.527192701341515e-5,6.417593655051158e-5,3.212129451826414e-5,1.5342951179711549e-6,-6.008560812469517e-9,-5.716536095572663e-6,-9.260096268027115e-6,-6.488485707788561e-6,1.0652603296045854e-4,-7.57430665451808e-5,6.004184177836066e-5,-7.94067546036771e-6,-1.059710335696043e-5,-1.8901778472617617e-5,-3.577821904144366e-6,5.46968815574236e-6,1.1180731165948516e-4,1.9173426073098954e-6,1.281235003003385e-5,-1.0670649224708267e-7,5.060597047330322e-7,1.2044781341343766e-7,4.68382328244904e-6,-3.041572215209457e-6,-1.5991811199177126e-6,-2.2302874064339594e-6,-3.460094358378434e-8,-1.8835572568768165e-4,4.086232407893382e-6,-7.259500088127539e-5,-6.067026202339282e-5,1.1867045590024587e-5,3.0971825390226925e-7,-1.0072097042206772e-5,-6.9767510889946135e-6,-2.672867489724915e-6,-2.9379082774506094e-6,1.1483153746991358e-7,1.5952022927308596e-7,4.194776407837795e-7,-8.283513035459111e-8,4.222011453915097e-8,-4.822645866228437e-6,-1.2319836686148166e-6,1.277945309924957e-5,-7.942309129661211e-6,-4.300353049217605e-6,1.2473228548503044e-6,-1.7250637443186339e-6,-3.998336463710219e-6,6.92767060379094e-7,-1.8158500880371139e-6
8.599061221554814e-5,7.120697716642182e-6,-2.866351144502586e-5,-6.444498033910997e-5,-7.020076481897668e-5,1.624228668478211e-6,-7.567566974647656e-5,-3.242391811805864e-5,3.373581061561314e-5,-7.073873452966844e-7,5.706338505827346e-5,-3.423645519168491e-5,6.345177735827373e-5,-3.558738920131647e-5,9.323124739022607e-4,-4.484117157673578e-6,3.6687208380454036e-8,-2.1014307351500213e-5,-1.9561223667685814e-5,-2.3838997722741316e-5,1.301969366443062e-4,-3.2291763838849944e-4,-1.462561185036541e-6,-8.44241973176073e-6,-2.7129662374834276e-5,5.7778619136613815e-6,1.8096459984392094e-6,2.7896562048882626e-5,6.457034388656885e-4,2.5985136723789265e-5,-2.079612278548248e-4,7.03608557024877e-6,2.555888953077447e-6,6.176452951593788e-6,-5.1716798869810734e-6,1.8127700678077435e-6,-1.8277928359149987e-6,-1.346331948032718e-6,-1.2205939292908416e-5,2.606005985954436e-4,-2.00060114711144e-5,-1.0794373035889529e-4,-6.0966789780780426e-5,3.0971825390162894e-7,2.540655211936281e-4,5.712656032756977e-5,4.477901630009865e-5,9.624697373066839e-5,-2.2781039051392414e-5,-7.593118436767075e-6,-4.3487316977509183e-7,-7.81136758386307e-8,-3.963582175545609e-6,1.5067855736429749e-6,-2.765647123812657e-4,-6.387683757692414e-5,-1.0643284923450898e-5,-1.3381068322652548e-4,1.0739791369459933e-5,1.2356238053406333e-5,5.318495668513029e-6,-2.8848740643363805e-6,2.349973663974024e-5,-1.6799565710372175e-6
-0.0029300632305630635,3.755022927690056e-5,7.70232857402478e-5,-1.0674221488129943e-4,-4.6369340334378114e-5,-4.026894681406777e-5,-2.3962595633721936e-5,-1.1960856761311821e-5,-3.4260786733041344e-5,-3.908694969318809e-5,7.834254874796214e-6,-1.9104160387118144e-4,-9.043742151949752e-5,-9.812906658461632e-5,8.346114611557356e-5,-1.2816674242151367e-5,1.5617282489639604e-7,4.966190933071949e-5,7.88007626604385e-6,7.410599915081795e-5,0.0018797173286826878,0.0014638122496496164,-2.4879436658861925e-5,2.100194577249402e-5,-3.963035644954196e-5,5.111745402519443e-5,-2.6936578853351033e-6,8.689691025108258e-6,1.2995880419137748e-4,-1.582137774884852e-5,-4.4861575830308653e-4,1.146530457365746e-5,-3.86948504403504e-6,1.1024494834272575e-6,-1.1203823692596662e-6,5.083117036697664e-7,-1.6277608930096344e-6,4.077788393186567e-6,-1.1316128348264798e-6,7.491754016372593e-4,-4.247229335737872e-5,3.6469780081970624e-5,1.4917533089365989e-5,-1.0072097042206838e-5,5.7126560327567156e-5,5.159786593506336e-4,4.247335649967956e-4,4.3901851125121986e-5,-3.981392298024666e-5,-1.526120574532112e-6,-1.3100970355807733e-5,-1.1215728632837424e-5,-1.183306401223576e-6,8.372698875345849e-7,-5.100475603869735e-5,-5.75690227789979e-4,-4.653686097344713e-4,-4.5846769233441316e-5,3.0316976014561535e-5,3.3332948393488445e-6,1.791162473142362e-5,2.40269520876024e-5,8.634488772704465e-6,-3.7208568452348567e-6
-0.0021733458425365476,8.474863845037935e-6,-4.511424606942234e-5,-1.2994944568163296e-4,-6.580839242801724e-5,-7.232374383731296e-5,-5.417766054956468e-5,-8.355852972995302e-5,-1.4820814303271668e-4,-1.2241851298540853e-4,-1.9462916683151862e-5,-2.2482465416725906e-4,-1.3718914090351435e-4,-9.838123468651374e-5,4.7984703450569225e-6,-7.523631598333709e-6,1.3044037405486751e-7,1.729953919346474e-5,-4.074374090921507e-5,6.835793276566028e-5,0.0014833319443494247,0.0020518682451916787,-9.738257217627129e-6,-2.5250993176685874e-6,-2.7772966776268613e-5,-1.3834459117371806e-5,9.336939190348822e-6,4.5018242731152786e-5,1.4526413737361285e-4,-1.2746935210920744e-5,-4.6718516910534453e-4,1.2162428732634797e-5,-5.615344908453883e-6,-9.472840402848144e-7,-8.359010242325149e-7,4.054016790664578e-6,2.733684643437415e-6,-1.3546832838953856e-6,-1.2791519375978879e-5,7.669440824622199e-4,-3.861058435644596e-5,1.3281091521168383e-4,-6.308051072501152e-5,-6.97675108899392e-6,4.477901630012741e-5,4.247335649961718e-4,5.817405653139765e-4,-5.09128724289229e-6,3.2719791166074906e-6,-5.897637733269524e-7,-1.0753089246186937e-5,-1.492930840802106e-5,-2.3208524526046733e-7,-6.702846223184545e-7,-4.077941804326952e-5,-4.6671069838784805e-4,-6.405365760616217e-4,-6.672520558461746e-6,-4.6668898573164914e-6,5.448391549588764e-6,1.8210637585104918e-5,3.43879509527318e-5,1.0589020400545768e-5,4.462553845424702e-6
-0.003752181473328329,-2.3939524449274657e-5,1.0723923066219995e-4,9.075709420585297e-5,-8.956346002498537e-6,9.294739075993835e-5,1.47949444713661e-5,2.7616829331826088e-5,1.0603546264105517e-4,7.77495864083592e-5,1.1038262291883777e-4,1.3433082405495388e-4,1.831286509750073e-4,-1.1865322953464995e-5,3.28787781333247e-4,-1.0516547989316462e-6,-4.7125609969021526e-8,1.985271318758211e-5,-1.127021990684037e-5,-3.5955397901215066e-5,3.998355732080022e-4,-1.681817427613757e-4,4.863195406799026e-4,4.336529266289474e-5,-4.319084380998267e-5,5.610857861762044e-6,-1.7781792330579726e-6,6.29318676391109e-5,0.0016573012965303661,3.8417801315078394e-5,-4.2826120991028396e-4,1.4273549992643327e-5,8.013108279659332e-6,3.8825472822130185e-6,1.3314663993712196e-5,-8.527629939194996e-6,-1.0099168664378424e-6,-5.070816976752585e-6,1.262617405776011e-5,4.904948257691432e-4,-1.6623576597748412e-5,-2.471393645489126e-4,1.0617672260221519e-4,-2.672867489723175e-6,9.6246973730649e-5,4.39018511249316e-5,-5.09128724327105e-6,4.0843704504708297e-4,3.498252299006077e-5,-2.1668962109087494e-6,1.7756449236226291e-7,8.917979474162504e-7,-1.3258578360382522e-5,-1.289797983701401e-6,-1.0357323303373583e-4,-7.995460306584936e-5,1.3418076309869084e-5,-4.507487073746873e-4,-6.972789065436885e-5,-8.601327280144489e-7,3.842838184223321e-6,-1.0238964700940848e-6,1.0625811240295155e-5,5.290164321176927e-6
-0.0010873033723669927,-7.870467039306464e-6,-9.530387683461955e-6,-1.238360514694478e-5,7.990392250595365e-5,5.313525671317549e-7,-1.802105656041334e-5,-1.5129177095062635e-4,-1.915544587292369e-4,-1.8953783372734303e-4,-1.0373799344234774e-4,-7.324715520976283e-5,-4.0564466133975995e-5,2.472576110481663e-5,-1.901485218396648e-4,-1.5914691333547288e-6,-8.796978680667968e-9,-3.968267206938757e-5,-4.320213190488088e-6,2.1899147424584115e-5,2.4188403127955354e-4,-9.369828135779876e-5,0.0023399693405072707,-2.2404253541065022e-5,-7.651809396224913e-5,-3.0162335727287984e-5,2.039186688662485e-5,3.1452463387288674e-5,4.116328516370076e-4,-6.488819006825456e-6,-1.6194376719380176e-4,5.492114665791343e-6,-5.804287563029831e-6,2.52957890205889e-6,9.106730683477212e-6,-1.2657302355755094e-5,2.588922149056318e-6,-5.571355348503431e-6,1.2246470315394963e-5,2.2264224153626202e-4,2.925789221209225e-5,1.8464965829462457e-4,1.0767084646948097e-4,-2.937908277453341e-6,-2.2781039051393576e-5,-3.9813922980209995e-5,3.2719791166702506e-6,3.498252299002758e-5,5.550047814507116e-4,4.989008324302639e-7,1.6696708697034835e-6,9.786231188955381e-7,-1.2645983248679595e-6,-1.4924442403539189e-5,3.8792547347237965e-5,6.4951030844062426e-06,6.4416062636655865e-6,-6.73549365553777e-5,-6.442431282083234e-4,-7.83080401770767e-6,-1.2402537347100115e-5,-1.3168804903987345e-5,1.3218433942647223e-5,1.9088970913577185e-5
-1.8255658798440202e-5,1.1395375061296792e-6,8.384216155232559e-7,2.8674698381365893e-6,3.8567674343957815e-6,1.242155086034152e-6,2.0560493604213305e-6,9.110407752201458e-7,-7.721608453981644e-7,-8.639061645515124e-7,-1.0356846487800825e-6,7.672780084134432e-7,-5.287000538798617e-7,1.2963963621509459e-6,-3.630835239382277e-5,1.921363030070489e-7,-1.4602716146098477e-9,7.633035613687329e-7,-1.9634168089822732e-8,7.564740653447814e-8,1.8196550406661549e-6,-3.7222640217978197e-6,2.89139537828884e-6,2.298198011406652e-7,5.518806908695057e-7,-3.295764478574314e-7,6.088195035131425e-7,7.314041782220669e-7,-5.673437514584449e-6,3.277037148109187e-7,5.029466929552537e-6,-1.654076503614675e-7,-8.041376755576967e-9,-1.371644361841942e-7,3.857986999966724e-7,-1.5985759659017284e-7,8.383217251413699e-8,-1.9965352684663193e-7,5.188820441674147e-7,-8.464192504546858e-6,2.557723981352066e-7,4.941633208475113e-7,5.476900228351279e-6,1.1483153746990761e-7,-7.593118436768138e-6,-1.526120574533958e-6,-5.897637733272622e-7,-2.166896210909778e-6,4.98900832430284e-7,2.903431779934349e-7,3.455917403450644e-8,4.6692546037990765e-8,4.747391670034496e-8,-5.717129908408809e-8,8.694886456265597e-6,1.1154452203769905e-6,7.639224764099395e-7,2.401905399594814e-6,-3.8726282264131216e-7,-1.6411958014990847e-07,-4.092755212524071e-8,7.717195410687605e-8,-6.049218415290966e-7,2.8101634985811156e-7
-2.845298226812394e-6,-3.848304554908201e-6,-4.431098885863886e-6,-3.2516355114904435e-8,-1.0696996840293014e-6,-1.8060253200129637e-6,-4.7158249629500293e-7,-1.54892378511494e-6,-6.222861352577756e-8,-6.506942572030467e-7,-1.3842967761189484e-6,7.185921566161103e-6,4.603014841407215e-6,7.669696664549361e-7,1.6466515705699506e-6,6.353753953167299e-7,-7.664483337683331e-9,-3.1067037833540938e-6,-2.1465796552817468e-6,-4.247977742303218e-6,-3.5468680183252976e-5,-3.8639540147573005e-5,3.391472287660609e-6,-3.3601494497765087e-7,-4.84085109129841e-7,-3.390802147084649e-6,-7.084360284563822e-7,1.7368140649766208e-6,9.589133609001854e-8,7.304072061451114e-7,1.0057044700653647e-5,-3.353232265588684e-7,3.7975744102044493e-7,-5.2535231934497726e-8,1.0698828242116361e-7,-1.0959925572135822e-7,-1.1745055332008547e-11,-3.82529475636874e-7,3.602251009501256e-7,-1.1901687321211261e-5,3.801060781065753e-7,-2.5459316245417923e-6,5.086943821730019e-7,1.5952022927308601e-7,-4.348731697726942e-7,-1.310097035580098e-5,-1.0753089246195805e-5,1.7756449235956236e-7,1.669670869704727e-6,3.455917403437644e-8,5.763510475722634e-7,4.87118195728924e-7,-5.580484251557833e-8,-6.326349594239145e-8,3.253754803945906e-8,1.2124433294566806e-5,1.0800375428364201e-5,2.3515897428004458e-7,-1.3905724692826022e-6,-3.4579738458901935e-8,-3.7059985491559004e-7,-9.693566656220149e-7,3.024544035701344e-7,4.682807065558666e-7
-2.1572773500407794e-6,-9.010768510840278e-8,-7.238564311738204e-7,3.166295308298342e-6,3.3589020560106006e-6,2.6097962646844335e-6,4.960226860639439e-7,1.2976816685530863e-6,3.634194559227299e-6,1.6905865830450265e-6,2.113258456210845e-6,4.043109824632261e-6,5.11292588976495e-6,1.1611253076890844e-6,-1.104571976615447e-5,6.360759106326377e-7,-7.190247188262311e-9,-2.31598470030743e-6,-1.2396636472916243e-6,-4.763970972156241e-6,-8.25253359706238e-6,-7.285790189126676e-5,1.1114945627940839e-5,-7.305206552197596e-7,-5.343573650969706e-7,-2.6224210569306557e-6,-6.302942492008989e-7,1.3423490786555141e-6,2.558632161156916e-5,1.0615943657137167e-6,1.1423395077605378e-5,-3.7879217819291417e-7,4.805890354973593e-7,1.3495793054057097e-7,4.383765993124979e-7,-1.479858205272443e-7,-1.6924518208126265e-7,-4.876085982454898e-7,6.304529383168325e-7,-1.9420536042409476e-5,-2.927036839560753e-7,-1.132302609446822e-5,8.000459072871727e-6,4.1947764078375737e-7,-7.811367584073926e-8,-1.1215728632845054e-5,-1.4929308408047153e-5,8.917979474083505e-7,9.78623118894281e-7,4.6692546038032204e-8,4.871181957294339e-7,6.997004337828144e-7,-1.220281378054982e-7,-4.474625447725176e-8,9.630140305420335e-7,8.287029664046082e-6,1.6762912046507826e-5,-2.7030130443369015e-6,-1.72893988103299e-6,-2.087575066143953e-8,-6.450656197998968e-8,-1.250490750985919e-6,3.218000313618568e-7,4.0046832570378157e-7
1.6652925721651177e-4,-9.725944132538147e-7,-1.4665929161966025e-6,-4.591677419402091e-6,-2.3132960436959893e-6,-4.7061756041571246e-6,1.6284070670024268e-6,-1.2016831864480936e-6,-4.3567504656524955e-6,-2.1642824277430614e-6,-4.3957118296563766e-6,-1.4901114553704474e-6,-6.181535392047954e-6,3.5436120899806934e-7,3.953728733465857e-6,-2.776998581472988e-7,3.988109418217501e-9,1.3834523318213462e-7,1.8991469083006555e-6,3.127831798015776e-6,-3.81048011164163e-5,1.6612730208395414e-5,-3.070238212276561e-5,-1.6986625102500798e-6,2.5849548729022947e-6,1.8553347462421135e-6,1.4080504621368058e-7,-4.072249143521584e-6,-8.224357170252497e-5,-2.502287591376416e-6,1.5022733900826512e-5,-6.272264726586987e-7,-4.5578822285212085e-7,-3.1273600349101916e-7,-9.174741047603053e-7,3.313740746987011e-7,1.8312740241672885e-7,4.970347182716661e-7,-6.976236875746926e-7,-1.3906710756799406e-5,1.6013369818146003e-6,2.023269714070902e-5,-1.5088240118597684e-5,-8.283513035463674e-8,-3.963582175545226e-6,-1.1833064012320343e-6,-2.3208524526479234e-7,-1.3258578360386275e-5,-1.2645983248684855e-6,4.747391670032017e-8,-5.580484251526666e-8,-1.2202813780535398e-7,6.10697032120431e-7,9.709250319002146e-8,2.826348881529477e-6,5.0616896048980855e-6,-7.268944975213359e-7,1.6582891153292728e-5,3.654472407032085e-6,-3.5047466733746706e-7,-6.517747060529703e-7,3.8120591027904335e-7,-7.774297934004588e-7,-5.724786480640273e-7
8.016064013437275e-5,-2.0703740361715576e-6,-1.137592597971422e-6,-1.6405637348815537e-6,-4.388002799800653e-6,-2.821766562457112e-6,2.2126251583153434e-7,3.5466876624155525e-6,4.776719602849968e-6,5.127438880163703e-6,1.7575674727886293e-6,5.702082634550248e-7,-4.441218488030564e-7,-2.165410293683314e-6,2.3144329313939095e-5,-9.728987812179913e-8,1.8989515482320665e-9,1.1376743791695858e-6,9.399283451920379e-7,5.565840701585546e-7,-1.4525936808543666e-5,3.4937251069246444e-6,-7.357612305242337e-5,-1.7955721098612652e-7,3.3426245389878177e-6,9.964058091450066e-7,-3.234159913514809e-7,-1.991724338854583e-6,-2.0464709863110268e-5,1.0238120356560101e-7,5.241011443960224e-6,-2.6002079941026635e-7,1.2333351125085856e-7,3.3774397228425985e-8,-6.257468574833942e-7,3.270100819858695e-7,4.415753901332922e-8,2.079037522338946e-7,-7.975332995593829e-7,-4.98329546593024e-6,-6.776419981707539e-7,-1.2803306448402273e-6,-7.702334463084498e-6,4.222011453925394e-8,1.506785573643315e-6,8.372698875313162e-7,-6.702846223233897e-7,-1.2897979837018758e-6,-1.4924442403538992e-5,-5.717129908409596e-8,-6.32634959422906e-8,-4.474625447720356e-8,9.709250319006256e-8,5.523364657618953e-7,-3.505219380402356e-6,9.185414262065479e-7,2.799837560097379e-7,2.687137781652424e-6,1.7509007130363602e-5,2.9693637952754764e-7,-9.472610513405159e-8,2.832209216911198e-7,-1.534548527073518e-7,-8.403873907574314e-7
-0.00182165383790028,6.592609123996386e-5,-1.6077126027424084e-5,1.242399804926667e-4,1.619781789158431e-4,1.1885339742604838e-4,7.891758055364395e-5,4.9244864281443585e-5,-8.816528558399145e-5,-1.1686653161146506e-5,-4.659957076894289e-5,-2.328938394037887e-7,-6.373352846868294e-5,2.5832648444774905e-5,-0.002147244747269921,2.8569663416117646e-6,-2.540188562136374e-8,2.272780137324728e-5,2.84714280658571e-5,2.6256323428214905e-5,-7.541465742274795e-5,3.453804888753491e-4,9.783188125009482e-5,4.585720749206336e-5,3.779088790771243e-5,3.555562057696317e-5,2.251205350141984e-5,-2.9937708886136947e-5,-6.002070848048898e-4,1.5772481560298593e-5,2.2129995599152812e-4,-6.4975005416134215e-6,-1.555706419764335e-6,-9.46170570509431e-6,1.07763896314042e-5,6.78250823013357e-6,2.4863598645038306e-6,7.054060525370791e-7,2.5803735734741194e-5,-3.049036900082692e-4,9.118946782379121e-6,1.0534808760611991e-5,2.1492054366076268e-4,-4.8226458662284096e-6,-2.765647123813376e-4,-5.100475603865183e-5,-4.077941804320263e-5,-1.0357323303374222e-4,3.879254734723407e-5,8.69488645626673e-6,3.253754804118792e-8,9.630140305385448e-7,2.826348881529528e-6,-3.505219380401844e-6,4.1437264434072545e-4,5.1183577809980324e-5,-3.802221726499307e-6,1.3951457667662703e-4,-2.2742129523692604e-5,-7.69514991415084e-6,1.8944591010222876e-6,4.263256901555021e-6,-2.9965472975866e-5,-1.5554405469197925e-6
0.006893698601999023,-2.0666817267346675e-4,-1.8058207360986924e-4,-3.8278984530421444e-5,-5.8459228225835004e-5,1.675148353143304e-5,-3.165382463231006e-5,-4.742872860622046e-5,-5.730443897516886e-5,-4.342388036438269e-5,-1.981097368176805e-4,1.4188344376430683e-4,-6.737316383434578e-5,-4.184180689543337e-5,-2.9094624172912205e-5,-1.0773191717448633e-5,6.697457890168547e-8,3.6871898321939425e-5,5.2920127486520975e-5,-4.353832486873009e-5,-0.00670250223055445,-0.004612956718914069,-4.4637118374846944e-4,8.882694371154945e-5,8.763908774332501e-5,1.7412693448047174e-4,5.0366699036780845e-05,3.4702572818412916e-5,-6.282723137607144e-4,5.7291006691720756e-5,5.325690083197292e-4,-1.5480825260080637e-5,-3.089872197937256e-6,-9.772207185077218e-6,-9.000778241116865e-6,8.118593869912322e-6,1.0052994917643246e-5,3.4589507883427507e-6,-1.7097693065689734e-5,-9.322942947323266e-4,7.8860147084126807e-05,2.3414546085743343e-4,-2.1382821799799856e-4,-1.231983668611604e-6,-6.387683757708643e-5,-5.75690227790154e-4,-4.667106983892794e-4,-7.995460306635253e-5,6.495103084416751e-6,1.115445220379966e-6,1.2124433294579567e-5,8.287029664046419e-6,5.061689604888653e-6,9.185414262036045e-7,5.11835778102532e-5,0.001096689810817455,8.193269446543193e-4,1.0725453473202229e-4,4.225578759803323e-5,-4.957622707527038e-6,-2.6718353482009502e-5,-1.6740598356858906e-5,-3.3296962491296734e-5,-9.86496212669627e-6
0.008471937716896725,-2.0292248528007942e-5,9.641146720962583e-6,-3.3813743614057195e-5,-1.9903515384423333e-5,6.295030876582921e-5,-9.884933073212467e-6,2.5336162769073274e-5,6.316832985189213e-5,-1.0243665162274694e-6,-1.2671259253820455e-4,8.320574033597543e-5,7.771680043106945e-5,2.3607282179691918e-5,8.392794512457027e-5,-8.884243812827525e-7,-4.347426698106601e-8,2.5570330789194915e-5,3.454322461820593e-5,-9.440020071765416e-5,-0.004759853693078818,-0.007050279700898158,-1.1242204940985541e-4,4.423149327010889e-5,1.4282227265248068e-5,1.0805470425810986e-4,1.472215232632177e-5,3.1163957483460986e-5,5.819045641259599e-4,4.743778933360713e-5,4.721366719260574e-4,-1.0741672641195419e-5,1.2833787466856807e-5,-8.131932197797596e-6,-1.776059134780995e-6,-5.333950335764016e-6,3.3072738257701638e-6,-5.095647437105383e-6,-5.669992429364666e-6,-0.0012205087253573349,5.8931134838259036e-5,-3.381502628753644e-4,1.7467533597696218e-4,1.2779453099247704e-5,-1.0643284923358673e-5,-4.6536860973510216e-4,-6.405365760633634e-4,1.3418076309453262e-5,6.44160626363754e-6,7.639224764051645e-7,1.0800375428390651e-5,1.676291204651455e-5,-7.2689449753652e-7,2.7998375600671206e-7,-3.802221726547276e-6,8.193269446549017e-4,0.0011740271711198874,-6.733205362254157e-5,1.2921091346365876e-5,4.983632920880732e-6,-1.0513931911748339e-5,-4.226114151980737e-5,-1.4589840970676096e-5,4.206437997998971e-6
0.005467816545389373,-3.4458152150965236e-5,-2.5788972807083384e-4,-2.0168769235007967e-4,-1.3659378100769733e-4,-2.3002119036112857e-4,-5.7412848116711096e-5,-4.467527871073138e-5,-2.1918156108162142e-4,-1.7971670825927185e-4,-1.925510964571794e-4,-1.081120123089348e-4,-2.252575445758066e-4,-6.321301488155436e-5,-3.514987302621105e-4,-6.0857246414317835e-6,8.89061229184459e-8,-5.1020938020393066e-5,5.756777680626497e-6,4.047242302335652e-5,-6.787118003823878e-4,8.865598522455762e-4,-0.0011462169670234752,-1.372160467166175e-5,7.311072850722157e-5,1.4788881631355863e-5,4.502011191424943e-6,-1.0087936873552052e-4,-0.004304411480347146,-2.1226129333929345e-5,4.998967867184499e-4,-1.7469190576513495e-5,-1.246318501794301e-5,-8.655838902357692e-6,-2.882317460210299e-5,1.547880795800888e-5,6.225823716713591e-7,1.5949486696687085e-5,-5.848642495672715e-6,-6.58132840965665e-4,5.7172000734718886e-5,6.749280285465728e-4,-3.018922443027593e-4,-7.942309129661743e-6,-1.3381068322654348e-4,-4.584676923375355e-5,-6.672520558650167e-6,-4.507487073749291e-4,-6.735493655533921e-5,2.401905399594667e-6,2.3515897429150565e-7,-2.703013044330271e-6,1.6582891153298204e-5,2.687137781648329e-6,1.3951457667665855e-4,1.0725453473219749e-4,-6.733205362217877e-5,7.576208528186718e-4,1.5978054584488849e-4,-1.2406910989792462e-5,-1.2262168832686164e-5,8.160059265015894e-6,-3.1976555100432193e-5,-1.5397606085598567e-5
0.002524944253507665,-5.975582724546202e-5,-7.345832249115024e-5,-7.35039538220943e-5,-1.4247884214843245e-4,-5.629820596600444e-5,-3.215966067228267e-5,6.676175702421066e-5,8.487638282661052e-5,1.305091544038738e-4,7.792009758019128e-6,9.42086756068161e-5,9.977351188534299e-5,-8.139355195376793e-5,1.3833116937918443e-4,1.066824739342162e-6,-2.484062243866065e-9,2.3115583596438236e-5,-2.2759839664374573e-5,-4.5327512854843786e-5,-7.104773003702985e-4,-7.458616687560976e-5,-0.00433663063441869,2.5086509950530344e-5,1.4208766823744042e-4,7.178588235693501e-5,-1.564039890134377e-5,-7.205607210263228e-6,-0.0011420028548532776,3.397567661908465e-5,2.5590190249410544e-4,-8.642106947920981e-6,3.3382377174508545e-6,-2.2826995505062932e-6,-1.2007609009447277e-5,2.3395716318101103e-5,1.264826106027074e-6,9.063793999944417e-6,-2.041389224731683e-5,-4.3791760967369734e-4,-7.169109891111768e-6,-6.640168712776269e-5,-1.739943340834914e-4,-4.300353049216483e-6,1.0739791369477896e-5,3.031697601460286e-5,-4.6668898572963685e-6,-6.972789065430782e-5,-6.44243128208304e-4,-3.872628226418523e-7,-1.3905724692838459e-6,-1.7289398810369268e-6,3.654472407029886e-6,1.7509007130364138e-5,-2.274212952371616e-5,4.225578759794199e-5,1.292109134622734e-5,1.5978054584491003e-4,9.11491581091867e-4,2.977760240595855e-6,1.3301745937869518e-5,1.6559419667402604e-5,-2.8218642626590742e-05,-4.9888317623921545e-6
-5.699774323231136e-4,2.1366037225302124e-5,4.761588674137778e-6,1.4978472990764212e-5,3.685887732408088e-5,2.546872506558223e-5,2.2145261088594018e-5,2.2284261547054053e-5,1.6216024182864436e-5,5.046986993700287e-6,8.302035703500657e-6,-6.176780103109019e-6,1.0460503479883993e-5,9.651137924532902e-6,-5.66963144060989e-5,-8.22417447291383e-9,-1.2396349922415169e-9,7.597659334929578e-6,4.797031342593314e-7,2.0873987493734148e-7,1.519727486296311e-5,-9.93831074691511e-5,3.179097968135944e-5,-3.399734412803368e-6,7.755950720069855e-7,3.946280755308067e-6,7.272923916734551e-6,4.83034765916182e-6,1.2836894951284114e-4,5.1097726692309855e-6,-4.097055271114411e-6,4.301804490353988e-7,-7.613625525033102e-8,-2.8548875903555796e-7,2.5468231402286044e-6,2.5733018194156043e-6,5.072691265597365e-8,-1.3412975309139557e-6,1.2384254478090934e-6,1.1677641764756385e-5,-1.1572812593902136e-5,-4.414231301036695e-5,-2.3837284008183123e-5,1.2473228548503137e-6,1.2356238053403667e-5,3.333294839350778e-6,5.448391549587677e-6,-8.601327280135777e-7,-7.830804017707763e-6,-1.6411958014979974e-7,-3.457973845894746e-8,-2.087575066141499e-8,-3.5047466733746796e-7,2.969363795275655e-7,-7.695149914148837e-6,-4.957622707527191e-6,4.983632920880909e-6,-1.2406910989792804e-5,2.977760240596046e-6,1.7841256367714727e-5,1.9174664250920123e-6,-1.3955922523894777e-6,4.791164807594926e-6,-3.713515875615923e-6
-7.144669568821635e-4,3.89724908607501e-5,2.094960556264112e-5,1.3717732405509022e-5,1.0862611236069326e-5,1.3174119775014601e-5,-1.372216170772245e-5,6.349232770639774e-7,-5.381171544437413e-6,-1.3436231566256237e-5,7.920067504198824e-6,-1.4604339304211241e-06,1.372070654481711e-5,1.0548203485554568e-5,-6.049260336608328e-5,2.2338926528905805e-6,-2.0324728004041172e-8,-7.835778696061744e-6,-1.2022671831287984e-5,-6.46198678275941e-6,1.0202560729292457e-4,-8.445727497459415e-5,-3.3151134825482445e-5,-1.3460057337773525e-5,-3.330652306357672e-7,-1.645662046119387e-5,-1.1825331392024756e-5,5.099231490719162e-6,1.2842188694501926e-4,3.91279586611867e-6,-8.87656014837448e-6,9.38055230366042e-7,1.9638348276066626e-7,1.251084402363942e-6,1.4722680730387725e-6,-1.5460230792658819e-7,-1.318028249477348e-6,-3.1039478071731817e-8,4.411923790691112e-6,3.152402821089174e-5,-2.31921574663246e-5,-5.352289350137007e-5,4.7917369103423934e-5,-1.7250637443187184e-6,5.318495668513125e-6,1.7911624731450208e-5,1.8210637585129136e-5,3.842838184220377e-6,-1.2402537347097896e-5,-4.092755212519278e-8,-3.705998549167074e-7,-6.450656198033402e-8,-6.517747060527568e-7,-9.472610513405574e-8,1.8944591010200465e-6,-2.6718353482063733e-5,-1.0513931911782222e-5,-1.2262168832666926e-5,1.3301745937862441e-5,1.9174664250920055e-6,3.284288257903543e-5,2.2550243100995283e-5,5.17315692256652e-7,3.3455382395071918e-6
-9.090799270393583e-7,2.128768136989632e-5,2.50319695383665e-5,-1.5094272214317127e-5,-1.2263972926036435e-5,-8.411573286835111e-6,-1.8660976117127792e-6,-4.5202528697724015e-6,-1.4388303214059446e-5,-1.163052857005525e-5,-1.554023147063308e-5,-3.367451903308414e-5,-2.9629196128907423e-5,-3.020329346167851e-5,-1.887902166082984e-5,-2.316310566427414e-6,2.4177025215711135e-08,9.73668199437716e-6,5.724945048879915e-6,1.6180723386169163e-5,-1.170388166736111e-5,1.5613007491857193e-4,-6.479225493533379e-5,6.08846869564738e-6,1.1243148854090236e-5,8.279840167793882e-6,-2.9362884952485563e-6,-4.424099872932646e-6,-8.161876919422934e-5,9.01370147330694e-6,-1.1146820769312055e-5,5.842354235420748e-8,-1.0263559969718611e-6,-1.7807640954447993e-6,-3.0617312257637534e-6,2.5300927685334577e-6,2.5273801807368325e-6,3.3057297145758587e-6,1.9276669858451315e-6,-6.2778552138382845e-6,-2.234482133533693e-5,7.238745072713351e-5,3.9594208508481745e-6,-3.998336463710226e-6,-2.8848740643392787e-6,2.402695208760649e-5,3.438795095273249e-5,-1.0238964700919746e-6,-1.3168804903987615e-5,7.717195410701796e-8,-9.693566656224096e-7,-1.2504907509856366e-6,3.8120591027909423e-7,2.8322092169122057e-7,4.263256901554613e-6,-1.674059835687357e-5,-4.226114151981048e-5,8.160059265027215e-6,1.6559419667399375e-5,-1.3955922523895217e-6,2.255024310099436e-5,3.5916619286165005e-5,-3.919897417813902e-6,-2.4742586573757015e-6
-2.173239301313773e-4,2.2832250891198023e-5,3.185878714411818e-5,1.8471083440353622e-5,1.692153065249861e-5,1.8510860599181376e-5,2.7237159914126436e-5,1.2506659447356607e-5,3.3293387702228836e-5,8.33183916181342e-6,2.244168637114249e-5,2.6810786091253905e-5,1.7402213926724375e-5,2.9315928322324983e-5,1.1375741085363257e-4,1.3614499126969163e-6,-9.896784310469642e-9,9.272182394404703e-6,9.434325887922686e-6,6.606012248414535e-6,2.472589259683772e-4,4.022371699887943e-5,1.768020228822661e-4,-9.299921188345795e-6,-1.558036527148257e-5,-1.806554496265849e-5,-1.2669058056852567e-5,2.6234214882011764e-7,1.9567193907971735e-4,-5.670144925290176e-6,-3.763982924369246e-5,1.2321044978151698e-6,3.9881923899735225e-6,-2.6073118446264336e-6,-3.8695079026224136e-7,6.725947995566476e-7,1.7842737466904865e-6,-2.4104837254813644e-6,-1.6675865351620655e-7,4.181450749077553e-5,-2.2763445071437572e-5,-1.740135306733872e-5,2.981831368363409e-5,6.927670603790856e-7,2.3499736639740197e-5,8.634488772714374e-6,1.0589020400548799e-5,1.06258112403009e-5,1.3218433942647008e-5,-6.049218415291226e-7,3.024544035699434e-7,3.21800031361613e-7,-7.774297934005561e-7,-1.5345485270740903e-7,-2.9965472975867034e-5,-3.329696249131184e-5,-1.4589840970684045e-5,-3.197655510043578e-5,-2.8218642626590874e-5,4.79116480759491e-6,5.173156922564805e-7,-3.919897417814009e-6,2.555908551461447e-5,2.520847463206111e-6
2.9321766483514712e-5,-3.0539987851146934e-6,-2.9222064971677993e-5,-3.26137178979399e-5,-4.3890448995432104e-5,-6.27369325031197e-5,-7.097929382979737e-5,-6.487617423397583e-5,-6.874448498616796e-5,-7.636787004983981e-5,-6.729677056268668e-5,-3.0448666406181215e-5,-1.0133419556994921e-5,-4.6819056046054455e-5,2.6976140537929578e-5,3.3326351124343373e-6,-3.880828551936817e-8,-3.613767420668731e-6,-8.340253075574282e-6,-9.669825262659847e-6,1.1659531073521431e-4,-9.72627578458609e-5,-1.0961049992259586e-4,-6.220133601117245e-6,-1.8406910275482364e-5,-6.99722526221272e-6,-5.758189677646369e-6,2.1055897200755046e-5,1.4433259814026312e-4,6.483040981748063e-7,-9.275706216733967e-6,9.461519184091926e-7,1.432136136544904e-6,7.185782877532226e-7,1.0942659374134641e-6,8.819238961634238e-9,2.2046078094579635e-7,-1.871364428167372e-6,-5.150384090369212e-6,4.79378454132537e-5,2.8880341704503934e-7,-8.124395423218445e-5,1.0209451333903541e-4,-1.8158500880371573e-6,-1.6799565710368956e-6,-3.72085684523264e-6,4.462553845429578e-6,5.290164321179509e-6,1.9088970913579235e-5,2.810163498581053e-7,4.6828070655579446e-7,4.0046832570376145e-7,-5.724786480641555e-7,-8.403873907573762e-7,-1.5554405469199677e-6,-9.864962126696665e-6,4.206437997995787e-6,-1.539760608559946e-5,-4.988831762392028e-6,-3.7135158756159215e-6,3.3455382395072528e-6,-2.4742586573756375e-6,2.5208474632062356e-6,2.8083457627831085e-5
