level,term,group,estimate,se
country_year,(Intercept),Afghanistan_2017,0.03970787841289001,0.048823917960634566
country_year,(Intercept),Afghanistan_2018,-0.008357705167051395,0.04877378166773567
country_year,(Intercept),Afghanistan_2019,0.014872513914604832,0.04847865405888259
country_year,(Intercept),Afghanistan_2021,-0.06130916260520391,0.04907529784501032
country_year,(Intercept),Albania_2017,0.04420620693773115,0.042499932360335696
country_year,(Intercept),Albania_2018,-0.0015110699382709465,0.042638436428953284
country_year,(Intercept),Albania_2019,-0.05179496232164756,0.04218102751643415
country_year,(Intercept),Albania_2020,0.10503278778081454,0.04294644308268448
country_year,(Intercept),Albania_2021,-0.010151000659364457,0.042519244348754405
country_year,(Intercept),Albania_2022,-0.1282538259677624,0.04258308801533674
country_year,(Intercept),Argentina_2017,0.009826812150497721,0.04248126663462257
country_year,(Intercept),Argentina_2018,0.011839229435148755,0.042495850515474116
country_year,(Intercept),Argentina_2019,-0.040250539201730724,0.04210561012982817
country_year,(Intercept),Argentina_2020,0.043876043738028225,0.042476424718938144
country_year,(Intercept),Argentina_2021,0.022838352280465313,0.04233552399146532
country_year,(Intercept),Argentina_2022,-0.06020603428309861,0.04241906552884482
country_year,(Intercept),Armenia_2017,-0.09785605400490495,0.04595799828397566
country_year,(Intercept),Armenia_2018,-0.023458996531106925,0.04580600615936204
country_year,(Intercept),Armenia_2019,0.11556346215885344,0.04558894670920697
country_year,(Intercept),Armenia_2021,-0.0013797627242660075,0.046239677400172284
country_year,(Intercept),Armenia_2022,-0.029406330443022002,0.04579589080480443
country_year,(Intercept),Australia_2017,-0.009742428738166872,0.04252141224943452
country_year,(Intercept),Australia_2018,0.025415543360296125,0.042570818271406206
country_year,(Intercept),Australia_2019,0.05994117654067186,0.04237435975597633
country_year,(Intercept),Australia_2020,-0.01756890692236813,0.042444390839440606
country_year,(Intercept),Australia_2021,0.054380721333823406,0.042492241366560185
country_year,(Intercept),Australia_2022,-0.08090347775290936,0.042416131122262536
country_year,(Intercept),Austria_2017,-8.572303181352147e-4,0.04236518316040704
country_year,(Intercept),Austria_2018,0.00940380098160418,0.042523889318604555
country_year,(Intercept),Austria_2019,0.030943955942071086,0.04225160060730222
country_year,(Intercept),Austria_2020,-0.09283736738878899,0.042160293140970674
country_year,(Intercept),Austria_2021,0.024504874805270072,0.04220766925252373
country_year,(Intercept),Austria_2022,0.06985816513525794,0.04228285427784014
country_year,(Intercept),Azerbaijan_2017,-0.01155803600469882,0.055299317067028286
country_year,(Intercept),Azerbaijan_2018,0.03492106561661256,0.05523229719835226
country_year,(Intercept),Azerbaijan_2019,-0.007882852633393354,0.055260547823824814
country_year,(Intercept),Bahrain_2017,0.05705393689856548,0.083509208924376
country_year,(Intercept),Bangladesh_2017,-0.0820564417079343,0.044914959786603474
country_year,(Intercept),Bangladesh_2018,-0.03950017393419912,0.044761906486755154
country_year,(Intercept),Bangladesh_2019,-0.0536955527932793,0.04227658417417141
country_year,(Intercept),Bangladesh_2020,0.07302535999427812,0.04509385929366809
country_year,(Intercept),Bangladesh_2022,0.1419501385888902,0.043038176230839234
country_year,(Intercept),Belarus_2017,-0.0196702096524234,0.05504276530937725
country_year,(Intercept),Belarus_2018,-0.04037334450231787,0.055392994437096936
country_year,(Intercept),Belarus_2019,0.016892586796707368,0.05517091219382202
country_year,(Intercept),Belgium_2017,-0.17366713275826565,0.0423951199700636
country_year,(Intercept),Belgium_2018,4.942076925934383e-4,0.0425544044056116
country_year,(Intercept),Belgium_2019,0.15594318665851092,0.042535645496698145
country_year,(Intercept),Belgium_2020,-0.20262428864846463,0.042512403400662147
country_year,(Intercept),Belgium_2021,0.12217875306326158,0.046741450841198205
country_year,(Intercept),Belgium_2022,0.1057607934128158,0.04140119161213865
country_year,(Intercept),Benin_2017,-0.0092282710825148,0.042917019846669874
country_year,(Intercept),Benin_2018,0.1084876997170921,0.04278930555315877
country_year,(Intercept),Benin_2019,0.013422138749221733,0.04232152765325314
country_year,(Intercept),Benin_2020,0.07234012978814532,0.04233499201911119
country_year,(Intercept),Benin_2021,-0.14747466588329444,0.042478814256518733
country_year,(Intercept),Benin_2022,-0.02550155493925303,0.04231259437298171
country_year,(Intercept),Bolivia_2017,-0.03919099477873516,0.045013646430569446
country_year,(Intercept),Bolivia_2018,-0.020137888897909965,0.0452375103526617
country_year,(Intercept),Bolivia_2020,0.052184451804803945,0.04316475288209059
country_year,(Intercept),Bolivia_2021,-0.010393625531989078,0.04507045272148942
country_year,(Intercept),Bolivia_2022,0.01890431942853512,0.04535199426901581
country_year,(Intercept),Bosnia and Herzegovina_2017,-0.17313018617617837,0.043113792794538475
country_year,(Intercept),Bosnia and Herzegovina_2018,-0.006200014298170594,0.0435478939099297
country_year,(Intercept),Bosnia and Herzegovina_2019,-0.012755366555974076,0.04276610758418342
country_year,(Intercept),Bosnia and Herzegovina_2020,0.07477984466715615,0.042812977724329356
country_year,(Intercept),Bosnia and Herzegovina_2021,0.09343233695794118,0.042818239915072956
country_year,(Intercept),Bosnia and Herzegovina_2022,-0.034710457316120845,0.04289308208434691
country_year,(Intercept),Botswana_2017,0.10080350516958131,0.049138496771644426
country_year,(Intercept),Botswana_2018,0.0016107785703916152,0.04950841494191594
country_year,(Intercept),Botswana_2019,-0.034917194432697744,0.049414037626557716
country_year,(Intercept),Botswana_2022,-0.07413421783942539,0.04968550148479598
country_year,(Intercept),Brazil_2017,-0.12197372000986056,0.042222548800902475
country_year,(Intercept),Brazil_2018,-0.09451929551098158,0.04243346759525745
country_year,(Intercept),Brazil_2019,-0.05532814878207065,0.03921246212372522
country_year,(Intercept),Brazil_2020,0.07379310523362104,0.04230662634798799
country_year,(Intercept),Brazil_2021,0.1517882872168088,0.04219971070240844
country_year,(Intercept),Brazil_2022,0.05762010155552383,0.04224097884882384
country_year,(Intercept),Bulgaria_2017,0.02420667022966671,0.04323792135396115
country_year,(Intercept),Bulgaria_2018,-0.03237483872924907,0.04366152073483263
country_year,(Intercept),Bulgaria_2019,-0.11498817580479354,0.042980536836205174
country_year,(Intercept),Bulgaria_2020,0.10841076918606955,0.04258899168392758
country_year,(Intercept),Bulgaria_2021,0.09851519064076644,0.042736267026256
country_year,(Intercept),Bulgaria_2022,-0.10074503182438323,0.043250229664576874
country_year,(Intercept),Burkina Faso_2017,-0.06277713220428648,0.04938969167473087
country_year,(Intercept),Burkina Faso_2018,0.02268079219983773,0.04929851932246748
country_year,(Intercept),Burkina Faso_2019,0.0503609393788212,0.04905034543795473
country_year,(Intercept),Burkina Faso_2021,-0.002061574901592778,0.04742795276227631
country_year,(Intercept),Cambodia_2017,0.05650351533649197,0.04083378229242824
country_year,(Intercept),Cambodia_2018,0.06505000630493862,0.0423327281187532
country_year,(Intercept),Cambodia_2019,0.04215102226375415,0.04246635735493171
country_year,(Intercept),Cambodia_2020,-0.12729123213677793,0.042525950962053805
country_year,(Intercept),Cambodia_2021,-0.031631113946849664,0.042623333750771576
country_year,(Intercept),Cambodia_2022,0.010325892602392025,0.042250609027763564
country_year,(Intercept),Cameroon_2017,0.00839284278471461,0.04279695256182974
country_year,(Intercept),Cameroon_2018,0.05546290611233101,0.04291269205269392
country_year,(Intercept),Cameroon_2019,-0.044664517828914896,0.04247855975183253
country_year,(Intercept),Cameroon_2020,-0.07401960612913518,0.04244094295522133
country_year,(Intercept),Cameroon_2021,-1.9191118054759005e-5,0.04254583993827725
country_year,(Intercept),Cameroon_2022,0.056876872830996586,0.042575255544912705
country_year,(Intercept),Canada_2017,0.0727774962251801,0.042225410325887815
country_year,(Intercept),Canada_2018,0.07145918509821217,0.04219029757686041
country_year,(Intercept),Canada_2019,0.041919532519777154,0.04205499495543614
country_year,(Intercept),Canada_2020,-0.06343939002705042,0.04225657536962492
country_year,(Intercept),Canada_2021,-0.020269822216433267,0.04228816113889505
country_year,(Intercept),Canada_2022,-0.06892887497135528,0.042225410325887815
country_year,(Intercept),Central African Republic_2017,0.016802228252995995,0.08352226016046664
country_year,(Intercept),Chile_2017,-0.03243442593032927,0.04483728206759093
country_year,(Intercept),Chile_2018,-9.358029011079498e-4,0.045026184506636646
country_year,(Intercept),Chile_2020,-0.007386306249411019,0.043004849785979876
country_year,(Intercept),Chile_2021,0.018035656675807525,0.04499750473610416
country_year,(Intercept),Chile_2022,-0.020272371774377445,0.04500157719344076
country_year,(Intercept),China_2017,-0.06647230038485229,0.045703827556919326
country_year,(Intercept),China_2018,-0.04757751603853515,0.04580541773865052
country_year,(Intercept),China_2019,0.09498146814684702,0.045749153494197156
country_year,(Intercept),China_2020,0.012954782765886273,0.045848017575931904
country_year,(Intercept),Colombia_2017,-0.07019517580267218,0.04252764866200045
country_year,(Intercept),Colombia_2018,0.01022407313047282,0.0427260937325842
country_year,(Intercept),Colombia_2019,-0.016370832765332004,0.042647886263072525
country_year,(Intercept),Colombia_2020,0.09418475064138979,0.0423081914995421
country_year,(Intercept),Colombia_2021,0.05104289897797426,0.042299290133193064
country_year,(Intercept),Colombia_2022,-0.06108031907837783,0.04250816948305446
country_year,(Intercept),Costa Rica_2017,0.003929341927195311,0.04510593430054619
country_year,(Intercept),Costa Rica_2018,0.06360109920932826,0.04506829880662615
country_year,(Intercept),Costa Rica_2019,-0.08106175559167161,0.04515720483121514
country_year,(Intercept),Costa Rica_2021,0.010846780317866303,0.04317928654212825
country_year,(Intercept),Costa Rica_2022,-0.00838492210560956,0.04501109860153797
country_year,(Intercept),Croatia_2017,-0.25300610804591545,0.04346497150718288
country_year,(Intercept),Croatia_2018,0.00978897081346213,0.043136233829265846
country_year,(Intercept),Croatia_2019,0.1310808718721868,0.042491665846981025
country_year,(Intercept),Croatia_2020,0.02242417111033921,0.042991347720516354
country_year,(Intercept),Croatia_2021,0.03706151606793244,0.04307150414959293
country_year,(Intercept),Croatia_2022,0.01883458929931347,0.04275450438622927
country_year,(Intercept),Cyprus_2017,0.19523942519582424,0.0428359685067927
country_year,(Intercept),Cyprus_2018,-0.05680043992432608,0.04000706459918557
country_year,(Intercept),Cyprus_2019,-0.09710026618021911,0.04003266697681379
country_year,(Intercept),Cyprus_2020,0.10084391856615894,0.04281789662543768
country_year,(Intercept),Cyprus_2021,0.10512927753915319,0.042331333395929455
country_year,(Intercept),Cyprus_2022,-0.2623526689965369,0.03999724015081128
country_year,(Intercept),Czechia_2017,0.027399702939499677,0.04549126425607363
country_year,(Intercept),Czechia_2018,0.061360527669459285,0.04592554687100746
country_year,(Intercept),Czechia_2020,-0.003548666396104976,0.04540590678943203
country_year,(Intercept),Czechia_2021,0.03152400948515366,0.04539273990155756
country_year,(Intercept),Czechia_2022,-0.07914827802626076,0.04538836930985594
country_year,(Intercept),Denmark_2017,-0.04683902974853848,0.04222427203070643
country_year,(Intercept),Denmark_2018,0.06675989778757976,0.04213746793271973
country_year,(Intercept),Denmark_2019,0.04528167801554422,0.04206206967281586
country_year,(Intercept),Denmark_2020,-0.014225029577135312,0.04225543908495067
country_year,(Intercept),Denmark_2021,0.005444861400617357,0.042309851963321904
country_year,(Intercept),Denmark_2022,-0.021864708450190923,0.04221544326126524
country_year,(Intercept),Dominican Republic_2017,-0.047072992058932527,0.042902153225750306
country_year,(Intercept),Dominican Republic_2018,-0.04327897911711852,0.042885658523367495
country_year,(Intercept),Dominican Republic_2019,-0.013003894774421557,0.04240828590964294
country_year,(Intercept),Dominican Republic_2020,0.1371754210132661,0.04250029811473674
country_year,(Intercept),Dominican Republic_2021,-0.05425078310376805,0.043168993923579105
country_year,(Intercept),Dominican Republic_2022,-0.005746385866783419,0.04315681988513169
country_year,(Intercept),Ecuador_2017,0.057907264507142064,0.0423811848500125
country_year,(Intercept),Ecuador_2018,0.04373058712618575,0.04297037224952747
country_year,(Intercept),Ecuador_2019,-0.018388449966385178,0.043068635243333084
country_year,(Intercept),Ecuador_2020,-0.03220116170241585,0.04289763781857145
country_year,(Intercept),Ecuador_2021,0.029452726206947288,0.04268598714316511
country_year,(Intercept),Ecuador_2022,-0.06357793178829392,0.04287566259556747
country_year,(Intercept),"Egypt, Arab Rep._2017",-0.27102797978512433,0.04228109046446271
country_year,(Intercept),"Egypt, Arab Rep._2018",-0.11130176822219001,0.04221607282818565
country_year,(Intercept),"Egypt, Arab Rep._2019",0.09366933284827103,0.0398452277782203
country_year,(Intercept),"Egypt, Arab Rep._2020",0.30140484828000264,0.04219327626954389
country_year,(Intercept),"Egypt, Arab Rep._2021",0.037726618759439015,0.042073864634425175
country_year,(Intercept),"Egypt, Arab Rep._2022",-0.08969591572522857,0.04197267930911084
country_year,(Intercept),El Salvador_2017,-0.11994108087931446,0.04268119870957779
country_year,(Intercept),El Salvador_2018,-0.06383896113737708,0.04268620930000628
country_year,(Intercept),El Salvador_2019,0.050881588323182986,0.04234540358410129
country_year,(Intercept),El Salvador_2020,0.12227913682394567,0.04266622794297094
country_year,(Intercept),El Salvador_2021,0.02368278711280657,0.04415917870525844
country_year,(Intercept),El Salvador_2022,-0.009680337933304578,0.04312903108144327
country_year,(Intercept),Estonia_2017,-0.050133435897328715,0.04336642282504561
country_year,(Intercept),Estonia_2018,-0.034682096527733824,0.044068888222550576
country_year,(Intercept),Estonia_2019,-0.04136949789336321,0.043582170126782595
country_year,(Intercept),Estonia_2020,0.023539818645107766,0.043035376466718414
country_year,(Intercept),Estonia_2021,0.05529169900156622,0.043024289604830075
country_year,(Intercept),Estonia_2022,0.05375007067837442,0.04310291258912192
country_year,(Intercept),Eswatini_2018,-0.016109540845623993,0.05480487667119446
country_year,(Intercept),Eswatini_2019,-0.018840190516409092,0.0546059464034342
country_year,(Intercept),Eswatini_2022,0.0443515394335861,0.05521507245972348
country_year,(Intercept),Ethiopia_2017,0.096282217426569,0.044775552905132965
country_year,(Intercept),Ethiopia_2018,0.04131669645231421,0.04476819093331213
country_year,(Intercept),Ethiopia_2019,-0.022488569213226516,0.04276375106748182
country_year,(Intercept),Ethiopia_2020,-0.04880932635832896,0.04511229980452099
country_year,(Intercept),Ethiopia_2022,-0.10065716442035276,0.04490908621826542
country_year,(Intercept),Finland_2017,0.061812652620759155,0.04207018205384516
country_year,(Intercept),Finland_2018,-0.09388707865155779,0.042107941004206624
country_year,(Intercept),Finland_2019,0.00641886989690416,0.042154958004221685
country_year,(Intercept),Finland_2020,-0.17838038070951223,0.042159280513815324
country_year,(Intercept),Finland_2021,0.057748782443831116,0.042154958004221685
country_year,(Intercept),Finland_2022,0.14517757623491698,0.042159280513815324
country_year,(Intercept),France_2017,-0.026741668993441915,0.042239532667073816
country_year,(Intercept),France_2018,-0.023277317784550503,0.0425207254687956
country_year,(Intercept),France_2019,0.012740860838310714,0.0422661986442119
country_year,(Intercept),France_2020,-0.062015673907676525,0.04219142759784733
country_year,(Intercept),France_2021,0.020732029058763722,0.04217848048539242
country_year,(Intercept),France_2022,0.11087213115202246,0.0422931726142194
country_year,(Intercept),"Gambia, The_2017",0.13610574858763122,0.04919123706620155
country_year,(Intercept),"Gambia, The_2018",0.034682455332246336,0.04908997352111177
country_year,(Intercept),"Gambia, The_2019",0.04359601433794609,0.0488924084834991
country_year,(Intercept),"Gambia, The_2022",-0.20903101019664905,0.049319029946629366
country_year,(Intercept),Georgia_2017,-0.09953772710436681,0.043521479278385386
country_year,(Intercept),Georgia_2018,0.025913811956244488,0.04360425580166103
country_year,(Intercept),Georgia_2019,-0.036978891617735474,0.04292463336447635
country_year,(Intercept),Georgia_2020,-0.008614660366852272,0.042536381318233396
country_year,(Intercept),Georgia_2021,0.01024023701559727,0.04293556690459558
country_year,(Intercept),Georgia_2022,0.030421334248867886,0.04290832000576152
country_year,(Intercept),Germany_2017,0.02242485667832555,0.042335962809870606
country_year,(Intercept),Germany_2018,0.04540413981786349,0.0425555055920935
country_year,(Intercept),Germany_2019,0.06897929005878856,0.04238201091479193
country_year,(Intercept),Germany_2020,-0.05563565227258032,0.042207323675339616
country_year,(Intercept),Germany_2021,0.03985359568513692,0.04215190891068064
country_year,(Intercept),Germany_2022,-0.09851972110825068,0.042694162573608814
country_year,(Intercept),Ghana_2017,0.13238782152362866,0.04319511437980659
country_year,(Intercept),Ghana_2018,0.08686175861885183,0.042457338403060554
country_year,(Intercept),Ghana_2019,-0.03321280275753206,0.04252247376651995
country_year,(Intercept),Ghana_2020,0.07828685967623589,0.04353424949706387
country_year,(Intercept),Ghana_2021,-0.0487012097658532,0.04279679642482449
country_year,(Intercept),Ghana_2022,-0.2040176423396658,0.042765348619094055
country_year,(Intercept),Greece_2017,-0.028165728245387274,0.04280497102985513
country_year,(Intercept),Greece_2018,-0.10290337702052989,0.04260483559805629
country_year,(Intercept),Greece_2019,-0.024957306981683764,0.042120563992989815
country_year,(Intercept),Greece_2020,0.08143756597151762,0.042438479909182036
country_year,(Intercept),Greece_2021,0.09296511451976866,0.04239629478940073
country_year,(Intercept),Greece_2022,-0.06506905149429405,0.042414951781796856
country_year,(Intercept),Guatemala_2017,0.019587351216142558,0.04902386299792792
country_year,(Intercept),Guatemala_2018,0.007409088369762141,0.049312234512818146
country_year,(Intercept),Guatemala_2019,0.00920317295098791,0.04951414917827922
country_year,(Intercept),Guatemala_2022,-0.0397984010914853,0.04923246285280925
country_year,(Intercept),Haiti_2017,0.028021881370263808,0.0660684144347228
country_year,(Intercept),Haiti_2018,-0.03674429558756125,0.06615362810159521
country_year,(Intercept),Honduras_2017,0.007671289462445596,0.04534263135374144
country_year,(Intercept),Honduras_2018,0.003119262688941303,0.04554200540231055
country_year,(Intercept),Honduras_2019,-0.02022309547021301,0.045792422368242915
country_year,(Intercept),Honduras_2021,-0.019256101299143336,0.046222662624363524
country_year,(Intercept),Honduras_2022,0.037069676902938026,0.0459782858026658
country_year,(Intercept),"Hong Kong SAR, China_2017",0.18023175566111696,0.04531014027555862
country_year,(Intercept),"Hong Kong SAR, China_2019",-0.1477793487355007,0.04590049368258007
country_year,(Intercept),"Hong Kong SAR, China_2020",-0.16412857221031465,0.04504556836678895
country_year,(Intercept),"Hong Kong SAR, China_2021",0.034778242168055765,0.045080182655700796
country_year,(Intercept),"Hong Kong SAR, China_2022",-0.03578724482898406,0.04496346014546736
country_year,(Intercept),Hungary_2017,0.025023295679341563,0.04273765179198473
country_year,(Intercept),Hungary_2018,0.014970404615696046,0.04298571279498459
country_year,(Intercept),Hungary_2019,0.04466474271128234,0.04246431318509718
country_year,(Intercept),Hungary_2020,0.012546735251449998,0.042732403013738054
country_year,(Intercept),Hungary_2021,-0.005680221151355826,0.04247373329653585
country_year,(Intercept),Hungary_2022,-0.0734066051661914,0.04250221786629854
country_year,(Intercept),Iceland_2017,0.029384826923079612,0.04942766891488467
country_year,(Intercept),Iceland_2019,-0.08258302103823545,0.049466389677240596
country_year,(Intercept),Iceland_2020,0.05698343333564946,0.04970821939693856
country_year,(Intercept),Iceland_2021,-0.07682451348879324,0.04968051501435427
country_year,(Intercept),Iceland_2022,0.05212900128779004,0.04959867755870919
country_year,(Intercept),India_2017,0.001951904848483489,0.0415764594248628
country_year,(Intercept),India_2018,-0.0169448893067647,0.04159139891270595
country_year,(Intercept),India_2020,-0.003708618255954291,0.040901378800084674
country_year,(Intercept),India_2021,0.06850989717966836,0.040901378800084674
country_year,(Intercept),India_2022,-0.01687578390172651,0.0414925492836771
country_year,(Intercept),Indonesia_2017,0.007760228037324344,0.04494286658722199
country_year,(Intercept),Indonesia_2018,0.07711426933464902,0.04483515675787614
country_year,(Intercept),Indonesia_2019,0.02514250118608866,0.042714431358969934
country_year,(Intercept),Indonesia_2021,-0.17738115567167967,0.042730280160243994
country_year,(Intercept),Indonesia_2022,0.06527010943754633,0.044736707719532816
country_year,(Intercept),"Iran, Islamic Rep._2017",-0.06742797759128537,0.04583793543942496
country_year,(Intercept),"Iran, Islamic Rep._2018",-0.03614401101313972,0.04499625275862742
country_year,(Intercept),"Iran, Islamic Rep._2019",0.0543795553584537,0.044850610934242
country_year,(Intercept),"Iran, Islamic Rep._2020",0.0173680547821301,0.04502291041929498
country_year,(Intercept),"Iran, Islamic Rep._2021",0.019523295825634692,0.044947694524751294
country_year,(Intercept),Iraq_2017,-0.06292018850117477,0.0451894332568464
country_year,(Intercept),Iraq_2019,0.019734974060315918,0.04292654492010874
country_year,(Intercept),Iraq_2020,-0.001713456825108801,0.04511906119610473
country_year,(Intercept),Iraq_2021,0.011385077309637004,0.04483668823411495
country_year,(Intercept),Iraq_2022,0.04902013998774734,0.044698781403462416
country_year,(Intercept),Ireland_2017,-0.05366669363981432,0.042235923016522146
country_year,(Intercept),Ireland_2018,0.024902209767686763,0.042294227017117776
country_year,(Intercept),Ireland_2019,0.047798997122535054,0.042330838663573775
country_year,(Intercept),Ireland_2020,-0.07881167982904276,0.0422671368770519
country_year,(Intercept),Ireland_2021,0.06112744197779453,0.04215326014372933
country_year,(Intercept),Ireland_2022,0.019182200582069615,0.04215326014372933
country_year,(Intercept),Israel_2017,0.025400661056199907,0.0451588774389997
country_year,(Intercept),Israel_2018,0.05443133584711988,0.04527335501188815
country_year,(Intercept),Israel_2020,-0.08320267590572218,0.04307688338115608
country_year,(Intercept),Israel_2021,0.004801714298931367,0.045332989886494715
country_year,(Intercept),Israel_2022,-0.0033835614444222826,0.045091428291179715
country_year,(Intercept),Italy_2017,-0.13449117040156647,0.04216068660976144
country_year,(Intercept),Italy_2018,-0.11826770787960703,0.042430932105631786
country_year,(Intercept),Italy_2019,0.039687452017153874,0.04201409356534726
country_year,(Intercept),Italy_2020,0.08278697739440605,0.04207993121180565
country_year,(Intercept),Italy_2021,0.022000148798569326,0.042038556693812644
country_year,(Intercept),Italy_2022,0.08471749094819178,0.042126335220730136
country_year,(Intercept),Jamaica_2017,-0.1337825116594793,0.058338053007392705
country_year,(Intercept),Jamaica_2020,0.0517980124011786,0.05784965511659987
country_year,(Intercept),Jamaica_2021,0.06424074468168826,0.05641686885557543
country_year,(Intercept),Japan_2017,-0.005039575377171035,0.04374742052040395
country_year,(Intercept),Japan_2018,0.021816123132790206,0.043400784726804614
country_year,(Intercept),Japan_2019,0.00918685586168181,0.043191520185195745
country_year,(Intercept),Japan_2020,-0.05524778733705977,0.04310987605416154
country_year,(Intercept),Japan_2021,-0.038446549308619044,0.043150383226201086
country_year,(Intercept),Japan_2022,0.005515991970226957,0.043263548929929514
country_year,(Intercept),Jordan_2017,0.12270180926608265,0.0421559449595266
country_year,(Intercept),Jordan_2018,-0.02014358942926296,0.04220758000018597
country_year,(Intercept),Jordan_2019,-0.11238534907578235,0.042273792971057086
country_year,(Intercept),Jordan_2020,0.026881343923924172,0.042369753517324124
country_year,(Intercept),Jordan_2021,0.12106073318825669,0.04241209646417512
country_year,(Intercept),Jordan_2022,-0.1562974918745085,0.042369753517324124
country_year,(Intercept),Kazakhstan_2017,-0.009342048599708162,0.04309912820193421
country_year,(Intercept),Kazakhstan_2018,-0.09867354991478863,0.04385786181841535
country_year,(Intercept),Kazakhstan_2019,0.05016161101845742,0.04299919861849845
country_year,(Intercept),Kazakhstan_2020,0.1614256068778189,0.04409746034967893
country_year,(Intercept),Kazakhstan_2021,-0.12009175575188578,0.04346891289231588
country_year,(Intercept),Kazakhstan_2022,0.036788251267167525,0.04307098008345514
country_year,(Intercept),Kenya_2017,-0.03149521235031473,0.042106395236200723
country_year,(Intercept),Kenya_2018,0.10843970431915921,0.042287811539183665
country_year,(Intercept),Kenya_2019,0.04927883560428652,0.04239349617331765
country_year,(Intercept),Kenya_2020,0.07706414463236223,0.042489352706616496
country_year,(Intercept),Kenya_2021,-0.11825491095754627,0.042287811539183665
country_year,(Intercept),Kenya_2022,-0.06479080691991314,0.04238411714039708
country_year,(Intercept),"Korea, Rep._2017",0.06252741668727912,0.04283292586000749
country_year,(Intercept),"Korea, Rep._2018",-0.06615158096985699,0.04341411918539546
country_year,(Intercept),"Korea, Rep._2019",-0.03870254873040747,0.04313413754952945
country_year,(Intercept),"Korea, Rep._2020",-0.09453826414328947,0.043224310056085576
country_year,(Intercept),"Korea, Rep._2021",1.4201170926730008e-4,0.04288611420089004
country_year,(Intercept),"Korea, Rep._2022",0.06388046089936725,0.042924019275400904
country_year,(Intercept),Kuwait_2019,-0.012782582252603734,0.06358452906202793
country_year,(Intercept),Kuwait_2022,0.07927166348095574,0.06354468083583056
country_year,(Intercept),Kyrgyz Republic_2017,0.05172523661503238,0.04278771985744225
country_year,(Intercept),Kyrgyz Republic_2018,0.01479148235041412,0.0428792687099711
country_year,(Intercept),Kyrgyz Republic_2019,-0.03869557531818172,0.042609121016120396
country_year,(Intercept),Kyrgyz Republic_2020,-0.03265890433597657,0.04319957286917802
country_year,(Intercept),Kyrgyz Republic_2021,-0.04245546215053735,0.042609121016120396
country_year,(Intercept),Kyrgyz Republic_2022,0.06318842657601852,0.04273537195145511
country_year,(Intercept),Lao PDR_2017,0.1526093218628234,0.04433443106922901
country_year,(Intercept),Lao PDR_2018,-0.09740473449529843,0.04031714859578696
country_year,(Intercept),Lao PDR_2019,-0.044312797954172804,0.04366489545105304
country_year,(Intercept),Lao PDR_2020,-0.0047793132088042025,0.04375201423778288
country_year,(Intercept),Lao PDR_2021,-0.05926518622468951,0.04330246572462279
country_year,(Intercept),Lao PDR_2022,0.07528833072662126,0.04288893915458676
country_year,(Intercept),Latvia_2017,-0.04802127581903706,0.04388062514507375
country_year,(Intercept),Latvia_2018,-0.1404703338792521,0.043596557871355225
country_year,(Intercept),Latvia_2019,-0.06315952032810104,0.04288977030435343
country_year,(Intercept),Latvia_2020,0.031585739077187244,0.042911252684077125
country_year,(Intercept),Latvia_2021,0.10406384718845793,0.0427092483746318
country_year,(Intercept),Latvia_2022,0.07566541132425947,0.042873776981121145
country_year,(Intercept),Lebanon_2017,0.07135491759394971,0.04844542159714269
country_year,(Intercept),Lebanon_2018,-0.08551385465855699,0.0484595731435766
country_year,(Intercept),Lebanon_2020,-0.13685596984972914,0.0471085523583807
country_year,(Intercept),Lebanon_2021,0.06378610566225362,0.04882744073031776
country_year,(Intercept),Lesotho_2017,0.02107063335172803,0.05523547821207595
country_year,(Intercept),Lesotho_2019,-0.07583723242293486,0.055283934671430036
country_year,(Intercept),Lesotho_2022,0.023591904206326952,0.055601098741202865
country_year,(Intercept),Liberia_2017,0.03862418147917138,0.05433470406026101
country_year,(Intercept),Liberia_2018,0.030981356297207968,0.05438785736507563
country_year,(Intercept),Liberia_2019,-0.07240284945714381,0.05440268744926641
country_year,(Intercept),Libya_2017,-0.17780910864401867,0.04879733039084575
country_year,(Intercept),Libya_2018,-0.1993769602373819,0.0487725203773004
country_year,(Intercept),Libya_2019,0.17528239527328587,0.0487572168222724
country_year,(Intercept),Libya_2022,0.22740951651449218,0.048848183888870654
country_year,(Intercept),Lithuania_2017,-0.009607684320366221,0.04472621670543355
country_year,(Intercept),Lithuania_2018,-0.1252850949392084,0.04668969258332728
country_year,(Intercept),Lithuania_2019,-0.02918373316722684,0.046718432480732465
country_year,(Intercept),Lithuania_2020,0.039701870245947624,0.04500105381220601
country_year,(Intercept),Lithuania_2021,0.06900684089449939,0.045371138175930054
country_year,(Intercept),Lithuania_2022,0.043441560645009536,0.046940672476770015
country_year,(Intercept),Luxembourg_2017,-0.07210566188553039,0.04872280447432735
country_year,(Intercept),Luxembourg_2018,-0.006752612491051851,0.04887468238369593
country_year,(Intercept),Luxembourg_2019,0.09369359196528967,0.048678286890212884
country_year,(Intercept),Luxembourg_2022,0.05517693784599915,0.048687084889460504
country_year,(Intercept),Malawi_2017,0.06858664264238068,0.0448471567948476
country_year,(Intercept),Malawi_2018,0.0020595205445892036,0.044977841212730796
country_year,(Intercept),Malawi_2019,-4.6790280524154534e-4,0.0450366302140015
country_year,(Intercept),Malawi_2021,-0.060869214728655724,0.044839950050124804
country_year,(Intercept),Malawi_2022,-0.037492613959792385,0.04482561792014444
country_year,(Intercept),Malaysia_2018,0.0712812869102862,0.048868184957739425
country_year,(Intercept),Malaysia_2019,-0.10063939881638795,0.048751654994231716
country_year,(Intercept),Malaysia_2021,-0.06797460481241496,0.04720532223742211
country_year,(Intercept),Malaysia_2022,0.09129515231898377,0.048764933852375784
country_year,(Intercept),Mali_2017,-0.0998477776981373,0.04279155017736359
country_year,(Intercept),Mali_2018,-0.06508104272298555,0.0429014253982147
country_year,(Intercept),Mali_2019,-0.04051851355275929,0.041921396818542546
country_year,(Intercept),Mali_2020,-0.09120313861523795,0.04306344118636178
country_year,(Intercept),Mali_2021,0.08907092974347323,0.04279155017736359
country_year,(Intercept),Mali_2022,0.20750127613643632,0.04227435000697899
country_year,(Intercept),Mauritania_2019,-0.07310079703033476,0.06382354377594347
country_year,(Intercept),Mauritania_2022,0.09027121827983643,0.06389127531229788
country_year,(Intercept),Mexico_2017,-0.09670911300379363,0.042476842611291296
country_year,(Intercept),Mexico_2018,0.05924919039542318,0.042411537520362946
country_year,(Intercept),Mexico_2019,-0.058056401701699636,0.04288204083690327
country_year,(Intercept),Mexico_2020,0.07935357347279928,0.043019076814120455
country_year,(Intercept),Mexico_2021,0.06147508019596644,0.042684054861255406
country_year,(Intercept),Mexico_2022,-0.04828614827355017,0.04237048738741977
country_year,(Intercept),Moldova_2018,-0.10142690888348199,0.04589901016376009
country_year,(Intercept),Moldova_2019,-0.04440756366132387,0.04584118140527644
country_year,(Intercept),Moldova_2020,-0.10552494291552066,0.045652143970817106
country_year,(Intercept),Moldova_2021,0.052826038292669054,0.04593117897238488
country_year,(Intercept),Moldova_2022,0.1764448540881641,0.04571992788851824
country_year,(Intercept),Mongolia_2017,0.02729349525563262,0.042664488403863395
country_year,(Intercept),Mongolia_2018,0.003928542578384163,0.04252294085555803
country_year,(Intercept),Mongolia_2019,0.01740667785328013,0.04218027623797933
country_year,(Intercept),Mongolia_2020,0.0038364017652129903,0.04236601243894389
country_year,(Intercept),Mongolia_2021,-0.04309876907659406,0.04242189842948288
country_year,(Intercept),Mongolia_2022,-0.0524008589427023,0.04239845304468104
country_year,(Intercept),Montenegro_2017,-0.17124898010355702,0.045515973618968204
country_year,(Intercept),Montenegro_2018,0.01924703007182793,0.045916072214588044
country_year,(Intercept),Montenegro_2019,-0.013114474121342737,0.04529199960808298
country_year,(Intercept),Montenegro_2020,0.009083231318116183,0.04557706023915582
country_year,(Intercept),Montenegro_2022,0.09773964567480896,0.045338310776328196
country_year,(Intercept),Mozambique_2017,0.08571990892882418,0.045699196152366804
country_year,(Intercept),Mozambique_2018,0.016709616851695565,0.04550662413850569
country_year,(Intercept),Mozambique_2019,0.015990613011621756,0.045758926045645375
country_year,(Intercept),Mozambique_2021,-0.09355685536334815,0.04613638543971392
country_year,(Intercept),Mozambique_2022,0.024523764940679912,0.04560311239941778
country_year,(Intercept),Myanmar_2017,0.10401701781433935,0.04067059769961041
country_year,(Intercept),Myanmar_2018,0.017635531044157306,0.04225782037520309
country_year,(Intercept),Myanmar_2019,0.07676274519242367,0.041825104982727894
country_year,(Intercept),Myanmar_2020,-0.02542061830616446,0.04206282329453453
country_year,(Intercept),Myanmar_2021,-0.1712020302275595,0.04215385829732759
country_year,(Intercept),Myanmar_2022,-4.2475963441841926e-5,0.042243997667611694
country_year,(Intercept),Namibia_2017,0.045267792957013255,0.04241367017311703
country_year,(Intercept),Namibia_2018,0.12122768704489939,0.04255065460622774
country_year,(Intercept),Namibia_2019,-0.14950789048359403,0.042249724407713324
country_year,(Intercept),Namibia_2020,-0.004295445272252272,0.043060958777492483
country_year,(Intercept),Namibia_2021,-0.07696592433239997,0.04275319246685514
country_year,(Intercept),Namibia_2022,0.0511980527943457,0.04302557520679434
country_year,(Intercept),Nepal_2017,-0.006036472802488846,0.04236484253289592
country_year,(Intercept),Nepal_2018,-0.001710057819029272,0.04247761203087329
country_year,(Intercept),Nepal_2019,0.06351090537617064,0.039999884648062645
country_year,(Intercept),Nepal_2020,-0.05101109924744203,0.04221621873865341
country_year,(Intercept),Nepal_2021,0.01587813574684021,0.04237444448342259
country_year,(Intercept),Nepal_2022,0.026435176706340883,0.04233153279748571
country_year,(Intercept),Netherlands_2017,0.03934402339385963,0.042146146233601196
country_year,(Intercept),Netherlands_2018,0.05662459851725495,0.04207015014691988
country_year,(Intercept),Netherlands_2019,0.0632745415112391,0.04211628960532704
country_year,(Intercept),Netherlands_2020,-0.07956284266732751,0.0422203121184424
country_year,(Intercept),Netherlands_2021,0.0026561831629188827,0.042146146233601196
country_year,(Intercept),Netherlands_2022,-0.04507240572521328,0.04223811320189338
country_year,(Intercept),New Zealand_2017,0.0886578767614961,0.0424658350625183
country_year,(Intercept),New Zealand_2018,0.0295727668550911,0.042509589816607705
country_year,(Intercept),New Zealand_2019,0.0930631424098125,0.04228048279905962
country_year,(Intercept),New Zealand_2020,-0.029616828156184286,0.04238995250783559
country_year,(Intercept),New Zealand_2021,-0.013940010785796817,0.04237135180776395
country_year,(Intercept),New Zealand_2022,-0.14223655384650558,0.042267151360204945
country_year,(Intercept),Nicaragua_2017,0.03986439369461612,0.04273039179919886
country_year,(Intercept),Nicaragua_2018,-0.08596576718482912,0.042689178145677506
country_year,(Intercept),Nicaragua_2019,0.014777795670518751,0.04237336016430373
country_year,(Intercept),Nicaragua_2020,-0.0387608107888701,0.0427828791603324
country_year,(Intercept),Nicaragua_2021,0.04079535651575777,0.04306861804417693
country_year,(Intercept),Nicaragua_2022,0.026527432878110282,0.04285277766687335
country_year,(Intercept),Niger_2017,-0.016544829430734254,0.0552148467242033
country_year,(Intercept),Niger_2019,-0.045099633313893134,0.05498075439383669
country_year,(Intercept),Niger_2022,0.11602876713377389,0.055244112379632344
country_year,(Intercept),Nigeria_2017,0.06463480401216522,0.04239968833941824
country_year,(Intercept),Nigeria_2018,0.09029746765156882,0.0422806496025436
country_year,(Intercept),Nigeria_2019,-0.004323230871263216,0.039301822183539614
country_year,(Intercept),Nigeria_2020,-7.325239798693431e-4,0.04292982563121381
country_year,(Intercept),Nigeria_2021,-0.06752497234791084,0.04228529979039422
country_year,(Intercept),Nigeria_2022,-0.05334389391670069,0.0422529374945749
country_year,(Intercept),North Macedonia_2017,0.07696159326368666,0.04278584972362886
country_year,(Intercept),North Macedonia_2018,-0.06805513559468046,0.04288939543777906
country_year,(Intercept),North Macedonia_2019,-0.04206537039916753,0.042527294039963554
country_year,(Intercept),North Macedonia_2020,0.10372678199862355,0.04276987679029727
country_year,(Intercept),North Macedonia_2021,0.05761798602530887,0.04247493356716589
country_year,(Intercept),North Macedonia_2022,-0.17123457714430962,0.04263553379024279
country_year,(Intercept),Norway_2017,-0.018248903513957557,0.042206850209499706
country_year,(Intercept),Norway_2018,-0.010132145214336521,0.04212475468621978
country_year,(Intercept),Norway_2019,0.01710656084964988,0.042074385907680374
country_year,(Intercept),Norway_2020,-0.042782045132854635,0.04226024230753403
country_year,(Intercept),Norway_2021,0.08624585907702928,0.0421936915839688
country_year,(Intercept),Norway_2022,0.013793677307294819,0.04221125307715597
country_year,(Intercept),Pakistan_2017,0.26316586891872024,0.043487094863288896
country_year,(Intercept),Pakistan_2018,0.10216907331506665,0.044832283691526774
country_year,(Intercept),Pakistan_2020,0.037229157022618184,0.04450377077368189
country_year,(Intercept),Pakistan_2021,-0.1984268723636081,0.042878254025585136
country_year,(Intercept),Pakistan_2022,-0.1823019277493513,0.04483626173388543
country_year,(Intercept),Panama_2017,0.03665222724919672,0.04541889604942488
country_year,(Intercept),Panama_2018,-0.012907561810767503,0.04551916898533655
country_year,(Intercept),Panama_2019,-0.019902025756351218,0.045171640703837924
country_year,(Intercept),Panama_2021,0.003852080047382327,0.04569902047522031
country_year,(Intercept),Panama_2022,-0.035554987880438774,0.045599982254920714
country_year,(Intercept),Paraguay_2018,0.06922482491253956,0.04306220671039368
country_year,(Intercept),Paraguay_2019,-0.02452649474576576,0.04468987897897035
country_year,(Intercept),Paraguay_2020,-0.013938961759571806,0.04491935539716287
country_year,(Intercept),Paraguay_2021,-0.047826855864119874,0.04505749559962111
country_year,(Intercept),Paraguay_2022,0.017206303973361533,0.045003562758283655
country_year,(Intercept),Peru_2017,0.012579492787234126,0.04506992788774574
country_year,(Intercept),Peru_2018,-0.005314855248504954,0.04536356724557579
country_year,(Intercept),Peru_2019,0.017189619127426118,0.045307893397588644
country_year,(Intercept),Peru_2021,-0.008811397648254638,0.04318734955003038
country_year,(Intercept),Peru_2022,-0.032804640700849694,0.04516616016501156
country_year,(Intercept),Philippines_2017,0.014632285562030122,0.04471950364601865
country_year,(Intercept),Philippines_2018,-0.03665543239248286,0.04482392362048554
country_year,(Intercept),Philippines_2019,0.01534131318838591,0.042843195529136714
country_year,(Intercept),Philippines_2020,-0.006689812981731555,0.044774746124931715
country_year,(Intercept),Philippines_2021,0.037604536108849854,0.04466580466863924
country_year,(Intercept),Poland_2017,-0.04030161255664309,0.04358263772964684
country_year,(Intercept),Poland_2018,0.0408220752857505,0.04304254365159968
country_year,(Intercept),Poland_2019,0.13031461871512176,0.042887853456208505
country_year,(Intercept),Poland_2020,-0.1317880411939667,0.0430711632493815
country_year,(Intercept),Poland_2021,-0.06732079822564856,0.04269692885287921
country_year,(Intercept),Poland_2022,0.09659245729379182,0.0433563107822129
country_year,(Intercept),Portugal_2017,-0.04589049430201556,0.042438699519627976
country_year,(Intercept),Portugal_2018,-0.040300248735248345,0.042372664728406235
country_year,(Intercept),Portugal_2019,-0.010652461723365585,0.042215218000883105
country_year,(Intercept),Portugal_2020,-0.02161817637905189,0.042363378344477946
country_year,(Intercept),Portugal_2021,0.04086605700136737,0.042268013746144965
country_year,(Intercept),Portugal_2022,0.08549232723745455,0.042372664728406235
country_year,(Intercept),Puerto Rico_2022,-0.024278700032722183,0.08359019303553165
country_year,(Intercept),Russian Federation_2017,-0.04528335223210353,0.04327798331085326
country_year,(Intercept),Russian Federation_2018,-0.002272595167936019,0.043195839423194465
country_year,(Intercept),Russian Federation_2020,-0.03412165672752434,0.0414189302047123
country_year,(Intercept),Russian Federation_2021,-0.1127925132754187,0.042503841483802124
country_year,(Intercept),Russian Federation_2022,0.16668481005973307,0.04303826951770539
country_year,(Intercept),Rwanda_2017,0.020123240205187975,0.05445480801327709
country_year,(Intercept),Rwanda_2018,0.05006065653617352,0.054393226914681826
country_year,(Intercept),Rwanda_2019,-0.06823764496454814,0.05443958140281128
country_year,(Intercept),Saudi Arabia_2018,0.09312691473302567,0.04853832356470168
country_year,(Intercept),Saudi Arabia_2019,0.0575228240074682,0.048429846856858166
country_year,(Intercept),Saudi Arabia_2020,-0.0552959711082417,0.048464208010529426
country_year,(Intercept),Saudi Arabia_2021,-0.03203796861099741,0.04852430896360845
country_year,(Intercept),Senegal_2017,-0.08741315167618295,0.0426811461104305
country_year,(Intercept),Senegal_2018,-0.0181687009879401,0.042961952605137736
country_year,(Intercept),Senegal_2019,0.0823833758495052,0.042470636027980714
country_year,(Intercept),Senegal_2020,-0.05899117592700538,0.042738017485644736
country_year,(Intercept),Senegal_2021,-0.03183840401676887,0.04287775061529753
country_year,(Intercept),Senegal_2022,0.10805148388659941,0.042513210194981055
country_year,(Intercept),Serbia_2017,-0.13698125822185217,0.04333554715957177
country_year,(Intercept),Serbia_2018,-0.09717354047026423,0.0435308025730728
country_year,(Intercept),Serbia_2019,0.016879359240346756,0.04274634746208402
country_year,(Intercept),Serbia_2020,0.07652428091924564,0.04358523748217665
country_year,(Intercept),Serbia_2021,0.08348191859937382,0.04274634746208402
country_year,(Intercept),Serbia_2022,0.0018777843240414794,0.04345105816994669
country_year,(Intercept),Sierra Leone_2017,0.04010014575105174,0.04923985243223427
country_year,(Intercept),Sierra Leone_2018,-0.0225063956111254,0.04913796278953327
country_year,(Intercept),Sierra Leone_2019,0.026040539624174772,0.04853596144099401
country_year,(Intercept),Sierra Leone_2022,-0.07491800150352253,0.049315396414256585
country_year,(Intercept),Singapore_2017,0.002971082696420352,0.049151356328079966
country_year,(Intercept),Singapore_2018,-0.025940179644600603,0.048925795213098096
country_year,(Intercept),Singapore_2019,-0.02985649636400566,0.04898851246147374
country_year,(Intercept),Singapore_2021,0.0526824819122826,0.04899864693542367
country_year,(Intercept),Slovak Republic_2017,0.025041494729848696,0.042831394298398946
country_year,(Intercept),Slovak Republic_2018,0.10088999761321611,0.042756105619547714
country_year,(Intercept),Slovak Republic_2019,0.026214470224649556,0.04270885843537415
country_year,(Intercept),Slovak Republic_2020,-0.10730279974669983,0.04247103888085478
country_year,(Intercept),Slovak Republic_2021,-0.03164203421624864,0.04232461596001566
country_year,(Intercept),Slovak Republic_2022,0.0034456427187146096,0.04271928155446473
country_year,(Intercept),Slovenia_2017,-0.08849756588758594,0.04223602898099456
country_year,(Intercept),Slovenia_2018,-7.227594435796792e-4,0.04211868428153931
country_year,(Intercept),Slovenia_2019,0.01999331906030858,0.042085039875487104
country_year,(Intercept),Slovenia_2020,-0.07261503918703788,0.042262932081247394
country_year,(Intercept),Slovenia_2021,0.004922180250259965,0.04212292509573422
country_year,(Intercept),Slovenia_2022,0.11367608424549831,0.0421874990484239
country_year,(Intercept),South Africa_2017,-0.14064643221805437,0.04502682009847834
country_year,(Intercept),South Africa_2018,-0.12647003392467487,0.045176435961868766
country_year,(Intercept),South Africa_2019,-0.13218419065556028,0.04538267470662209
country_year,(Intercept),South Africa_2020,0.29934053651904785,0.045209409138254116
country_year,(Intercept),South Africa_2021,0.09348154093710255,0.045351298924487256
country_year,(Intercept),Spain_2017,-0.035531306563531206,0.04212613925564591
country_year,(Intercept),Spain_2018,-0.006754624867049332,0.04231747566413262
country_year,(Intercept),Spain_2019,0.043983757331252,0.042113362348808636
country_year,(Intercept),Spain_2020,0.006851312286575541,0.04208382550922102
country_year,(Intercept),Spain_2021,-0.013498785171751413,0.042017728917546425
country_year,(Intercept),Spain_2022,0.0177677440921058,0.04205053432319253
country_year,(Intercept),Sri Lanka_2017,-0.010088274316599737,0.04239460376024926
country_year,(Intercept),Sri Lanka_2018,0.07926989225218758,0.04228939116344733
country_year,(Intercept),Sri Lanka_2019,0.077112601551096,0.04220159999088078
country_year,(Intercept),Sri Lanka_2020,0.10460237055527329,0.042427572658233624
country_year,(Intercept),Sri Lanka_2021,-0.06067687310429204,0.04247546891057038
country_year,(Intercept),Sri Lanka_2022,-0.1727503272591937,0.04249489576258114
country_year,(Intercept),Sweden_2017,-0.09252307214870062,0.042407604639236804
country_year,(Intercept),Sweden_2018,0.007360398933056411,0.042469986507040106
country_year,(Intercept),Sweden_2019,-2.9312915336387405e-4,0.04232840045248031
country_year,(Intercept),Sweden_2020,-0.0839826961141065,0.04227404491429037
country_year,(Intercept),Sweden_2021,0.11308939553507745,0.04216045722034307
country_year,(Intercept),Sweden_2022,0.09213156417613186,0.04215619859257684
country_year,(Intercept),Switzerland_2017,-0.007913414114588025,0.042313933539097834
country_year,(Intercept),Switzerland_2018,0.013476168911772664,0.04246504771798841
country_year,(Intercept),Switzerland_2019,0.017496559264049576,0.04229116373642493
country_year,(Intercept),Switzerland_2020,-0.08683194423713209,0.04220223671243628
country_year,(Intercept),Switzerland_2021,0.025528460544715477,0.04206674045781164
country_year,(Intercept),Switzerland_2022,0.08679992997471198,0.04214196194424353
country_year,(Intercept),Tajikistan_2017,0.1043438229815952,0.08353227877769685
country_year,(Intercept),Tanzania_2017,-0.04883465083554575,0.04229275057015602
country_year,(Intercept),Tanzania_2018,-0.022427503838617382,0.04221776986316003
country_year,(Intercept),Tanzania_2019,0.02804668793004409,0.04235175906907934
country_year,(Intercept),Tanzania_2020,0.05596647197527179,0.04231527119125257
country_year,(Intercept),Tanzania_2021,-0.013155298720720188,0.04263426650535392
country_year,(Intercept),Tanzania_2022,0.002662260997352755,0.042435966670168024
country_year,(Intercept),Thailand_2017,0.09348811638139831,0.04314556200047536
country_year,(Intercept),Thailand_2018,0.10971540112180586,0.04244255927381213
country_year,(Intercept),Thailand_2019,-0.08712564278884706,0.04010827583551324
country_year,(Intercept),Thailand_2020,-0.0243089711861453,0.042471746214600925
country_year,(Intercept),Thailand_2021,-0.14004077038274532,0.04274565248280186
country_year,(Intercept),Thailand_2022,0.02956104043328595,0.04242329421862429
country_year,(Intercept),Togo_2017,0.089589850599554,0.04574208091345541
country_year,(Intercept),Togo_2018,-0.04759070627359088,0.04574726903008662
country_year,(Intercept),Togo_2019,0.050071911573562125,0.04493619144592919
country_year,(Intercept),Togo_2021,-0.10798136695656427,0.045428468608631874
country_year,(Intercept),Togo_2022,0.01452642445152,0.04537524106912037
country_year,(Intercept),Trinidad and Tobago_2017,0.006082572057389023,0.08360724651870258
country_year,(Intercept),Tunisia_2017,-0.026939632023126964,0.04271614121822221
country_year,(Intercept),Tunisia_2018,0.036874429956861195,0.04288145011613426
country_year,(Intercept),Tunisia_2019,0.01284341574038585,0.04283775207026459
country_year,(Intercept),Tunisia_2020,0.02672071421103526,0.04283234175426437
country_year,(Intercept),Tunisia_2021,-0.013897431511478774,0.04270583872482141
country_year,(Intercept),Tunisia_2022,-0.12000579952707914,0.04256593599201805
country_year,(Intercept),Turkiye_2017,0.30311793371669393,0.042519706272825045
country_year,(Intercept),Turkiye_2018,0.038497058016246276,0.04269018799987011
country_year,(Intercept),Turkiye_2019,-0.014415464866090825,0.04019046714411298
country_year,(Intercept),Turkiye_2020,-0.09652975615180223,0.04281614592154034
country_year,(Intercept),Turkiye_2021,-0.15237579916973965,0.042642535885598014
country_year,(Intercept),Turkiye_2022,-0.12367838264296313,0.04243624952220133
country_year,(Intercept),Uganda_2017,-0.02875644039338016,0.042610298343881976
country_year,(Intercept),Uganda_2018,0.01933539632718331,0.0425368935179571
country_year,(Intercept),Uganda_2019,0.0322662242093253,0.042670646799296774
country_year,(Intercept),Uganda_2020,0.060457650673492735,0.04308425915938549
country_year,(Intercept),Uganda_2021,-0.058407863595841956,0.04265036641659991
country_year,(Intercept),Uganda_2022,-0.010258611323239209,0.042680849465212674
country_year,(Intercept),Ukraine_2017,-0.021467291267308754,0.047470739422049234
country_year,(Intercept),Ukraine_2018,-0.03753397870437133,0.04683250220114095
country_year,(Intercept),Ukraine_2019,-0.05064081315725845,0.045918928249525155
country_year,(Intercept),Ukraine_2020,0.0769240961873764,0.04634162815855776
country_year,(Intercept),Ukraine_2021,0.006601753413857449,0.04593381093936188
country_year,(Intercept),United Arab Emirates_2017,0.1412606804696594,0.04010586286083514
country_year,(Intercept),United Arab Emirates_2018,0.053017103444942516,0.040127133650982104
country_year,(Intercept),United Arab Emirates_2019,-0.05737591882969628,0.04087202074101051
country_year,(Intercept),United Arab Emirates_2020,-0.0636272309513666,0.042610519033641166
country_year,(Intercept),United Arab Emirates_2021,0.03266173077138857,0.04273531426621262
country_year,(Intercept),United Arab Emirates_2022,-0.040424245897955444,0.04180849125452993
country_year,(Intercept),United Kingdom_2017,-0.009061187632544028,0.04214212685978137
country_year,(Intercept),United Kingdom_2018,-0.027722798034944002,0.042523565732990036
country_year,(Intercept),United Kingdom_2019,-0.010152880513841481,0.042241786235424614
country_year,(Intercept),United Kingdom_2020,-0.10341493783385101,0.04227748158895665
country_year,(Intercept),United Kingdom_2021,0.10273953055576743,0.0422506589824573
country_year,(Intercept),United Kingdom_2022,0.06614815471225241,0.0421849271692691
country_year,(Intercept),United States_2017,6.609337114245376e-4,0.04287313724616101
country_year,(Intercept),United States_2018,0.10541988788344284,0.042256792652090654
country_year,(Intercept),United States_2019,0.05806366464669691,0.04202764297337111
country_year,(Intercept),United States_2020,-0.029536495275956597,0.042109841948747534
country_year,(Intercept),United States_2021,0.003066237979333779,0.04211822955055631
country_year,(Intercept),United States_2022,-0.11221576708639419,0.042143580095685716
country_year,(Intercept),Uruguay_2017,-0.020641591923987356,0.0450374286677576
country_year,(Intercept),Uruguay_2018,-0.008527088509430318,0.0450374286677576
country_year,(Intercept),Uruguay_2020,0.0743860591228556,0.04304786425535506
country_year,(Intercept),Uruguay_2021,-0.0318568484697156,0.044956777036397604
country_year,(Intercept),Uruguay_2022,-0.02096337195857635,0.04512568846491655
country_year,(Intercept),Uzbekistan_2017,0.07292655016550297,0.04240927780306298
country_year,(Intercept),Uzbekistan_2018,0.05026579275390698,0.04237642168643005
country_year,(Intercept),Uzbekistan_2019,0.05324470454480907,0.0420225382549991
country_year,(Intercept),Uzbekistan_2020,-0.018798802299526303,0.04249098891211588
country_year,(Intercept),Uzbekistan_2021,-0.03801586997780534,0.04236711667537238
country_year,(Intercept),Uzbekistan_2022,-0.048778171298257365,0.04233483322687015
country_year,(Intercept),Vietnam_2018,0.008747795429647208,0.04879776286440572
country_year,(Intercept),Vietnam_2019,-0.10170604893718531,0.04704782355409612
country_year,(Intercept),Vietnam_2021,0.0025170507706021947,0.047312379246067515
country_year,(Intercept),Vietnam_2022,0.11144348938299597,0.04835803994471975
country_year,(Intercept),Zambia_2017,0.11082984841479278,0.04267713134582138
country_year,(Intercept),Zambia_2018,0.09227990050578011,0.04286827087155479
country_year,(Intercept),Zambia_2019,-0.09828931031504475,0.04283626845758167
country_year,(Intercept),Zambia_2020,-0.02857266682062304,0.042391515825740245
country_year,(Intercept),Zambia_2021,-0.04746982923868277,0.044802072382911215
country_year,(Intercept),Zambia_2022,-0.015866526932149738,0.04241812471045654
country_year,(Intercept),Zimbabwe_2017,0.027060873899583896,0.06352485859718913
country_year,(Intercept),Zimbabwe_2018,-0.03257099456877471,0.06351930768294457
country_name,(Intercept),Afghanistan,-0.09075324149219012,0.04572725668280755
country_name,(Intercept),Albania,-0.2554910428670232,0.03765083793036443
country_name,(Intercept),Argentina,-0.07264443437464778,0.03760734759486201
country_name,(Intercept),Armenia,-0.21979375158677117,0.041318224620081744
country_name,(Intercept),Australia,0.18962551363980482,0.03762810341364299
country_name,(Intercept),Austria,0.24673443714842846,0.03758595106144667
country_name,(Intercept),Azerbaijan,0.09312156735631592,0.05295664754800991
country_name,(Intercept),Bahrain,0.3432100314533132,0.08596276324418234
country_name,(Intercept),Bangladesh,0.23895713655483014,0.04077217461879722
country_name,(Intercept),Belarus,-0.2595762127756667,0.0529218381124246
country_name,(Intercept),Belgium,0.04863873607563075,0.03777197785734807
country_name,(Intercept),Benin,0.07246000084412924,0.037642014444453316
country_name,(Intercept),Bolivia,0.008218798865755276,0.040986859690383376
country_name,(Intercept),Bosnia and Herzegovina,-0.35241323556081944,0.037758712411997145
country_name,(Intercept),Botswana,-0.03992588797320504,0.0459755538998961
country_name,(Intercept),Brazil,0.06845878704804902,0.03746017043366885
country_name,(Intercept),Bulgaria,-0.1021162338532377,0.03778005399920838
country_name,(Intercept),Burkina Faso,0.04934559189532937,0.04572839887611203
country_name,(Intercept),Cambodia,0.09088326716395907,0.037555719854823436
country_name,(Intercept),Cameroon,0.012207367939145723,0.0376666146055423
country_name,(Intercept),Canada,0.20162950923013695,0.03756347080342769
country_name,(Intercept),Central African Republic,0.10107441485585929,0.08642038204350068
country_name,(Intercept),Chile,-0.25862745935116,0.04093032228326145
country_name,(Intercept),China,-0.036776375683947066,0.04466474468671878
country_name,(Intercept),Colombia,0.04695363801162435,0.037636299880926885
country_name,(Intercept),Costa Rica,-0.06658871643057865,0.040968283180385506
country_name,(Intercept),Croatia,-0.20342131041126926,0.03775698481522236
country_name,(Intercept),Cyprus,-0.09047820121526971,0.037358388003812096
country_name,(Intercept),Czechia,0.22610774353588248,0.04120959710450405
country_name,(Intercept),Denmark,0.2078829167403006,0.03756199468086669
country_name,(Intercept),Dominican Republic,-0.15747238810991435,0.03771969837254793
country_name,(Intercept),Ecuador,0.10180112852749948,0.037713661909497244
country_name,(Intercept),"Egypt, Arab Rep.",-0.23595859435173108,0.03745770640672411
country_name,(Intercept),El Salvador,0.020351355412513403,0.03774724450830912
country_name,(Intercept),Estonia,0.038478727250741876,0.03785343980809167
country_name,(Intercept),Eswatini,0.056556918230474124,0.05274044205142351
country_name,(Intercept),Ethiopia,-0.2066706458779934,0.04089938749728706
country_name,(Intercept),Finland,-0.006674707683913244,0.037545809666832755
country_name,(Intercept),France,0.1943641473779342,0.03758178291028414
country_name,(Intercept),"Gambia, The",0.032202417673214884,0.04585467312689669
country_name,(Intercept),Georgia,-0.4725558472909274,0.037779029232688645
country_name,(Intercept),Germany,0.13538872225485096,0.03760791890291023
country_name,(Intercept),Ghana,0.06980900578332105,0.03773023752334134
country_name,(Intercept),Greece,-0.28088213499978504,0.03762656260523028
country_name,(Intercept),Guatemala,-0.02164864339546627,0.04591134766734865
country_name,(Intercept),Haiti,-0.05246999980313928,0.0660387397128036
country_name,(Intercept),Honduras,0.05041640437017869,0.04128705013240482
country_name,(Intercept),"Hong Kong SAR, China",-0.7981724511936286,0.041131409892213325
country_name,(Intercept),Hungary,0.1089916047881464,0.037672674018987044
country_name,(Intercept),Iceland,-0.12578650725582793,0.042551382322525505
country_name,(Intercept),India,0.19810671410112018,0.040043773907142054
country_name,(Intercept),Indonesia,-0.012596819939996546,0.04076470300098545
country_name,(Intercept),"Iran, Islamic Rep.",-0.07399760979509735,0.04109306464966409
country_name,(Intercept),Iraq,0.09328019137274128,0.0409248262825783
country_name,(Intercept),Ireland,0.12351385570263587,0.03757136467569744
country_name,(Intercept),Israel,-0.011745491970353001,0.04099254646373618
country_name,(Intercept),Italy,-0.14176699694862854,0.03754762789328198
country_name,(Intercept),Jamaica,-0.10673820067772498,0.05429022378976665
country_name,(Intercept),Japan,-0.374256239593739,0.03783973087579385
country_name,(Intercept),Jordan,-0.1093777543981489,0.037585835572911286
country_name,(Intercept),Kazakhstan,0.12192358199415197,0.03787123461138799
country_name,(Intercept),Kenya,0.12176500899803312,0.03759239278070527
country_name,(Intercept),"Korea, Rep.",-0.43818673411931564,0.03777820977096217
country_name,(Intercept),Kuwait,0.3999674851498162,0.06334992607620459
country_name,(Intercept),Kyrgyz Republic,0.09561817592040445,0.0377111640474203
country_name,(Intercept),Lao PDR,0.1331576310373652,0.037774805609830306
country_name,(Intercept),Latvia,-0.24264347096704467,0.03779734862811268
country_name,(Intercept),Lebanon,-0.5247280249290805,0.045512089894454606
country_name,(Intercept),Lesotho,-0.18753251022778727,0.05301767394622631
country_name,(Intercept),Liberia,-0.01682733011484792,0.052470193594626034
country_name,(Intercept),Libya,0.15343132518015662,0.04572950101423031
country_name,(Intercept),Lithuania,-0.07174273412753897,0.038545818881795306
country_name,(Intercept),Luxembourg,0.42116126768710493,0.04570949068669235
country_name,(Intercept),Malawi,-0.16953927969356544,0.041026243982047905
country_name,(Intercept),Malaysia,-0.03631918813094412,0.04558116342107445
country_name,(Intercept),Mali,-4.708162087608041e-4,0.037666589747025365
country_name,(Intercept),Mauritania,0.10328929321247154,0.06363685997091323
country_name,(Intercept),Mexico,-0.017889115749272568,0.037670561839429864
country_name,(Intercept),Moldova,-0.13287431358606627,0.04129703924735086
country_name,(Intercept),Mongolia,-0.25887566269627454,0.037617223077001834
country_name,(Intercept),Montenegro,-0.3506669520408601,0.04121175611479129
country_name,(Intercept),Mozambique,0.2970895847897523,0.041276375750324605
country_name,(Intercept),Myanmar,0.010528208568015687,0.03748214514293076
country_name,(Intercept),Namibia,-0.07865751285759848,0.037679329236446436
country_name,(Intercept),Nepal,0.28313077085104343,0.03750518756944686
country_name,(Intercept),Netherlands,0.2241635373749548,0.03755111538222452
country_name,(Intercept),New Zealand,0.1533985425901129,0.03760612154294863
country_name,(Intercept),Nicaragua,-0.016612500458754113,0.03769769181004234
country_name,(Intercept),Niger,0.32715076004712645,0.05289094544782042
country_name,(Intercept),Nigeria,0.17449657642302538,0.03749379896075246
country_name,(Intercept),North Macedonia,-0.25896115121635666,0.03768040693611528
country_name,(Intercept),Norway,0.27661242840108946,0.03755656348201891
country_name,(Intercept),Pakistan,0.1313510358018794,0.04079673042173072
country_name,(Intercept),Panama,-0.1675944558600424,0.041197810806139816
country_name,(Intercept),Paraguay,8.35055793320019e-4,0.040922430594496566
country_name,(Intercept),Peru,-0.10323732161714709,0.041001892914199596
country_name,(Intercept),Philippines,0.14577382763061666,0.04087028228220292
country_name,(Intercept),Poland,0.1703521652827997,0.037787671880551106
country_name,(Intercept),Portugal,0.04750470925611425,0.03759571840407184
country_name,(Intercept),Puerto Rico,-0.14604940263222038,0.08876535999733334
country_name,(Intercept),Russian Federation,-0.16714352649905476,0.04040551960974036
country_name,(Intercept),Rwanda,0.01170774830717907,0.0524992076217535
country_name,(Intercept),Saudi Arabia,0.38087849070064966,0.04561535670695187
country_name,(Intercept),Senegal,-0.03595229137885109,0.03768707158193639
country_name,(Intercept),Serbia,-0.33320931480045163,0.037819917147721184
country_name,(Intercept),Sierra Leone,-0.1881883052287949,0.04582945211167212
country_name,(Intercept),Singapore,-8.6089182543124e-4,0.0458137748393395
country_name,(Intercept),Slovak Republic,0.10013925809531138,0.037669150366111376
country_name,(Intercept),Slovenia,-0.13982380928545604,0.03755420354041867
country_name,(Intercept),South Africa,-0.038972129550026303,0.04112212581449968
country_name,(Intercept),Spain,0.07710772917323017,0.03754186805420659
country_name,(Intercept),Sri Lanka,0.10508774870629317,0.037606093190386006
country_name,(Intercept),Sweden,0.21525069634004645,0.03758616280290188
country_name,(Intercept),Switzerland,0.2920889415264879,0.03757328164160312
country_name,(Intercept),Tajikistan,0.6276840602792785,0.08677007816005546
country_name,(Intercept),Tanzania,0.013582885638052822,0.03760464026655957
country_name,(Intercept),Thailand,-0.11255565655280067,0.03756924881266357
country_name,(Intercept),Togo,-0.008324820186832485,0.04118708239049361
country_name,(Intercept),Trinidad and Tobago,0.036589933325974815,0.0893446593986092
country_name,(Intercept),Tunisia,-0.5077371539444498,0.03769939236323885
country_name,(Intercept),Turkiye,-0.27301157478130145,0.037567308032358505
country_name,(Intercept),Uganda,0.08804553096632972,0.03768667932858116
country_name,(Intercept),Ukraine,-0.15710315219774423,0.04151199012606209
country_name,(Intercept),United Arab Emirates,0.39409053332988475,0.03736649418965704
country_name,(Intercept),United Kingdom,0.11150326759646391,0.0375789691204563
country_name,(Intercept),United States,0.15314630283059008,0.0375753690307264
country_name,(Intercept),Uruguay,-0.04573517085356584,0.04094994474056534
country_name,(Intercept),Uzbekistan,0.4261658839048914,0.03759454335799607
country_name,(Intercept),Vietnam,0.12634001886454704,0.045391282551962446
country_name,(Intercept),Zambia,0.07766908997660317,0.03776160388196865
country_name,(Intercept),Zimbabwe,-0.03314633118909354,0.06330899514227552
