(Intercept),year2010,year2011,year2012,year2013,year2014,year2015,year2016,year2017,year2018,year2019,year2020,year2021,year2022,gendermale,age,age_squared,relationship_statuspartnered,relationship_statusseparated,relationship_statuswidowed,food1,housing1,health1,water1,air1,healthcare1,security1,social_support1,respect1,education1,interesting_activity1,recreation1,occupation1,freedom1,personal_income,relative_income,country_average_food,country_average_housing,country_average_health,country_average_water,country_average_air,country_average_healthcare,country_average_security,country_average_social_support,country_average_respect,country_average_education,country_average_interesting_activity,country_average_recreation,country_average_occupation,country_average_freedom,gdp,growth,government_effectiveness,democracy,social_protection,personal_income:democracy,democracy:relative_income,democracy:gdp,democracy:growth
0.7362151558906083,-0.0019190228472150631,-0.004000845357671015,-0.00798571418830756,-0.0077647465876328325,-0.012098946777331115,-0.009347556886887749,-0.008251654384904532,-0.005213703079350423,-0.0010631363595119121,-0.0024693207859018706,-0.0072464663753458195,-0.003954026717992532,-5.716032604334988e-4,0.002439734971624905,4.780980371681161e-5,-9.24090625076024e-8,-2.2083070235941402e-4,0.0017001769816996502,4.606620024817915e-4,6.764094849443527e-6,-0.002627306388578433,-6.041754044157935e-4,-6.886560622254369e-4,-1.5880952963120347e-4,-0.0010641259010288294,-2.3790261306011083e-4,-0.001477228390356346,4.887611749060094e-4,0.0026159915160903725,5.40195984048861e-4,-0.001664231118239889,7.823426913820287e-4,-4.337690793319881e-4,-6.44405704194399e-4,-1.87636531150899e-5,4.571081040477904e-4,-3.8319296204161404e-4,-0.0011598255179946242,1.7915579458854173e-4,-3.861760510664028e-4,1.9571237911420296e-4,3.444548125218861e-4,1.1561425005193996e-4,-0.0014468304912232904,5.106306520357582e-4,3.3253189658485313e-4,-1.9384057334003994e-4,-0.0026592736338386927,7.753779243046734e-5,-0.03773931907301603,4.534083694940753e-4,0.014007593623760807,0.10066855430228513,5.965946918230945e-4,7.234568673429041e-4,-4.555163870036194e-7,-0.011065022184768285,-6.233246097624003e-4
-0.0019190228472151672,0.0013854196539090139,0.001096749333481833,0.0011073955619318014,0.0010836089876599228,0.001258071592150043,0.0011875867663014002,0.0011391470668474523,9.97054339660987e-4,0.001028962555330736,0.0011610914614329957,0.0012813990782759221,0.0012104437855687282,0.001191136132294333,-2.8618721732456598e-5,1.2117526560864626e-5,-1.027340568117806e-7,-2.498950346120029e-6,-3.919881083322933e-6,2.0585459122113375e-5,-5.646738573029438e-5,-1.2240918719395598e-5,-8.364268247090719e-5,4.3757297442762194e-5,3.6822096192481594e-6,2.7936609397808716e-5,-1.7088174898919718e-5,-4.957627868329872e-5,-1.9633269498985844e-7,-5.443748580970692e-5,2.3798208123727853e-6,3.1333448002444136e-5,-4.776154541472697e-5,-3.913770372851573e-5,2.6052711927845873e-5,2.8495814804419536e-7,2.590608017030106e-6,8.593071879616993e-6,-2.5740629689005053e-6,-1.441094753832762e-5,1.2717310666291956e-5,7.582046214159167e-6,-7.955377206165311e-6,6.111585838329981e-6,-4.477043948197317e-6,-5.2510165779495854e-6,-1.928615098885968e-5,-6.555949246234989e-6,5.4728282800017604e-5,-9.571372841577541e-6,-3.2829864361967555e-4,-7.834868957733714e-6,-1.1419184982494402e-4,3.4294140240609673e-5,9.354861901843083e-6,-2.639077467580058e-5,4.382984593619988e-7,1.6261739951554798e-5,-5.411940960332336e-7
-0.004000845357671073,0.0010967493334818313,0.002522360617490405,0.0018638558300331036,0.0017163806347475507,0.0020053091391470535,0.0019809812108146016,0.001922439531661312,0.0019866915192163354,0.0020137719469259237,0.001854755220157043,0.0020061874581896845,0.0018939309503329751,0.0017326507593179944,-7.565892036657312e-6,7.718094601579767e-6,-1.9455103789538522e-8,2.766145667262705e-5,-6.532559500239824e-5,3.887482582032013e-5,-3.748774722563046e-5,6.684299038793496e-5,-1.019895417185242e-4,6.971203299537377e-5,3.145717614010262e-5,-5.7002810376579894e-5,-1.9812574795882602e-5,-1.2491315706800388e-4,8.412401270578595e-5,-5.943610005861799e-5,7.752579890406377e-5,3.750327665071783e-5,-8.143675988932643e-5,-3.7805865723275546e-5,-1.197166440915453e-4,2.2181271750410023e-6,-2.518197661551551e-5,2.8568733382907776e-5,-2.8308046322792933e-5,-1.1426109437561563e-5,2.6076361094482334e-5,-1.3863617805723895e-6,-3.3037127478376836e-5,1.4580862793008883e-5,-3.2348482492051727e-5,1.7313229532236634e-5,-2.3300528880124686e-5,3.247953091754237e-5,4.806142498724439e-5,-2.0675860122392846e-5,1.1573354267337103e-4,-2.827283217589863e-6,3.968565159168086e-4,-0.003585387266501501,1.283885361200757e-5,-1.2148454506999613e-4,2.0478370514491904e-6,4.119892209530191e-4,-1.2388123748788325e-5
-0.00798571418830754,0.0011073955619318057,0.0018638558300331134,0.0027213564815828225,0.0022646730758052735,0.002400242284511089,0.0021049205456444326,0.0020641981531679737,0.0021991787378640884,0.002137963964107552,0.002033226663395607,0.002078387730868629,0.001982382326854686,0.002052589411775712,-3.581485790533057e-5,7.926295078712124e-6,-2.5956177919883225e-8,5.157688641535314e-5,-4.1540262852056044e-5,3.667944451907082e-5,-2.4886546341346304e-5,9.245084964964427e-5,1.6429557678686521e-6,2.8601024080364394e-5,3.4498714672683955e-5,-4.522742510785183e-5,1.8868129891409185e-5,-1.4451549506382264e-5,1.0802133699080705e-4,-7.792344283966342e-5,5.9808697833204634e-5,6.706886717641756e-5,6.218982209300426e-5,1.298076291873135e-5,-6.259541946015955e-5,2.9690954246754207e-6,-2.8659115377991572e-5,5.163430503990274e-5,1.7993165512276978e-5,-5.443949550454512e-6,1.213110596128252e-5,-2.1827545965452187e-6,-1.4865348169794047e-5,1.4338929704224858e-5,-1.4278846344985801e-5,3.3077948870355382e-6,-1.6446830805338474e-5,4.040631388715284e-6,1.0089009778808464e-4,-8.912249283245532e-6,-7.08534178017207e-4,-1.1771870440905122e-4,1.874900799070934e-4,-9.766426978503435e-4,2.7207077831901405e-5,-6.399727381596803e-5,8.626038352717951e-7,9.745047114729866e-5,-6.532347865716089e-5
-0.0077647465876326685,0.0010836089876599254,0.0017163806347475542,0.0022646730758052675,0.0030817555133440915,0.0026193625994172364,0.0022128112744719632,0.002151529711069888,0.0022391713701274446,0.002089486586478684,0.002005406727138662,0.002115315653536974,0.0018958617167839046,0.0020691344577398957,-5.646534031917781e-5,-1.479678132832646e-5,1.5961542531304177e-7,1.1136708133184967e-4,5.1173969222264905e-5,6.9740204519963e-5,6.201680138849363e-5,1.4286758319501604e-4,1.1252126034530544e-4,-2.0652244322229072e-5,1.1248583907305814e-4,-1.851171181103856e-5,3.205122623916692e-5,2.0164511683530564e-5,1.405099822117762e-4,-1.5795626856041458e-4,7.657810371220836e-5,8.527313252523725e-5,7.714069118798275e-5,1.4375540521710548e-5,5.613769462448137e-6,1.751704018989815e-7,-3.559355902634814e-5,3.823607564326323e-5,2.5430482774218045e-5,-2.4791890939417584e-6,1.1595516912981028e-5,1.2346633310891985e-5,-1.2549787619222566e-5,2.360114042009805e-5,-2.5200242791628083e-6,-1.2839328895811536e-6,-2.383290078302369e-5,9.850222111921499e-6,1.002580010436067e-4,-1.9482294692162987e-5,-7.730446474813073e-4,-8.59582012041808e-5,4.913424322420027e-4,-7.567536865536625e-4,1.7725565804027956e-5,-8.704071534332344e-5,3.7828001214159354e-7,9.856863055251107e-5,-7.100871828289007e-5
-0.012098946777330876,0.0012580715921500446,0.0020053091391470583,0.002400242284511086,0.002619362599417239,0.0035388420568502684,0.0028309503592896684,0.00270481452785908,0.0026174623317341433,0.0025714100585175668,0.002548074436650554,0.0025352500312905307,0.0024095277875851237,0.0024860018436697515,-1.8290994135932912e-4,-9.759447595087195e-6,1.2231243977966936e-7,1.4725131038703426e-5,-6.462867668786375e-5,5.572042541587398e-5,6.113316896204031e-5,7.448492615057985e-5,-1.6652028936541842e-5,7.119988110780153e-5,3.722668105939068e-5,2.7806928302137407e-5,-1.1363231996909354e-5,-2.9603719694071443e-5,7.840188554981102e-5,-2.144031182321492e-4,5.599180640228101e-5,1.1799503879543182e-4,7.155982200415952e-5,4.506551761139171e-5,-2.0492144659086603e-5,7.333429422582565e-7,-2.393827011913719e-5,3.305445546544866e-5,-6.714863021010221e-6,-3.4622710808287883e-6,2.1360017580989082e-5,7.220140065717066e-6,-2.373888097520207e-5,2.1120733236371042e-5,3.2655250999816314e-5,-2.4819430926468357e-7,-2.7315014778611008e-05,2.3335749123566747e-5,1.0751656678092614e-4,-3.275520238384742e-5,-4.118213642185988e-4,-7.609061227437662e-5,3.5772180261193034e-4,-0.003699787103798368,1.2970418370523817e-5,-6.596416902005534e-5,4.5397291128782567e-7,3.708759632286684e-4,-7.289242017247028e-5
-0.009347556886887768,0.001187586766301398,0.001980981210814602,0.0021049205456444256,0.0022128112744719593,0.002830950359289662,0.0033054460252893523,0.0027386659200355204,0.0026388906696465865,0.0026642663118450617,0.0025884742192393,0.0026613666236694816,0.0025119348949664546,0.002591254480726854,-8.837888782382543e-5,3.0011675822652845e-6,-1.9401604682970762e-8,2.5307408694930133e-5,-6.648413285649979e-5,5.448808756967954e-6,-1.8335591406748582e-5,1.0273897636723902e-4,-7.181944095704391e-5,4.4929423854145456e-5,5.986706114220468e-5,-4.6410882243813207e-5,-6.922674043980533e-5,-1.0348166008005051e-4,1.0852249283333784e-4,-1.8748654444155705e-4,3.88447248800907e-5,3.55323862360208e-5,-3.923526542998401e-5,2.1495754696656558e-5,-6.966585463440268e-5,5.817817626628018e-7,-2.289465184823725e-5,3.0346949590006783e-5,-2.6648580265692995e-5,6.667423722949678e-6,1.0345291341406966e-5,1.5304067153742444e-5,-3.446437526489138e-5,2.773136779132224e-5,3.138400606424211e-5,7.032979732989237e-6,-3.659786312567811e-5,2.108442127418876e-5,8.252128209554281e-5,-3.0624543079115434e-5,-2.4237874689089287e-4,-5.395150654697366e-5,5.214425089228632e-4,-0.005731962407398216,3.825414642138993e-6,-5.6160185693477336e-5,1.8223361009044232e-6,5.590681955771066e-4,-9.614198104979659e-5
-0.008251654384903571,0.0011391470668474508,0.0019224395316613096,0.0020641981531679646,0.002151529711069885,0.0027048145278590775,0.002738665920035526,0.0030230754479001133,0.0029162059197234496,0.00295345344626612,0.0028297819424932015,0.0024169864363050493,0.0025180090492704027,0.0025596951078061805,-8.793109888384596e-5,3.7814841475504035e-7,1.1796407916401742e-8,3.94947372792403e-5,-3.382610622239079e-5,4.9193567354273555e-5,8.542819461183833e-6,1.0546060684856152e-4,-6.016833322716619e-5,2.5311356416008322e-5,5.1379901541401866e-5,-3.8926892936349414e-5,-2.572048315856451e-5,-1.340209888970188e-4,1.2822698168082796e-4,-1.2446070249399083e-4,3.711979875395642e-5,5.110011141796149e-5,-4.479628616338608e-5,4.27088714246656e-5,-1.6843314052672286e-4,3.733133466341992e-6,-9.703021318356756e-6,3.482435821624248e-5,-3.649111208847225e-5,-2.513518812081631e-6,2.5883211003791516e-5,3.7225198633082396e-6,-3.035765270799042e-5,8.882227750779013e-6,3.154276599904252e-5,5.7410985502926795e-6,-2.4776570880878263e-5,3.183729597896737e-5,7.218902477984072e-5,-3.32534409947619e-5,-2.2573674002478538e-4,-9.823517643891934e-5,3.2561747746457135e-4,-0.003802784934427371,1.243504303367664e-5,-5.794125905130201e-5,7.715858124715515e-7,3.71139507417281e-4,-1.214327967797507e-4
-0.0052137030793497725,9.970543396609886e-4,0.001986691519216338,0.002199178737864085,0.0022391713701274438,0.0026174623317341424,0.002638890669646596,0.0029162059197234526,0.003652263563165205,0.0034539093193849263,0.003236969585196752,0.0028009136864219587,0.0029245508137282833,0.002841673028216395,1.607182227757498e-5,8.316635255396376e-6,-1.790894066027702e-8,-1.0830530297556953e-5,-7.602449606484385e-5,-3.5090938305110284e-5,-1.371633332714463e-5,3.29201349560977e-5,-1.1947272504019142e-4,3.1616510365435064e-5,3.6389987971268266e-5,-4.805698754402012e-5,-2.4150971628588158e-5,-1.2162292590470495e-4,9.300770500878346e-5,-4.150259243462866e-5,6.271856349172249e-5,1.7026322064819854e-5,-2.6688001215954477e-5,-1.2700611873155711e-5,-2.334869981714539e-4,6.159811230084006e-6,-1.7948632896542098e-5,5.531267232707916e-5,-5.1726972143626055e-5,1.1007859808184843e-5,1.3384445039348832e-5,-3.548714702703883e-6,-2.969521370272639e-5,8.614112760500386e-6,-2.16768420389671e-5,4.845895072826229e-6,-1.5957041165289408e-5,4.265010833783359e-5,6.157344583977005e-5,-3.0412497645566085e-5,-3.121637294681362e-5,-1.3763595967902022e-4,2.3847986590027923e-4,-0.0043762640181162805,1.2216105785253092e-5,-3.2856939838435374e-5,5.755736147183651e-7,3.995005930056993e-4,-1.223209178452523e-4
-0.0010631363595106488,0.0010289625553307348,0.002013771946925917,0.002137963964107542,0.0020894865864786805,0.0025714100585175624,0.0026642663118450673,0.002953453446266116,0.003453909319384923,0.003829044886235967,0.003526240866812485,0.002801946659448511,0.003006760726965705,0.0029351223466574537,-1.555103019288114e-5,1.1231981650337243e-5,-6.355510409560961e-8,-1.845763901090883e-5,-9.048089652909483e-5,-3.137338173056523e-5,-2.832552033677976e-6,7.689398331107476e-5,-7.460379910349966e-5,2.7387194509203788e-5,6.630017412881641e-5,-6.663454377411224e-5,-1.679546833575804e-5,-7.303088466258796e-5,1.536335560333996e-4,-8.31035908494695e-5,4.5655692942436906e-5,1.6958422588515456e-5,-6.2390764101485805e-6,3.940458583317479e-5,-2.808738141593257e-4,6.544194570512906e-6,-1.9678277366975233e-5,6.458978888328983e-5,-8.31126601303242e-5,8.552717969485563e-6,1.5540053065546674e-5,-1.787513085768914e-7,-2.8742012963107503e-5,6.448308866886514e-6,-1.8308587750788656e-5,1.2979938493451386e-5,-1.4114186451448547e-5,5.11465282043866e-5,4.8861941102470596e-5,-3.618438601000113e-5,-2.5852989807537114e-4,-1.5881997579787776e-4,3.2762421663124137e-4,-0.0019464864779134164,1.376891090726987e-5,-1.1495405419134292e-5,-3.009957744085565e-7,1.415772347854946e-4,-1.4180277159556154e-4
-0.0024693207859019465,0.0011610914614329987,0.0018547552201570495,0.002033226663395604,0.0020054067271386604,0.002548074436650552,0.0025884742192393067,0.0028297819424931985,0.003236969585196747,0.003526240866812483,0.004063093476255712,0.0029874446244249017,0.00322850596867247,0.003106704737624918,-6.489201891217261e-5,1.540218225740007e-5,-9.30934685925823e-8,-1.4245104402490943e-4,-1.904567046332078e-4,-8.023321494103288e-5,-5.16810959416266e-5,2.6579472400275918e-5,-2.1870543384625214e-4,5.4234598797616854e-5,4.878252962591492e-5,-1.6370075328088454e-5,-2.3225839239364745e-5,-5.9711134770227835e-6,5.9023721301795447e-5,-5.312932512862909e-5,1.908205850616111e-5,7.79244345022794e-6,-4.801465626968595e-5,-8.09068897304817e-6,-1.5410574270633619e-4,4.8930932824456535e-6,-8.807850555462329e-6,6.55546486884943e-5,-4.219667908139927e-5,1.4348072592362415e-6,2.6465249082050543e-5,-7.673545103040704e-7,-3.385082412630428e-5,-2.3200612081939857e-6,-3.625831118153108e-6,-3.2961251790313792e-6,-2.329864616976458e-5,2.879892010835989e-5,8.343080126000207e-5,-3.618647516088908e-5,-7.228581018518076e-4,-1.3768082252270023e-4,2.860401853501242e-4,-2.871385167809854e-4,2.5024925540770198e-5,4.657250621009909e-5,-1.337491260625108e-6,-6.754049713576237e-5,-1.4969398186000991e-4
-0.007246466375345884,0.0012813990782759206,0.0020061874581896824,0.002078387730868617,0.0021153156535369685,0.0025352500312905224,0.0026613666236694807,0.002416986436305044,0.0028009136864219474,0.0028019466594485032,0.0029874446244248895,0.003973923623683583,0.0032744725906264003,0.0030248467404639973,5.003959056136268e-5,2.3841143396492754e-5,-2.0736450478850483e-7,-1.1136879816081672e-4,-1.6644959489781473e-4,-6.827181291560333e-5,-1.051108641422946e-4,-4.8069273300119586e-5,-2.4067645229848257e-4,3.789915476928241e-5,2.7153101642627534e-5,-3.1205786374540114e-5,-9.350876015401493e-5,-6.808860826406814e-5,5.283155738928384e-5,-1.341246713704323e-4,5.163845052198255e-5,-6.179220755816082e-5,-1.2531222198891416e-4,-5.04902116694292e-5,-1.2689463798624894e-4,5.436014586315644e-6,-1.5033867537555257e-5,5.1266189697154727e-5,-2.1801288010410534e-5,-1.5502366434355317e-5,1.963071038377574e-5,1.006685114554663e-5,-3.8210504521791344e-5,8.988547850683324e-6,-5.444282608816183e-6,-1.3596222059491332e-5,-3.797852000939329e-5,1.229489194657046e-5,7.769421272952478e-5,-2.393616308750897e-5,1.0617231152934342e-4,2.2890172018365236e-5,3.5340771743715463e-4,-0.00444038295224938,7.641633471016865e-6,-4.711123086368027e-5,2.101966549816882e-6,4.3131975447428036e-4,-8.139021389368002e-6
-0.003954026717991595,0.0012104437855687204,0.001893930950332962,0.0019823823268546657,0.0018958617167838896,0.002409527787585109,0.00251193489496645,0.0025180090492703863,0.002924550813728268,0.0030067607269656884,0.0032285059686724626,0.0032744725906263972,0.003648296735185042,0.0031009876388657536,4.344902573657616e-5,1.744833449555529e-5,-1.9663346636331105e-7,-6.722607907737142e-5,-1.1428315918007887e-4,-5.9222145450901936e-5,-8.806078031599421e-5,3.5767412121212456e-6,-2.0343977697739003e-4,3.9305981923941303e-5,2.5152847133133846e-5,-4.0406002531766964e-5,-2.2323706778725562e-5,-2.3976477562144553e-5,9.054406466450597e-5,-1.1012754165003e-4,3.9869332112257767e-5,-1.3696618934449296e-5,-2.9474720746689422e-5,1.4742706189120792e-5,-9.12274044506125e-5,5.880884295713643e-6,3.6327531525977866e-8,5.216012679998047e-5,-3.497476812233953e-5,-1.7766142648471525e-5,2.5264771085633926e-5,-4.26957306428083e-6,-2.7161445434256252e-5,1.07118601933797e-5,-1.289722986305274e-5,-5.244228328570414e-6,-3.150179094176736e-5,3.10305827476257e-5,6.765983796900767e-5,-2.7544775969105465e-5,-3.8458434920877744e-4,-3.585427871399352e-5,2.62284889298522e-4,-0.0036215122495511882,1.3624147106496286e-5,3.772587777829406e-5,9.672896997886756e-7,2.7532768454237766e-4,-7.198644152448803e-5
-5.716032604324371e-4,0.0011911361322943443,0.0017326507593180122,0.0020525894117757186,0.0020691344577399118,0.002486001843669764,0.0025912544807268826,0.0025596951078061905,0.002841673028216407,0.0029351223466574624,0.003106704737624948,0.003024846740464039,0.003100987638865785,0.0037140795299570174,1.4116089123222147e-5,1.116113634475259e-5,-1.362945532894619e-7,-1.9094603645216455e-5,-9.466421423111387e-6,1.3210562445612209e-5,-1.08279471403156e-4,3.4438922377099096e-6,-1.0167301311219136e-4,2.6697828710019876e-5,3.840138001495148e-5,-3.0776415062014e-5,-3.6272260297240204e-5,-4.925343498855639e-5,1.0089778942426744e-4,-1.1454498870901443e-4,6.750855196942659e-5,-7.157024570903021e-6,-2.8577138218004233e-5,2.3215750205373233e-5,-1.912193094323476e-5,1.87870668411216e-6,-1.3137772516536615e-5,5.6787987110737784e-5,-4.774608174376164e-6,-6.516932309906055e-6,1.0860352520658795e-5,6.717362268811839e-6,-2.1306578168394405e-5,1.3645242120971122e-5,-1.086909506440918e-5,-3.878388356930781e-6,-2.5385109829059067e-5,5.394736200050554e-6,7.056945955160934e-5,-2.383549586588479e-5,-0.0010079764008120466,-4.126718495292274e-5,4.2882562759771254e-4,-9.052693814648837e-4,2.1845679737577553e-5,-8.705837064161104e-6,2.305939452592815e-6,3.193464830467488e-5,-9.924681309831168e-5
0.002439734971624897,-2.861872173245707e-5,-7.565892036657999e-6,-3.5814857905331065e-5,-5.646534031917824e-5,-1.829099413593298e-4,-8.837888782382582e-5,-8.793109888384664e-5,1.6071822277574497e-5,-1.5551030192881646e-5,-6.489201891217327e-5,5.0039590561362114e-5,4.3449025736575716e-5,1.4116089123222491e-5,1.8969087028001934e-4,1.3070130077206707e-5,-1.3556410715765552e-7,3.9316594916440644e-7,2.4320177046096414e-6,-1.562545279277723e-5,-7.227691880582648e-5,-3.4284012660462155e-5,-2.2030236246346807e-5,-1.9258467886959914e-5,-1.7858214362227083e-5,-2.404104516835538e-5,-6.265242284373675e-6,-7.159466104110452e-5,-3.333766507172877e-5,2.5951864977557925e-5,-9.002838205574005e-6,-5.712728146578281e-5,-5.523563903732286e-5,-6.07441463178762e-5,6.585255554625224e-6,-5.16353348813238e-7,-1.4741719668871022e-6,1.2752114258147336e-6,-2.5083859752040054e-6,3.97197255899374e-6,-6.575412693015594e-6,3.321926358456836e-6,1.934605276448001e-6,1.1385504864815888e-6,-9.970574578733218e-6,3.3826973227502582e-6,-2.4458390563671805e-6,-3.987673505717128e-6,-1.3617823468190102e-5,5.799160586625321e-7,-1.9583621485678945e-5,2.3238799308623724e-5,6.516398753713185e-5,-2.8041245295106013e-4,-2.8631952066225728e-6,-3.5947925141657035e-5,1.1312030393688212e-6,5.6878642484650585e-5,-3.0612097339252607e-6
4.7809803716806916e-5,1.2117526560864574e-5,7.718094601579818e-6,7.926295078712085e-6,-1.479678132832658e-5,-9.759447595087077e-6,3.0011675822652434e-6,3.7814841475504056e-7,8.3166352553965e-6,1.1231981650337192e-5,1.5402182257399933e-5,2.384114339649264e-5,1.74483344955552e-5,1.1161136344752698e-5,1.3070130077206713e-5,6.8072421290464365e-6,-6.566010934298904e-8,-1.7578964746439345e-5,-2.4447061686568683e-5,-1.5400298640809393e-5,-1.730678608808847e-5,-4.2047163291288794e-6,-2.8875970333157886e-5,5.28555953435611e-7,-9.197825236453996e-6,1.219706815456514e-6,-2.415156956489295e-6,-1.2984024477162826e-5,-1.3095150198871086e-5,9.779945396275283e-6,-3.810252054004882e-6,-8.719459347688705e-6,-1.4321407105331763e-5,-1.1881837646796794e-5,3.7128394670591455e-7,1.674613074009759e-7,5.288034471568694e-7,1.3715499822528522e-6,-1.384514786701177e-7,1.1170160418873616e-6,-1.6943581789686418e-6,-6.197379470673863e-7,-1.3527336331167402e-7,-1.7827890693813899e-6,3.024863534174015e-7,-1.2408579152183926e-6,-5.523744937819521e-7,3.5096568348124334e-7,-2.5613331395321917e-7,-5.825312317779014e-7,9.518578293708633e-6,1.9949010402079603e-6,-2.5178181201604416e-5,8.178350462801593e-5,3.380620072405128e-7,1.0153678102344176e-5,-7.085946871193468e-8,-1.4458449632247267e-5,7.519310048492003e-7
-9.240906250755027e-8,-1.0273405681178003e-7,-1.9455103789539247e-8,-2.595617791988234e-8,1.5961542531304294e-7,1.2231243977966817e-7,-1.940160468297063e-8,1.1796407916401262e-8,-1.790894066027845e-8,-6.355510409561008e-8,-9.309346859258162e-8,-2.0736450478850358e-7,-1.9663346636330983e-7,-1.3629455328946375e-7,-1.3556410715765562e-7,-6.566010934298922e-8,7.197286668178422e-10,1.44263384479318e-7,1.8560193156355088e-7,1.3059471798001086e-7,1.373511462216596e-7,3.48470329864004e-8,2.4394253467109714e-7,1.385308656425718e-8,8.681128614386413e-8,3.855805538054307e-9,1.701433287525418e-8,1.1665454206149559e-7,1.0508756613359248e-7,-6.77553394887333e-8,1.763013865273489e-8,8.816379265351687e-8,9.751101819993284e-8,7.665547549178302e-8,8.684373564227519e-9,-2.167145028808314e-9,-6.887207592609872e-9,-1.1242760228731278e-8,1.667032994673761e-9,-1.0391372667036889e-8,1.733178617751911e-8,6.648693354379679e-9,-3.738915809713045e-10,1.636831070546842e-8,-6.630231575889441e-9,1.0554581331163604e-8,3.906925436484839e-9,-2.9979763369101572e-9,6.008013689331986e-11,5.037536015687537e-9,-7.73588616006851e-8,-3.116091151001882e-8,1.5008934638707254e-7,-3.209695458712705e-7,-5.487255275302462e-10,-1.390054122589045e-7,8.302514728597061e-10,1.3375880123900289e-7,-1.0080738733591527e-8
-2.2083070235943278e-4,-2.4989503461195953e-6,2.7661456672626843e-5,5.15768864153532e-5,1.1136708133185006e-4,1.4725131038703277e-5,2.5307408694930326e-5,3.9494737279240485e-5,-1.0830530297557451e-5,-1.8457639010908915e-5,-1.4245104402490894e-4,-1.1136879816081601e-4,-6.722607907737075e-5,-1.9094603645216814e-5,3.931659491644149e-7,-1.7578964746439206e-5,1.4426338447931613e-07,2.66713547159784e-4,2.236353968952338e-4,1.4400242555163566e-4,7.809553006917007e-5,5.85462774891294e-5,2.0699721878497389e-4,-3.97116785118578e-5,5.5757350337072186e-5,-1.6566868743914158e-5,3.988708710526568e-5,3.3993155189149874e-6,1.4511383925570353e-4,-5.160865510547921e-5,3.985340053273512e-5,2.0533906553460116e-5,8.897483784993874e-5,1.057159267320251e-4,-2.872151590887988e-5,-4.680006272941993e-7,1.48844837230017e-6,-4.221552454066531e-6,3.301247994015897e-7,-3.2500610070328985e-6,9.385662094122682e-6,-7.626477825546948e-7,-2.505436177490038e-7,5.928997759669217e-6,1.3803081050803265e-6,8.206927757008986e-6,4.099429082509563e-6,-8.762465723063188e-6,-5.1852100136420244e-6,5.915850553410092e-6,-7.781611804347396e-5,-1.1484191366239153e-5,7.771112698511318e-5,-2.1269999046224752e-4,-1.6959317444953996e-6,-3.487890937429508e-5,-5.466337174929316e-7,4.3487040001687705e-5,-1.9314919236545185e-6
0.0017001769816996511,-3.919881083322607e-6,-6.532559500239855e-5,-4.154026285205606e-5,5.117396922226515e-5,-6.46286766878642e-5,-6.648413285649976e-5,-3.382610622239082e-5,-7.60244960648444e-5,-9.048089652909502e-5,-1.904567046332074e-4,-1.6644959489781451e-4,-1.1428315918007859e-4,-9.466421423112045e-6,2.4320177046096965e-6,-2.444706168656892e-5,1.856019315635527e-7,2.23635396895235e-4,3.5525587361285546e-4,1.7586476138400445e-4,7.322613785317083e-5,2.4663349418746264e-5,2.1797901755924505e-4,-3.1425343113429316e-5,3.9798859514531516e-5,-4.656102661714222e-6,3.419155396693461e-5,7.918981729755387e-6,1.0889918980228113e-4,-4.412302144847886e-5,2.0818063329125282e-5,2.33909496272391e-5,1.0859159955571128e-4,7.663642375300482e-5,-3.312496854528035e-5,-5.537029339172461e-7,5.568313068108124e-6,-1.2909307189295947e-5,2.3993996188677755e-6,-5.705630031764583e-6,1.1770829132662577e-5,3.385753100300554e-6,2.576833586944053e-6,9.481805120494333e-6,-1.8013560708744244e-6,9.670694407990689e-6,2.270815462364073e-6,-4.897418901965815e-6,-4.649946086251719e-6,6.218670941648578e-6,-3.019137411805208e-4,-3.1805686737445643e-6,2.0228775556231358e-4,2.9099484906474065e-4,7.376042914051352e-7,-9.612409101248693e-6,-7.904068215189379e-7,-2.9691641492603775e-5,1.4050820804348387e-6
4.6066200248177377e-4,2.058545912211364e-5,3.887482582031983e-5,3.667944451907024e-5,6.974020451996282e-5,5.572042541587358e-5,5.448808756967799e-6,4.919356735427351e-5,-3.509093830511067e-5,-3.137338173056546e-5,-8.023321494103291e-5,-6.82718129156032e-5,-5.922214545090205e-5,1.3210562445612075e-5,-1.5625452792777157e-5,-1.5400298640809597e-5,1.305947179800141e-7,1.440024255516366e-4,1.7586476138400494e-4,2.742264928294997e-4,1.6758562813064685e-5,4.4815282387757665e-6,9.629328166423602e-5,-2.666540621136223e-5,3.384191032914863e-5,-3.3957450354769553e-6,1.0758660974367027e-5,-3.9110169224289255e-5,8.977717798758072e-5,-5.3900208979052164e-6,1.8616543521069948e-6,-1.421114922425053e-5,4.125067158462183e-5,2.9835965914829672e-5,-5.297725483718911e-6,-1.2782523326164945e-6,1.0342237277263297e-6,-6.446784648903981e-6,-6.098423223153387e-6,-4.244085806419486e-6,9.098917834256684e-6,-1.8243698284127893e-6,6.815716788388789e-7,8.467801493700551e-6,1.6843700022008927e-6,6.864737066091388e-6,3.931040066104451e-6,-4.128538242268364e-6,-1.951327440139328e-6,4.596278657137099e-6,-1.2084878166672895e-4,-8.045577655685288e-7,1.5031677290735056e-4,-1.7208359215271462e-4,1.7967155699645663e-7,-1.5660716267366527e-5,1.1796483733702949e-7,2.3091483200211668e-5,-1.3002375657275559e-5
6.764094849421756e-6,-5.646738573029427e-5,-3.748774722563031e-5,-2.4886546341346176e-5,6.20168013884933e-5,6.113316896204036e-5,-1.83355914067487e-5,8.542819461183679e-6,-1.3716333327144707e-5,-2.8325520336780644e-6,-5.168109594162663e-5,-1.0511086414229486e-4,-8.806078031599435e-5,-1.0827947140315647e-4,-7.227691880582644e-5,-1.7306786088088303e-5,1.3735114622165793e-7,7.809553006916947e-5,7.32261378531703e-5,1.6758562813064566e-5,2.2233687292463742e-4,1.460938896766488e-5,1.0552542877369928e-4,-4.000555795801961e-6,1.4355378473413438e-5,-1.2272808367240435e-5,2.295212617399418e-5,8.215425120143964e-5,4.006453922876761e-5,-8.118015487607867e-6,4.9969733660028334e-5,4.0481886146248103e-05,1.0426967803766917e-4,1.0511970466735793e-4,-3.5646104760151214e-5,1.259024237230714e-6,5.0858509533837535e-6,-5.475341141215101e-6,-2.0937402646378483e-6,-3.294196138738759e-6,3.3680765937918777e-6,-1.2482606216952808e-6,7.964075723183958e-8,1.2815153193347425e-6,1.468291664110228e-6,4.07917541031399e-6,2.4103735426559955e-6,4.788702355269376e-6,4.023999867483888e-6,6.937871186596534e-7,-8.700146929565639e-5,-1.5260111815357933e-5,8.41730352735489e-5,-4.286109408344277e-4,-2.621995153090975e-6,7.261226946227936e-6,-7.494750858202246e-7,4.0125857641977876e-5,-3.476176444106108e-6
-0.0026273063885784444,-1.224091871939575e-5,6.684299038793503e-5,9.245084964964404e-5,1.4286758319501596e-4,7.44849261505794e-5,1.0273897636723876e-4,1.0546060684856146e-4,3.292013495609777e-5,7.689398331107423e-5,2.657947240027574e-5,-4.8069273300119776e-5,3.5767412121210368e-6,3.44389223770979e-6,-3.4284012660462216e-5,-4.204716329128877e-6,3.484703298640034e-8,5.854627748912933e-5,2.4663349418746156e-5,4.481528238775789e-6,1.4609388967664915e-5,2.183199651427615e-4,7.69597071647046e-5,-2.5935111945250973e-5,4.9230143404357706e-5,-3.767365551156194e-5,2.8085380974022447e-5,-5.415348884303201e-6,7.97327442037888e-5,-5.492684545830309e-5,-5.544334136345687e-6,2.1427935510625536e-5,4.535930675053542e-5,3.0554848417700724e-5,5.744735310915372e-6,-6.180712332504584e-7,-9.625453216259456e-6,8.8000924163002e-6,-5.172847723489507e-6,-1.0304332597062778e-6,-5.237835423371217e-7,2.1967014407304463e-6,2.6661806492447036e-6,-7.068098687727976e-7,7.409450027858931e-6,4.316342909831179e-6,5.481482971216699e-7,7.911393885795898e-7,5.976614145418066e-6,-5.2121809422683565e-6,1.7423658259121838e-4,-2.0412417523777488e-5,-4.4535896282256915e-5,-6.012379965832211e-4,-6.842882077917169e-6,-4.062078799952289e-5,4.805840069499521e-7,1.0033299441427923e-4,-1.2670351177302367e-5
-6.041754044158042e-4,-8.364268247090718e-5,-1.0198954171852433e-4,1.6429557678686782e-6,1.1252126034530543e-4,-1.665202893654211e-5,-7.1819440957044e-5,-6.016833322716638e-5,-1.1947272504019147e-4,-7.460379910349986e-5,-2.1870543384625208e-4,-2.4067645229848228e-4,-2.034397769773902e-4,-1.0167301311219129e-4,-2.20302362463468e-5,-2.8875970333158056e-5,2.439425346710984e-7,2.0699721878497443e-4,2.17979017559246e-4,9.629328166423619e-5,1.0552542877369918e-4,7.695970716470474e-5,4.073084248690083e-4,-5.7538490341084844e-5,6.300188495947029e-5,-4.593105859398412e-5,5.054635571617509e-5,4.8171737725753157e-5,1.823128092833708e-4,-9.046052079009502e-5,4.803071079712717e-5,4.1189246265581374e-5,1.4471136866579053e-4,1.4138330260552744e-4,-3.719667963790363e-5,-1.3256270163933916e-6,-8.403089416276088e-6,9.536915587897601e-7,6.545241092806796e-6,-1.9046963322166858e-6,4.268696348839234e-6,4.154068950859406e-6,9.441360966776913e-7,8.03346226495186e-6,-1.0291622505184594e-6,1.1271449807127302e-5,1.2685179405932978e-7,-1.0711623127231896e-5,-5.207365795645047e-6,9.154198623417814e-6,-6.194072131757059e-6,-1.4878399746242581e-5,2.0247903980920293e-4,-5.791845737204078e-4,-6.862947959133721e-6,-7.784792304764296e-5,2.8210824593796656e-7,1.1454973917737772e-4,-6.350682777426842e-6
-6.886560622254333e-4,4.375729744276213e-5,6.97120329953737e-5,2.8601024080364363e-5,-2.0652244322229147e-5,7.119988110780149e-5,4.492942385414545e-5,2.5311356416008268e-5,3.161651036543506e-5,2.7387194509203866e-5,5.423459879761681e-5,3.7899154769282315e-5,3.930598192394114e-5,2.6697828710019795e-5,-1.9258467886959917e-5,5.285559534356333e-7,1.3853086564256935e-8,-3.9711678511857945e-5,-3.14253431134294e-5,-2.666540621136225e-5,-4.0005557958019785e-6,-2.593511194525098e-5,-5.7538490341084885e-5,7.994717515869653e-5,-2.4459651372885914e-5,2.5943463997775168e-5,-7.484395270696794e-6,1.5187812955294112e-5,-5.328019364946312e-5,3.3515531759470075e-5,-6.238017952448809e-6,1.1245187631686065e-5,-1.3264684065304802e-5,-3.566487077820499e-5,1.1726448933302109e-5,2.12271278657429e-7,-4.848550004439865e-7,1.798974367778993e-6,3.5705634221216744e-6,2.3569567197762954e-6,-6.98034965427559e-7,-2.6074548743438857e-6,-1.9636472532042437e-6,2.0669041409621763e-6,1.7670007758664683e-6,-2.6624343480533074e-6,-1.4323279574112086e-6,2.706698969078527e-6,2.007133052115022e-6,-2.4334081036183782e-6,1.1770817872083112e-5,7.359655713359984e-6,-6.248154871767016e-5,1.5443101014763917e-5,3.2291209772104305e-7,1.1389409257467393e-5,-2.9950890262197216e-7,-8.990153319281216e-6,4.5985252415135235e-6
-1.588095296312182e-4,3.68220961924814e-6,3.14571761401025e-5,3.449871467268392e-5,1.1248583907305808e-4,3.7226681059390564e-5,5.986706114220478e-5,5.137990154140167e-5,3.638998797126805e-5,6.63001741288162e-5,4.8782529625914714e-5,2.715310164262751e-5,2.5152847133133802e-5,3.8401380014951256e-5,-1.7858214362227077e-5,-9.197825236453977e-6,8.68112861438641e-8,5.575735033707216e-5,3.9798859514531496e-5,3.3841910329148614e-5,1.4355378473413446e-5,4.923014340435772e-5,6.300188495947032e-5,-2.4459651372885887e-5,1.0052671101137438e-4,-2.342697264450053e-5,3.956030267185916e-6,6.086167288716304e-6,6.311542311517107e-5,-3.851649271682655e-5,-1.4785713782712331e-6,3.1044267639795268e-6,3.3215402674188765e-5,2.3161354122393915e-5,1.6089460218754663e-6,-1.1082042394260712e-6,-3.5382473225647776e-6,7.989480078199815e-7,9.266222672641708e-7,-2.150519031411911e-6,5.231043755195212e-6,2.561554252862594e-7,1.6694129087159225e-6,2.1151842824706797e-6,-3.830289801749981e-6,5.681890869769542e-6,1.4922438239718629e-6,-3.3954439370151045e-6,-1.1711258535657426e-6,-3.442271331669441e-7,-1.661690891361992e-5,4.434980107039165e-7,-1.2314674588756831e-5,-2.505203971463181e-4,1.5069911482308533e-6,-2.5729398800432545e-5,2.500947351112301e-7,4.200678217428848e-5,-3.578940051617048e-6
-0.001064125901028816,2.793660939780863e-5,-5.700281037657988e-5,-4.5227425107851975e-5,-1.8511711811038717e-5,2.780692830213739e-5,-4.641088224381326e-5,-3.892689293634952e-5,-4.8056987544020255e-5,-6.663454377411258e-5,-1.6370075328088704e-5,-3.1205786374540114e-5,-4.040600253176693e-5,-3.077641506201393e-5,-2.4041045168355417e-5,1.2197068154565071e-6,3.855805538054377e-9,-1.6566868743914158e-5,-4.656102661714155e-6,-3.3957450354768613e-6,-1.2272808367240481e-5,-3.767365551156196e-5,-4.593105859398405e-5,2.5943463997775144e-5,-2.3426972644500537e-5,9.005240026986308e-5,-3.934483870698118e-6,3.407695624682308e-6,-4.293765544035062e-5,3.0250285460248362e-5,-3.917848363131955e-6,1.813914707256862e-5,-2.644869245250151e-5,-1.0190114847902719e-5,1.4563650049618037e-5,4.3101787830362514e-7,5.873304210394438e-6,-3.465175099197409e-6,7.960822353066994e-6,2.4793884954999364e-6,2.583546421784439e-6,-2.620826501868841e-6,-1.6146209521066016e-6,1.0593757252566866e-7,5.626867233564202e-6,-6.773923455879448e-6,-1.0208061223173659e-6,-3.835931814759916e-6,6.814063792473046e-6,-5.87231237323252e-7,-6.004959420961247e-6,-9.02101257088463e-7,-1.4163268983961858e-4,6.180769024666312e-4,-6.392016542817832e-7,2.7226245277687006e-5,-7.928731502533837e-7,-7.621324549119126e-5,1.361907000465698e-5
-2.3790261306010343e-4,-1.7088174898919742e-5,-1.9812574795882694e-5,1.8868129891409114e-5,3.205122623916681e-5,-1.1363231996909413e-5,-6.922674043980537e-5,-2.5720483158564418e-5,-2.4150971628588114e-5,-1.6795468335758007e-5,-2.3225839239364664e-5,-9.350876015401506e-5,-2.2323706778725528e-5,-3.6272260297240076e-5,-6.2652422843736815e-6,-2.4151569564893228e-6,1.701433287525446e-8,3.988708710526577e-5,3.419155396693457e-5,1.0758660974366893e-5,2.2952126173994162e-5,2.8085380974022426e-5,5.054635571617505e-5,-7.484395270696798e-6,3.956030267185913e-6,-3.9344838706981274e-6,6.756404266856985e-5,2.756888320726958e-5,1.6961205146368923e-5,1.7832758821304523e-5,2.0295759416148416e-5,1.7238140881844425e-5,5.575399849142351e-5,2.2145227081298442e-5,8.41715240328875e-6,9.499130760898429e-8,1.230139310815633e-6,-7.281720406397512e-7,-1.659092496253144e-6,-1.5647799747042279e-6,2.0230614446910214e-6,-4.353572481329423e-6,2.087521023465286e-6,8.304291494786811e-7,1.1942139835703674e-6,-6.331048389950882e-7,2.7811849989808804e-6,8.925059679269799e-7,5.7467811024316455e-6,-9.035159742115965e-7,-4.97393966184596e-5,-6.940582841914663e-6,6.24599923913294e-5,6.460209384104028e-4,-1.5538346928589553e-6,3.3475310809263896e-6,-4.0753132987470006e-7,-6.543598033677664e-5,-3.2924067322868476e-6
-0.0014772283903563385,-4.957627868329855e-5,-1.2491315706800394e-4,-1.4451549506382343e-5,2.0164511683530713e-5,-2.9603719694071412e-5,-1.0348166008005026e-4,-1.340209888970189e-4,-1.2162292590470472e-4,-7.303088466258781e-5,-5.97111347702263e-6,-6.808860826406809e-5,-2.397647756214452e-5,-4.925343498855608e-5,-7.15946610411045e-5,-1.2984024477162733e-5,1.1665454206149457e-7,3.3993155189145245e-6,7.918981729755157e-6,-3.911016922428919e-5,8.21542512014397e-5,-5.415348884303263e-6,4.817173772575333e-5,1.5187812955294126e-5,6.086167288716306e-6,3.407695624682319e-6,2.7568883207269538e-5,2.6872903699305255e-4,-1.3936001409662412e-5,1.615668419675236e-5,1.9412501971075925e-5,3.0685282116661475e-5,8.758389228603094e-5,3.778187185729368e-5,2.40168668850828e-5,1.1730938484145044e-6,4.0896282101615125e-6,2.9971388703410123e-6,2.4081668622608636e-5,-3.3359571535376692e-6,3.3721045519574123e-6,-3.057363726501971e-6,1.6615874882305635e-6,9.987370720302857e-7,9.161429179249827e-6,-9.123425964455275e-6,2.5688117667529513e-6,-5.1618036281782635e-6,1.291514397566163e-5,9.828276243507078e-7,-2.7716232410125437e-4,-1.2021973883592625e-5,5.76838038327403e-5,0.0013335339208386354,5.806607988943987e-6,4.411176317457365e-5,-9.003698139262797e-7,-1.76992351700194e-4,3.323263396606996e-6
4.887611749059941e-4,-1.9633269498990818e-7,8.412401270578586e-5,1.0802133699080709e-4,1.40509982211776e-4,7.840188554981102e-5,1.0852249283333773e-4,1.2822698168082796e-4,9.300770500878341e-5,1.5363355603339944e-4,5.902372130179517e-5,5.28315573892836e-5,9.054406466450589e-5,1.0089778942426693e-4,-3.33376650717288e-5,-1.3095150198871038e-5,1.0508756613359199e-7,1.4511383925570328e-4,1.0889918980228096e-4,8.977717798758058e-5,4.006453922876768e-5,7.973274420378883e-5,1.823128092833708e-4,-5.328019364946313e-5,6.311542311517115e-5,-4.293765544035061e-5,1.6961205146368947e-5,-1.3936001409662365e-5,2.954453709708451e-4,-9.368387979964079e-5,3.2072832187820276e-5,-2.169997028591823e-5,5.470968918852174e-5,1.0248281592429038e-4,-5.001665122714951e-5,-8.664369545090808e-7,-7.107764783052822e-6,7.189181073456715e-6,-1.0683242201456462e-5,-1.4963584414462217e-6,5.6245688918706595e-6,4.801140000887349e-6,-3.529600056046901e-6,-3.1025728965846616e-6,2.8654373581580266e-6,1.3909782652594973e-5,-2.3994901788092856e-6,-7.870988162203266e-6,-6.592845577985247e-6,5.7716470044243955e-6,1.2036361471365909e-5,-2.184295140106995e-5,7.785709394888792e-5,-8.422546993250405e-4,-5.339363097586185e-6,-4.096603567922832e-5,4.1311218942975193e-7,1.1225128646416507e-4,-1.893923073345283e-5
0.002615991516090384,-5.443748580970712e-5,-5.943610005861798e-5,-7.792344283966336e-5,-1.5795626856041463e-4,-2.144031182321492e-4,-1.874865444415571e-4,-1.2446070249399108e-4,-4.150259243462882e-5,-8.310359084946969e-5,-5.312932512862898e-5,-1.3412467137043234e-4,-1.1012754165003018e-4,-1.1454498870901445e-4,2.5951864977557932e-5,9.77994539627525e-6,-6.775533948873286e-8,-5.160865510547904e-5,-4.4123021448478726e-5,-5.3900208979053105e-6,-8.1180154876078e-6,-5.492684545830306e-5,-9.046052079009505e-5,3.351553175947009e-5,-3.851649271682658e-5,3.0250285460248355e-5,1.783275882130451e-5,1.615668419675232e-5,-9.368387979964075e-5,2.4756433034869044e-4,5.137292549381087e-6,-2.4940225655781765e-5,-1.1233848405580865e-7,-6.090669053758411e-5,2.6065428995704857e-5,5.698290572930991e-7,3.43775935769992e-6,5.757349105297958e-7,-3.5505158814189725e-8,4.2639166550113485e-6,-7.06467480030516e-6,-1.8995215043041325e-6,2.9561800294959586e-6,-1.5601589445326485e-6,-1.1057940284056516e-5,-5.983952830284558e-6,1.1035760157320428e-6,7.57753783957426e-7,-8.468511403266415e-6,-1.2586712466660548e-6,-1.1018492351418323e-4,1.012534755116217e-6,-9.084470244524559e-5,2.4196819915367e-4,5.036759688940744e-6,5.176734295000139e-5,-8.469654334878368e-7,-6.526217653654299e-5,1.2393518291488098e-5
5.401959840488635e-4,2.379820812372712e-6,7.752579890406373e-5,5.980869783320459e-5,7.657810371220833e-5,5.599180640228089e-5,3.8844724880090485e-5,3.7119798753956364e-5,6.271856349172236e-5,4.565569294243676e-5,1.9082058506160956e-5,5.163845052198245e-5,3.9869332112257516e-5,6.750855196942654e-5,-9.002838205574002e-6,-3.8102520540049303e-6,1.7630138652735402e-8,3.9853400532735315e-05,2.081806332912555e-5,1.8616543521070522e-6,4.996973366002844e-5,-5.544334136345715e-6,4.803071079712704e-5,-6.238017952448811e-6,-1.478571378271229e-6,-3.917848363131973e-6,2.0295759416148416e-5,1.9412501971075908e-5,3.207283218782029e-5,5.137292549381113e-6,7.29986834242563e-5,1.1447694654396153e-5,3.3975098949763096e-5,4.2597771092907576e-5,-2.432946826557596e-5,9.816346576257726e-7,1.8818033010150113e-6,4.050910545841571e-7,-2.1900809794014484e-6,1.2851737125027294e-6,-8.06601917745891e-7,-2.1213791784572413e-6,-1.5490601791099322e-6,-9.712161652098372e-7,-8.181270948099286e-7,7.17279531774889e-7,1.24583876603499e-6,-4.352075328666434e-7,-4.848487781156546e-7,2.3278516387096386e-6,-3.915274475969369e-5,1.7059736669114342e-6,1.1106932557106216e-4,2.8405507124838074e-5,-1.229380759480864e-6,-6.1815261887577275e-6,2.303239833944209e-7,-5.192581240087665e-6,3.2629551478807008e-6
-0.0016642311182399174,3.133344800244399e-5,3.75032766507179e-5,6.706886717641729e-5,8.527313252523717e-5,1.1799503879543153e-4,3.553238623602064e-5,5.110011141796124e-5,1.7026322064819633e-5,1.69584225885152e-5,7.792443450227696e-6,-6.179220755816114e-5,-1.3696618934449508e-5,-7.15702457090306e-6,-5.7127281465782766e-5,-8.719459347688723e-6,8.81637926535171e-8,2.0533906553460123e-5,2.3390949627239184e-5,-1.4211149224250388e-5,4.048188614624802e-5,2.1427935510625543e-5,4.1189246265581476e-5,1.1245187631686069e-5,3.104426763979516e-6,1.813914707256861e-5,1.7238140881844453e-5,3.0685282116661455e-5,-2.169997028591821e-5,-2.494022565578174e-5,1.1447694654396168e-5,1.1731650909216343e-4,4.3518778726129417e-5,3.893939667069596e-5,7.175369074276147e-6,4.760281334152159e-7,5.247191225306485e-7,-1.4848696505923238e-6,3.575102488227027e-7,-2.4453512502432055e-6,-2.9512545390364825e-7,-3.097451573837553e-6,2.162085508432952e-6,4.5750525792502505e-6,-7.008854399946015e-7,-2.327801133040756e-6,3.7108182200271556e-6,7.945460085300552e-6,1.04116054296797e-5,-7.173434359102813e-7,2.4209534961533783e-05,-6.334244833428747e-6,5.057396012598998e-5,4.7224520221419275e-4,-2.103984535249723e-6,-2.5851355957006235e-5,-3.0042409212883165e-7,-2.41924384048668e-5,1.1052865876920721e-5
7.823426913820345e-4,-4.7761545414727046e-5,-8.143675988932647e-5,6.218982209300429e-5,7.714069118798282e-5,7.155982200415924e-5,-3.923526542998405e-5,-4.479628616338618e-5,-2.668800121595465e-5,-6.239076410148809e-6,-4.8014656269685965e-5,-1.2531222198891418e-4,-2.947472074668972e-5,-2.8577138218004124e-5,-5.5235639037322816e-5,-1.4321407105331661e-5,9.751101819993172e-8,8.897483784993851e-5,1.0859159955571077e-4,4.12506715846218e-5,1.0426967803766916e-4,4.535930675053543e-5,1.447113686657905e-4,-1.3264684065304775e-5,3.321540267418873e-5,-2.6448692452501478e-5,5.575399849142348e-5,8.758389228603106e-5,5.470968918852177e-5,-1.1233848405583618e-7,3.397509894976306e-5,4.351877872612944e-5,2.106651519570142e-4,8.29845269585011e-5,-6.401326411071724e-6,4.516795952295725e-7,2.2360025500011405e-6,-8.504788279856825e-7,1.2773368033955892e-6,-2.0155416560297075e-6,1.8635794721438138e-6,-1.7025463028594073e-6,4.805974193741626e-6,3.4545823984532844e-6,-6.282545895241289e-6,3.627233533048263e-6,2.938781234920724e-6,-6.981499733945596e-7,6.6011447134567745e-6,5.747771125494473e-6,-2.849739483235859e-4,-1.4272463094097196e-5,1.2826482132663222e-4,1.1334435001332058e-4,4.166980742057682e-6,2.8746966067633946e-5,-7.561895156366098e-7,-4.7123176862502104e-5,2.1573915795714634e-6
-4.3376907933197786e-4,-3.91377037285157e-5,-3.780586572327552e-5,1.2980762918731317e-5,1.437554052171062e-5,4.5065517611391814e-5,2.1495754696656477e-5,4.270887142466577e-5,-1.2700611873155621e-5,3.9404585833175025e-5,-8.090688973048313e-6,-5.049021166942916e-5,1.4742706189120582e-5,2.3215750205373444e-5,-6.074414631787619e-5,-1.1881837646796772e-5,7.665547549178273e-8,1.057159267320249e-4,7.663642375300468e-5,2.9835965914829496e-5,1.0511970466735793e-4,3.055484841770073e-5,1.413833026055274e-4,-3.566487077820499e-5,2.316135412239392e-5,-1.0190114847902717e-5,2.2145227081298422e-5,3.778187185729366e-5,1.0248281592429042e-4,-6.090669053758416e-5,4.2597771092907576e-5,3.893939667069596e-5,8.298452695850106e-5,1.8275576046859965e-4,-6.576917798730271e-5,1.7356272199643346e-6,5.884741939940001e-8,-2.1643381948294016e-6,2.7872301594768173e-6,-1.1549640603496158e-6,2.8265577781687126e-6,1.0351911949960518e-6,-2.0875297182280127e-6,-1.1513379795580513e-6,-4.386248068547787e-6,4.715952702946603e-6,9.39242134724019e-8,-3.5396126703852687e-6,5.301454937065896e-6,5.721606394117814e-6,4.768295297543543e-6,-1.3314260476682803e-5,-2.4279320346746745e-5,-3.3915595569899786e-4,-1.4902082318486218e-6,2.8852406181986328e-5,-1.3699734412897053e-6,1.532269589683343e-5,2.8440524366142584e-7
-6.444057041944827e-4,2.6052711927844785e-5,-1.1971664409154371e-4,-6.259541946015985e-5,5.613769462447665e-6,-2.0492144659087246e-5,-6.966585463440397e-5,-1.68433140526724e-4,-2.334869981714547e-4,-2.808738141593241e-4,-1.541057427063357e-4,-1.2689463798624937e-4,-9.12274044506143e-5,-1.912193094323389e-5,6.585255554625246e-6,3.712839467059138e-7,8.684373564227536e-9,-2.8721515908879787e-5,-3.312496854528062e-5,-5.297725483718928e-6,-3.5646104760151194e-5,5.744735310915431e-6,-3.7196679637903526e-5,1.1726448933302148e-5,1.6089460218754324e-6,1.4563650049618129e-5,8.417152403288758e-6,2.4016866885083362e-5,-5.001665122714976e-5,2.6065428995704732e-5,-2.4329468265576014e-5,7.175369074276146e-6,-6.4013264110717905e-6,-6.576917798730273e-5,2.513013330872496e-4,-5.822124825340758e-6,-1.1258523935572963e-6,1.846072372004416e-6,1.4337819641369518e-5,-3.6454777853081737e-6,-5.292522190139813e-7,-3.93920984397417e-6,4.595205219489453e-6,1.6475262531043944e-6,1.4165951038299496e-6,-7.255643107939088e-6,-5.500081719282195e-7,-8.384655174741723e-6,3.41239576520864e-6,-5.15501544887687e-7,-1.5643095000172086e-4,2.537799513935352e-5,-3.138071036742439e-5,5.035254253871758e-4,2.9584888449980063e-6,-1.4581137190885769e-5,7.578356781195094e-7,-4.457080072312441e-5,3.229337074199502e-6
-1.8763653115087487e-5,2.849581480442338e-7,2.218127175040949e-6,2.9690954246754342e-6,1.7517040189899958e-7,7.333429422582798e-7,5.817817626628545e-7,3.7331334663420323e-6,6.1598112300840445e-6,6.5441945705128526e-6,4.893093282445654e-6,5.436014586315671e-6,5.880884295713713e-6,1.8787066841121309e-6,-5.163533488132387e-7,1.6746130740097562e-07,-2.1671450288083126e-9,-4.6800062729420356e-7,-5.537029339172395e-7,-1.278252332616502e-6,1.2590242372307107e-6,-6.180712332504585e-7,-1.3256270163933952e-6,2.1227127865742826e-7,-1.108204239426069e-6,4.310178783036225e-7,9.49913076089829e-8,1.1730938484144854e-6,-8.66436954509072e-7,5.69829057293107e-7,9.816346576257745e-7,4.760281334152136e-7,4.5167959522957647e-7,1.7356272199643342e-6,-5.822124825340792e-6,2.501333440650657e-7,2.106250910544532e-7,8.113216714083478e-8,8.429513837196742e-8,9.07575628744214e-8,-1.9566682384252223e-9,-1.1000856425232636e-7,-5.777739432001776e-8,-1.5570110013244916e-7,2.4398371111254284e-8,-1.321301035578476e-7,4.5973292056456445e-8,2.402679660059814e-7,7.842201370074172e-8,-1.879136596741536e-8,1.688775220952569e-6,-4.964602501624213e-7,-2.5911295796931193e-6,1.9936117868023447e-5,3.4358680980146565e-8,1.6001460830341675e-6,-4.9058621201087135e-8,-3.0017033948967443e-6,2.253233929409252e-7
4.5710810404777605e-4,2.5906080170303043e-6,-2.518197661551542e-5,-2.8659115377991566e-5,-3.559355902634824e-5,-2.3938270119137175e-5,-2.2894651848237122e-5,-9.70302131835743e-6,-1.7948632896542223e-5,-1.9678277366975765e-5,-8.807850555462352e-6,-1.5033867537555016e-5,3.6327531525256174e-8,-1.3137772516536644e-5,-1.47417196688711e-6,5.288034471568765e-7,-6.88720759260994e-9,1.488448372300153e-6,5.568313068108088e-6,1.0342237277263195e-6,5.085850953383748e-6,-9.625453216259454e-6,-8.403089416276091e-6,-4.848550004439963e-7,-3.5382473225647683e-6,5.873304210394452e-6,1.2301393108156275e-6,4.0896282101615015e-6,-7.107764783052807e-6,3.4377593576999306e-6,1.881803301015016e-6,5.247191225306653e-7,2.236002550001133e-6,5.8847419399397973e-8,-1.1258523935573736e-6,2.106250910544547e-7,7.81729090334745e-6,-5.183074178594155e-6,-4.896029962466613e-7,-1.4728815988481551e-6,2.162756746290224e-6,-8.794537032814578e-7,-2.506521913795891e-7,-3.622548468358953e-7,2.4714803627034995e-6,-1.5466582057704204e-6,1.0070255192664255e-6,-1.2722273296001989e-6,-6.540588398647479e-7,-2.1552052437528384e-8,-5.7346498717379855e-5,1.4098725034465237e-6,-2.679496083671163e-6,2.3069402811526975e-4,7.203825776093092e-7,8.637830971196448e-6,-1.435033697018502e-7,-3.096328538714374e-5,1.4570124372078353e-6
-3.831929620415783e-4,8.593071879616795e-6,2.8568733382907573e-5,5.163430503990272e-5,3.8236075643263196e-5,3.30544554654486e-5,3.0346949590006637e-5,3.482435821624272e-5,5.531267232707899e-5,6.458978888328974e-5,6.555464868849431e-5,5.126618969715445e-5,5.2160126799980647e-5,5.6787987110738394e-5,1.2752114258147128e-6,1.3715499822528526e-6,-1.1242760228731304e-8,-4.221552454066536e-6,-1.2909307189295937e-5,-6.4467846489039655e-6,-5.4753411412150955e-6,8.800092416300202e-6,9.536915587897527e-7,1.7989743677789969e-6,7.989480078199809e-7,-3.4651750991974055e-6,-7.2817204063975e-7,2.9971388703410136e-6,7.189181073456717e-6,5.757349105297936e-7,4.050910545841571e-7,-1.484869650592344e-6,-8.504788279856749e-7,-2.1643381948294024e-6,1.8460723720044104e-6,8.11321671408351e-8,-5.183074178594161e-6,8.627814485447286e-6,9.600594016347743e-7,2.1404012906961807e-6,-2.2543873274452563e-6,-5.863757244460259e-7,-4.4005699833180186e-7,-2.136387038548117e-6,-2.0585798050145313e-6,2.3676252335507153e-7,-5.585348527208713e-7,5.9929205817323805e-07,7.935036029517193e-7,7.789486424845588e-8,2.388440839957566e-5,-5.156362131471877e-6,-1.3676987463066191e-5,-5.030855308576475e-5,-7.073094308218229e-8,6.864187156237958e-8,-6.574629410599e-8,5.331119640021355e-6,-3.2889849383835755e-6
-0.0011598255179946777,-2.5740629689006188e-6,-2.8308046322792797e-5,1.7993165512277138e-5,2.5430482774217974e-5,-6.714863021010079e-6,-2.664858026569285e-5,-3.649111208847183e-5,-5.1726972143625845e-5,-8.311266013032352e-5,-4.219667908139947e-5,-2.1801288010410307e-5,-3.497476812233925e-5,-4.774608174375842e-6,-2.508385975203985e-6,-1.3845147867012126e-7,1.6670329946738896e-9,3.3012479940161616e-7,2.3993996188678047e-6,-6.098423223153387e-6,-2.0937402646378674e-6,-5.1728477234895015e-6,6.545241092806826e-6,3.57056342212168e-6,9.266222672641724e-7,7.960822353066989e-6,-1.6590924962531434e-6,2.4081668622608643e-5,-1.0683242201456459e-5,-3.5505158814184695e-8,-2.1900809794014463e-6,3.575102488226866e-7,1.2773368033955915e-6,2.7872301594768186e-6,1.4337819641369526e-5,8.429513837196817e-8,-4.896029962466741e-7,9.60059401634769e-7,2.5106044250857908e-5,-1.4533826703108579e-6,-7.496109631470623e-8,6.4373355480714e-7,1.2848989357962258e-6,1.0275315777788792e-7,2.160627044666177e-6,-4.970438030585645e-6,-1.5015450779634054e-6,-7.034032840485701e-6,3.9160580607358476e-06,1.8367196921989267e-6,-9.306586795932556e-5,4.9567932119377965e-6,-4.5184879026043455e-5,4.380490965393796e-4,3.389559862343017e-6,1.3873762377064445e-5,-3.045308561019631e-7,-5.3008040884224335e-5,3.00178747678375e-6
1.79155794588476e-4,-1.4410947538327602e-5,-1.1426109437561757e-5,-5.443949550454225e-6,-2.4791890939416457e-6,-3.462271080828675e-6,6.667423722949525e-6,-2.5135188120813133e-6,1.100785980818482e-5,8.552717969485937e-6,1.4348072592362603e-6,-1.550236643435494e-5,-1.776614264847135e-5,-6.51693230990572e-6,3.971972558993728e-6,1.1170160418873612e-6,-1.0391372667036909e-8,-3.2500610070329044e-6,-5.705630031764572e-6,-4.244085806419493e-6,-3.294196138738754e-6,-1.0304332597062772e-6,-1.904696332216694e-6,2.356956719776293e-6,-2.1505190314119076e-6,2.479388495499934e-6,-1.5647799747042277e-6,-3.3359571535376713e-6,-1.496358441446224e-6,4.263916655011342e-6,1.2851737125027294e-6,-2.4453512502432093e-6,-2.0155416560297062e-6,-1.1549640603496137e-6,-3.6454777853082195e-6,9.075756287442288e-8,-1.4728815988481496e-6,2.140401290696181e-6,-1.4533826703108553e-6,7.3961993235369475e-6,-4.101661718557052e-6,-1.9833154474534404e-6,1.4119896000163655e-7,-9.465145246334569e-7,-1.8685276456402638e-7,-1.2815070841157836e-7,3.1451203562386e-7,-1.7366174398095501e-6,-1.4386144478700192e-6,-6.956391604833056e-7,2.4702604078031674e-5,-8.084159669762673e-7,-1.7454783754332765e-5,1.1048961376395657e-5,-1.1975762073993472e-6,2.6091881010073415e-6,-4.291948929901633e-8,-2.829099827266709e-6,-3.3860046979082407e-6
-3.861760510664518e-4,1.2717310666292088e-5,2.6076361094482663e-5,1.2131105961282423e-5,1.1595516912981037e-5,2.1360017580989126e-5,1.0345291341406798e-5,2.588321100379158e-5,1.3384445039348702e-5,1.554005306554676e-5,2.6465249082049648e-5,1.9630710383775384e-5,2.5264771085633127e-5,1.0860352520657818e-5,-6.575412693015571e-6,-1.694358178968645e-6,1.733178617751909e-8,9.385662094122662e-6,1.1770829132662561e-5,9.098917834256685e-6,3.368076593791853e-6,-5.237835423371286e-7,4.268696348839218e-6,-6.980349654275542e-7,5.231043755195212e-6,2.5835464217844297e-6,2.023061444691021e-6,3.3721045519574284e-6,5.624568891870654e-6,-7.064674800305155e-6,-8.066019177458935e-7,-2.9512545390363936e-7,1.8635794721438079e-6,2.8265577781687134e-6,-5.292522190140253e-7,-1.9566682384234203e-9,2.1627567462901984e-6,-2.2543873274452567e-6,-7.496109631472521e-8,-4.10166171855708e-6,7.695927387998133e-6,-4.315797770840806e-7,-1.0758108464973001e-6,9.133746077817738e-7,1.3668766483555321e-6,4.99898504072857e-7,4.2903117245430145e-7,-6.853007832907047e-7,2.317767332061812e-6,-8.813085082146347e-7,-2.0341125222197758e-5,4.2075421406588767e-7,-6.061124392593767e-7,1.2845565082660558e-4,1.2592903509042895e-6,-8.193268446023259e-7,-6.848599348628921e-8,-1.4454625889115584e-5,3.200946714108453e-7
1.957123791142464e-4,7.582046214159232e-6,-1.386361780572196e-6,-2.1827545965453623e-6,1.2346633310891966e-5,7.220140065717058e-6,1.5304067153742675e-5,3.722519863308013e-6,-3.5487147027036554e-6,-1.7875130857709195e-7,-7.673545103034692e-7,1.0066851145546775e-5,-4.269573064280396e-6,6.717362268811761e-6,3.3219263584568447e-6,-6.197379470673792e-7,6.648693354379642e-9,-7.626477825547186e-7,3.385753100300534e-6,-1.8243698284128035e-6,-1.2482606216952766e-6,2.1967014407304425e-6,4.154068950859404e-6,-2.607454874343887e-6,2.5615542528626226e-7,-2.620826501868838e-6,-4.353572481329429e-6,-3.057363726501976e-6,4.801140000887359e-6,-1.8995215043041239e-6,-2.121379178457242e-6,-3.097451573837547e-6,-1.7025463028594056e-6,1.0351911949960532e-6,-3.939209843974105e-6,-1.1000856425232893e-7,-8.794537032814565e-7,-5.863757244460123e-7,6.437335548071468e-7,-1.9833154474534497e-6,-4.3157977708407224e-7,5.276760588748586e-6,-2.807906383518211e-7,2.868698963992706e-7,-4.31122737620412e-8,7.587618606558058e-7,-9.227615796690243e-7,-3.1078031040281345e-7,3.0970338470632655e-7,-3.510597287125717e-7,-2.451769038097903e-5,1.8567768386816588e-7,-1.0670464100068275e-5,-3.760611819369874e-5,4.12670664686148e-7,-4.417257655084663e-6,5.614906439233824e-8,8.866568506656579e-6,-7.560100923022534e-7
3.444548125219149e-4,-7.955377206165316e-6,-3.303712747837695e-5,-1.4865348169794135e-5,-1.2549787619222592e-5,-2.3738880975202116e-5,-3.446437526489138e-5,-3.0357652707990705e-5,-2.9695213702726464e-5,-2.8742012963107913e-5,-3.3850824126304115e-5,-3.82105045217914e-5,-2.716144543425621e-5,-2.1306578168394368e-5,1.9346052764479925e-6,-1.3527336331167034e-7,-3.7389158097133725e-10,-2.505436177490181e-7,2.576833586944041e-6,6.815716788388635e-7,7.964075723184158e-8,2.666180649244705e-6,9.441360966776861e-7,-1.9636472532042424e-6,1.6694129087159212e-6,-1.6146209521066018e-6,2.0875210234652854e-6,1.6615874882305584e-6,-3.5296000560469017e-6,2.956180029495957e-6,-1.5490601791099313e-6,2.1620855084329503e-6,4.805974193741629e-6,-2.087529718228012e-6,4.595205219489451e-6,-5.777739432001788e-8,-2.5065219137957086e-7,-4.400569983318201e-7,1.284898935796232e-6,1.4119896000163714e-7,-1.0758108464972783e-6,-2.8079063835182657e-7,3.877306794046037e-6,1.2039555052397996e-6,-4.853243338362816e-7,-1.852045496745784e-7,1.6639970935999786e-6,-9.46292825531654e-7,-1.2098428899805288e-6,-8.487647097284741e-7,-4.276218752455766e-5,-7.586531462423357e-7,2.062722428952874e-6,2.5306690140112825e-4,-2.733694911438378e-7,-1.9833990116310114e-6,7.891808950844985e-8,-2.166107730063453e-5,-3.510505108025319e-7
1.1561425005190568e-4,6.111585838330002e-6,1.4580862793008982e-5,1.4338929704224892e-5,2.3601140420098224e-5,2.11207332363709e-5,2.7731367791322472e-5,8.882227750779132e-6,8.614112760500318e-6,6.448308866885891e-6,-2.3200612081936024e-6,8.98854785068365e-6,1.0711860193379843e-5,1.3645242120970016e-5,1.1385504864815805e-6,-1.782789069381386e-6,1.636831070546837e-8,5.928997759669207e-6,9.48180512049434e-6,8.467801493700553e-6,1.2815153193347401e-6,-7.068098687728e-7,8.033462264951858e-6,2.066904140962181e-6,2.1151842824706746e-6,1.0593757252566407e-7,8.304291494786779e-7,9.987370720302898e-7,-3.102572896584659e-6,-1.5601589445326533e-6,-9.712161652098376e-7,4.575052579250273e-6,3.4545823984532827e-6,-1.1513379795580502e-6,1.6475262531043828e-6,-1.5570110013245008e-7,-3.622548468359088e-7,-2.1363870385481004e-6,1.027531577778856e-7,-9.465145246334679e-7,9.133746077818017e-7,2.8686989639926414e-7,1.2039555052397773e-6,6.815651472305492e-6,-7.758639260458746e-7,-3.2218068467064266e-7,9.20038770985208e-7,-6.827238648647291e-7,-8.790317708448519e-7,-9.75595598536234e-7,-3.221690292502105e-5,1.298556383805521e-6,3.1000621798045745e-5,8.923315797121948e-5,-4.266009708258336e-7,-6.182534127414987e-6,1.563087532017182e-7,-4.826050711335846e-6,-1.6205030250475463e-6
-0.0014468304912232922,-4.477043948197433e-6,-3.234848249205127e-5,-1.427884634498595e-5,-2.520024279162917e-6,3.265525099981636e-5,3.138400606424224e-5,3.1542765999042256e-5,-2.1676842038967463e-5,-1.8308587750787752e-5,-3.6258311181536646e-6,-5.444282608816142e-6,-1.2897229863052414e-5,-1.0869095064409165e-5,-9.970574578733196e-6,3.0248635341740366e-7,-6.630231575889421e-9,1.3803081050803049e-6,-1.8013560708744481e-6,1.6843700022008842e-6,1.4682916641102297e-6,7.409450027858928e-6,-1.0291622505184368e-6,1.7670007758664719e-6,-3.830289801749975e-6,5.626867233564197e-6,1.1942139835703623e-6,9.161429179249815e-6,2.865437358158017e-6,-1.105794028405653e-5,-8.181270948099301e-7,-7.008854399946136e-7,-6.282545895241286e-6,-4.386248068547783e-6,1.4165951038299881e-6,2.439837111125409e-8,2.4714803627035164e-6,-2.0585798050145406e-6,2.160627044666163e-6,-1.8685276456403302e-7,1.3668766483555435e-6,-4.311227376203167e-8,-4.853243338362815e-7,-7.758639260458595e-7,2.002793618839926e-5,-1.6364698954303907e-6,-1.2215446064972919e-6,-4.502229626226827e-7,3.449896675822426e-6,-3.069307894429453e-6,-2.8107665595901407e-5,-1.9778263362341944e-7,4.3744618094913474e-5,9.796878203042838e-5,-1.7837204561015762e-6,2.3699418519182373e-6,6.008210911090526e-8,-1.1554322490815346e-5,-4.225912428816309e-6
5.106306520358213e-4,-5.251016577949634e-6,1.7313229532236437e-5,3.3077948870353802e-6,-1.283932889581151e-6,-2.481943092646664e-7,7.0329797329895505e-6,5.7410985502924915e-6,4.845895072826475e-6,1.2979938493451786e-5,-3.2961251790306275e-6,-1.3596222059490963e-5,-5.244228328569943e-6,-3.878388356930685e-6,3.3826973227502544e-6,-1.2408579152183934e-6,1.0554581331163634e-8,8.206927757008988e-6,9.670694407990682e-6,6.864737066091384e-6,4.079175410314e-6,4.316342909831183e-6,1.127144980712732e-5,-2.6624343480533133e-6,5.6818908697695425e-6,-6.773923455879441e-6,-6.331048389950868e-7,-9.123425964455283e-6,1.3909782652594973e-5,-5.983952830284544e-6,7.17279531774891e-7,-2.327801133040751e-6,3.627233533048266e-6,4.715952702946599e-6,-7.255643107939007e-6,-1.321301035578502e-7,-1.5466582057703996e-6,2.3676252335507193e-7,-4.970438030585637e-6,-1.2815070841157124e-7,4.998985040728611e-7,7.587618606558157e-7,-1.8520454967456738e-7,-3.221806846706428e-7,-1.6364698954304006e-6,4.858371667554121e-6,-6.563252403581162e-7,1.6763811205274926e-6,-2.879820598034038e-7,3.3270313233314117e-7,-2.4720462704538598e-5,-1.6110473138850403e-6,2.600012769064585e-5,-2.2972322284454225e-4,-1.033818411598634e-6,-9.76951182354771e-6,1.5380798778484818e-7,3.093090367774948e-5,-2.355029534353706e-6
3.325318965848354e-4,-1.9286150988859675e-5,-2.330052888012476e-5,-1.6446830805338552e-5,-2.3832900783023718e-5,-2.7315014778610974e-5,-3.6597863125678286e-5,-2.4776570880878257e-5,-1.5957041165289344e-5,-1.4114186451448613e-5,-2.3298646169765054e-5,-3.797852000939358e-5,-3.150179094176732e-5,-2.538510982905891e-5,-2.44583905636718e-6,-5.523744937819557e-7,3.906925436484851e-9,4.099429082509565e-6,2.2708154623640792e-6,3.931040066104443e-6,2.410373542655985e-6,5.481482971216684e-7,1.2685179405931194e-7,-1.4323279574112073e-6,1.4922438239718627e-6,-1.0208061223173686e-6,2.7811849989808817e-6,2.568811766752953e-6,-2.399490178809285e-6,1.1035760157320519e-6,1.2458387660349907e-6,3.7108182200271484e-6,2.9387812349207274e-6,9.392421347240148e-8,-5.500081719281923e-7,4.597329205645606e-8,1.0070255192664278e-6,-5.585348527208773e-7,-1.5015450779634e-6,3.1451203562384305e-7,4.2903117245430283e-07,-9.227615796690329e-7,1.6639970935999731e-6,9.200387709852047e-7,-1.221544606497293e-6,-6.563252403581159e-7,5.387913729201865e-6,-8.96808277572413e-7,-2.4133308898910994e-6,-8.400475601470636e-7,-1.9876038321222874e-5,-9.588570849790793e-8,-3.2188109884290383e-6,2.867052788103538e-4,6.971454572515716e-7,7.087500428676377e-7,-7.55337821589446e-8,-3.102542305014938e-5,1.9397356976737997e-7
-1.938405733400331e-4,-6.55594924623493e-6,3.247953091754237e-5,4.040631388715602e-6,9.850222111921565e-6,2.3335749123566764e-5,2.1084421274188812e-5,3.1837295978967525e-5,4.2650108337833435e-5,5.114652820438675e-5,2.879892010835997e-5,1.2294891946570644e-5,3.103058274762538e-5,5.39473620005022e-6,-3.987673505717145e-6,3.509656834812408e-7,-2.9979763369101233e-9,-8.762465723063176e-6,-4.8974189019658155e-6,-4.128538242268363e-6,4.788702355269394e-6,7.911393885795941e-7,-1.0711623127231883e-5,2.706698969078528e-6,-3.395443937015105e-6,-3.8359318147599186e-6,8.925059679269759e-7,-5.16180362817826e-6,-7.87098816220327e-6,7.577537839574216e-7,-4.352075328666448e-7,7.945460085300537e-6,-6.981499733945564e-7,-3.539612670385266e-6,-8.38465517474169e-6,2.4026796600598053e-7,-1.27222732960023e-6,5.992920581732396e-7,-7.034032840485709e-6,-1.7366174398095541e-6,-6.853007832906954e-7,-3.1078031040282673e-7,-9.46292825531653e-7,-6.827238648647412e-7,-4.502229626226977e-7,1.6763811205274862e-6,-8.968082775724059e-7,1.0784327264703788e-5,-3.7674681181516567e-7,-4.005192037789634e-9,4.2615552761217025e-5,-3.216534808075192e-7,5.865398620508345e-5,-3.9989891696072777e-4,-7.209263591450374e-7,8.99581045554285e-7,4.6611627576222536e-8,3.724801082160516e-5,8.041205621187442e-7
-0.002659273633838758,5.47282828000181e-5,4.806142498724751e-5,1.0089009778808676e-4,1.0025800104360998e-4,1.075165667809289e-4,8.252128209554581e-5,7.218902477984581e-5,6.157344583977463e-5,4.886194110247704e-5,8.34308012600039e-5,7.769421272952785e-5,6.765983796901481e-5,7.05694595516083e-5,-1.3617823468190013e-5,-2.5613331395319477e-7,6.008013689297393e-11,-5.185210013642142e-6,-4.649946086251887e-6,-1.95132744013936e-6,4.023999867483832e-6,5.976614145418117e-6,-5.207365795645076e-6,2.007133052115e-6,-1.1711258535657237e-6,6.814063792473003e-6,5.7467811024316734e-6,1.291514397566164e-5,-6.592845577985288e-6,-8.468511403266459e-6,-4.848487781156518e-7,1.0411605429679786e-5,6.601144713456749e-6,5.301454937065896e-6,3.4123957652084924e-6,7.842201370074695e-8,-6.540588398647685e-7,7.935036029516597e-7,3.916058060735857e-6,-1.4386144478698212e-6,2.3177673320614926e-6,3.097033847063697e-7,-1.2098428899804814e-6,-8.790317708448868e-7,3.449896675822544e-6,-2.879820598031761e-7,-2.413330889891189e-6,-3.7674681181521273e-7,2.792652054571206e-5,-8.558002689728155e-7,-3.1488924983178506e-5,-9.61132118372084e-6,-1.8479264577643867e-6,1.1985487030515438e-5,-1.0130858071536674e-6,4.368116753094343e-6,-2.289140945597224e-7,-1.6401608817642309e-6,7.067275842403917e-7
7.753779243048667e-5,-9.571372841577682e-6,-2.0675860122393158e-5,-8.912249283245476e-6,-1.9482294692163034e-5,-3.2755202383847515e-5,-3.062454307911552e-5,-3.3253440994761834e-5,-3.0412497645565963e-5,-3.618438601000127e-5,-3.618647516088891e-5,-2.393616308750898e-5,-2.754477596910584e-5,-2.383549586588356e-5,5.799160586625222e-7,-5.82531231777899e-7,5.037536015687495e-9,5.915850553410092e-6,6.218670941648575e-6,4.596278657137099e-6,6.937871186596577e-7,-5.212180942268348e-6,9.154198623417853e-6,-2.4334081036183787e-6,-3.442271331669428e-7,-5.872312373232462e-7,-9.035159742115974e-7,9.828276243507089e-7,5.771647004424391e-6,-1.2586712466660464e-6,2.327851638709642e-6,-7.173434359102792e-7,5.747771125494469e-6,5.721606394117815e-6,-5.155015448876814e-7,-1.8791365967416115e-8,-2.155205243752319e-8,7.789486424844941e-8,1.8367196921989246e-6,-6.956391604832986e-7,-8.813085082146279e-7,-3.5105972871256656e-7,-8.487647097284647e-7,-9.755955985362211e-7,-3.0693078944294542e-06,3.3270313233313937e-7,-8.400475601470664e-7,-4.005192037800966e-9,-8.558002689729299e-7,4.9458503357745e-6,1.0871598641754108e-6,-1.9254198908358896e-6,-5.776860298180658e-6,-7.210739605511432e-5,9.103985410933267e-7,3.607137528661519e-7,1.1926426021618755e-8,4.5787662476707605e-6,3.5922016883605627e-6
-0.03773931907302149,-3.282986436196839e-4,1.1573354267338336e-4,-7.085341780171914e-4,-7.730446474813103e-4,-4.1182136421859716e-4,-2.4237874689093228e-4,-2.2573674002474695e-4,-3.121637294682777e-5,-2.585298980753595e-4,-7.228581018518895e-4,1.0617231152924649e-4,-3.8458434920882114e-4,-0.001007976400812037,-1.9583621485678383e-5,9.518578293708556e-6,-7.735886160068553e-8,-7.781611804347545e-5,-3.019137411805219e-4,-1.2084878166672984e-4,-8.700146929565739e-5,1.7423658259121597e-4,-6.194072131756581e-6,1.1770817872082819e-5,-1.6616908913620225e-5,-6.00495942096156e-6,-4.973939661845879e-5,-2.771623241012534e-4,1.2036361471366399e-5,-1.1018492351418349e-4,-3.915274475969368e-5,2.4209534961534084e-5,-2.8497394832358545e-4,4.768295297542591e-6,-1.5643095000172252e-4,1.6887752209526359e-6,-5.73464987173836e-5,2.388440839957718e-5,-9.306586795932601e-5,2.4702604078034845e-5,-2.0341125222202098e-5,-2.451769038097952e-5,-4.276218752455786e-5,-3.221690292502068e-5,-2.810766559590058e-5,-2.4720462704534346e-5,-1.9876038321223996e-5,4.261555276121674e-5,-3.1488924983153536e-5,1.0871598641784445e-6,0.00680256874829663,4.817125804042782e-5,-0.0018483175847812307,-0.01716606372194306,-9.968322854101727e-5,-2.468452629997205e-4,4.428259564891776e-6,0.0019926894021555994,1.1573589722532591e-4
4.5340836949411996e-4,-7.83486895773339e-6,-2.827283217589624e-6,-1.1771870440905081e-4,-8.595820120418033e-5,-7.609061227437619e-5,-5.395150654697304e-5,-9.823517643891941e-5,-1.3763595967902027e-4,-1.5881997579787757e-4,-1.3768082252269942e-4,2.2890172018366087e-5,-3.5854278713993216e-5,-4.1267184952922027e-5,2.3238799308623724e-5,1.99490104020795e-6,-3.1160911510018706e-8,-1.1484191366239104e-5,-3.1805686737444956e-6,-8.045577655685019e-7,-1.5260111815357933e-5,-2.0412417523777474e-5,-1.487839974624257e-5,7.3596557133599905e-6,4.434980107039083e-7,-9.02101257088451e-7,-6.940582841914673e-6,-1.2021973883592618e-5,-2.184295140106995e-5,1.012534755116213e-6,1.7059736669114359e-6,-6.33424483342875e-6,-1.427246309409719e-5,-1.3314260476682808e-5,2.537799513935347e-5,-4.964602501624184e-7,1.409872503446553e-6,-5.156362131471891e-6,4.956793211937785e-6,-8.084159669762496e-7,4.2075421406591133e-7,1.8567768386816323e-7,-7.586531462423487e-7,1.2985563838055641e-6,-1.977826336233895e-7,-1.6110473138850509e-6,-9.588570849792444e-8,-3.216534808075287e-7,-9.611321183720765e-6,-1.9254198908359095e-6,4.817125804042743e-5,6.166820469536299e-5,5.511293768090639e-5,-5.778123973597212e-4,-5.658236547227357e-7,5.15794589811849e-7,3.050942409127897e-7,5.6120964337932897e-5,2.2556944711993972e-5
0.01400759362376115,-1.1419184982494405e-4,3.9685651591679606e-4,1.8749007990708023e-4,4.913424322419912e-4,3.5772180261191473e-4,5.214425089228618e-4,3.2561747746453844e-4,2.3847986590025888e-4,3.2762421663121193e-4,2.8604018535012456e-4,3.5340771743715767e-4,2.622848892984968e-4,4.2882562759765893e-4,6.516398753713202e-5,-2.5178181201604213e-5,1.5008934638707177e-7,7.771112698511364e-5,2.0228775556231377e-4,1.5031677290735124e-4,8.41730352735496e-5,-4.453589628225711e-5,2.0247903980920412e-4,-6.24815487176702e-5,-1.2314674588756542e-5,-1.4163268983961866e-4,6.245999239132932e-5,5.76838038327403e-5,7.785709394888823e-5,-9.084470244524515e-5,1.1106932557106227e-4,5.05739601259901e-5,1.2826482132663222e-4,-2.4279320346747182e-5,-3.1380710367426524e-5,-2.5911295796930727e-6,-2.679496083671206e-6,-1.367698746306596e-5,-4.5184879026041754e-5,-1.7454783754331975e-5,-6.061124392574141e-7,-1.067046410006899e-5,2.0627224289522935e-6,3.100062179804535e-5,4.3744618094914674e-5,2.6000127690643634e-5,-3.218810988428802e-6,5.8653986205083325e-5,-1.8479264577710245e-6,-5.776860298180983e-6,-0.0018483175847810297,5.511293768090578e-5,0.0042901045049145905,-0.0017629351533026663,-2.241351328944414e-5,-5.28124979226388e-5,2.8361638363850927e-6,8.473668080868411e-5,-5.1251899067866455e-5
0.1006685543022942,3.4294140240595043e-5,-0.0035853872665016166,-9.766426978503777e-4,-7.567536865536987e-4,-0.0036997871037984377,-0.005731962407398273,-0.003802784934427468,-0.004376264018116293,-0.001946486477913506,-2.8713851678099044e-4,-0.004440382952249365,-0.0036215122495511956,-9.052693814648884e-4,-2.8041245295105737e-4,8.178350462801732e-5,-3.2096954587130863e-7,-2.1269999046225145e-4,2.909948490647419e-4,-1.7208359215270747e-4,-4.2861094083442643e-4,-6.012379965832183e-4,-5.79184573720406e-4,1.5443101014766604e-5,-2.505203971463178e-4,6.180769024666293e-4,6.460209384104009e-4,0.0013335339208386343,-8.422546993250328e-4,2.4196819915367105e-4,2.8405507124838762e-5,4.7224520221419265e-4,1.1334435001332117e-4,-3.39155955698996e-4,5.035254253871671e-4,1.9936117868023888e-5,2.3069402811527406e-4,-5.030855308576322e-5,4.3804909653938476e-4,1.1048961376394664e-5,1.28455650826606e-4,-3.7606118193698385e-5,2.530669014011273e-4,8.9233157971226355e-05,9.796878203042023e-5,-2.2972322284454851e-4,2.867052788103531e-4,-3.9989891696072847e-4,1.1985487030459911e-5,-7.21073960551145e-5,-0.01716606372194306,-5.77812397359724e-4,-0.0017629351533024686,0.1790888381736519,3.3947550012423684e-4,0.0010031324736229092,-3.704747934053455e-5,-0.018545687247552893,-2.81808414933072e-4
5.965946918231772e-4,9.354861901843149e-6,1.2838853612007303e-5,2.7207077831901093e-5,1.7725565804028007e-5,1.2970418370523871e-5,3.8254146421395065e-6,1.2435043033675995e-5,1.221610578525318e-5,1.3768910907269065e-5,2.502492554077057e-5,7.641633471017051e-6,1.3624147106496137e-5,2.1845679737576957e-5,-2.863195206622598e-6,3.380620072405221e-7,-5.487255275302508e-10,-1.69593174449542e-6,7.3760429140512e-7,1.796715569964104e-7,-2.621995153090962e-6,-6.842882077917161e-6,-6.862947959133645e-6,3.2291209772104734e-7,1.5069911482308476e-6,-6.392016542817678e-7,-1.553834692858976e-6,5.806607988943985e-6,-5.3393630975861675e-6,5.036759688940762e-6,-1.2293807594808536e-6,-2.10398453524975e-6,4.16698074205769e-6,-1.4902082318486216e-6,2.958488844998096e-6,3.4358680980144765e-8,7.203825776092859e-7,-7.073094308218315e-8,3.389559862343057e-6,-1.1975762073994054e-6,1.2592903509043793e-6,4.126706646861598e-7,-2.73369491143845e-7,-4.266009708258163e-7,-1.783720456101522e-6,-1.033818411598674e-6,6.971454572515734e-7,-7.209263591449585e-7,-1.0130858071542023e-6,9.103985410932897e-7,-9.968322854101587e-5,-5.658236547227045e-7,-2.2413513289443525e-5,3.394755001242305e-4,5.800092580348064e-6,1.27757974651616e-5,-2.640966421520928e-7,-4.9129616328096405e-5,1.3498426580779702e-8
7.234568673428655e-4,-2.6390774675800606e-5,-1.2148454506999622e-4,-6.39972738159679e-5,-8.704071534332286e-5,-6.596416902005517e-5,-5.6160185693477126e-5,-5.794125905130214e-5,-3.285693983843518e-5,-1.149540541913408e-5,4.6572506210099046e-5,-4.711123086368085e-5,3.772587777829405e-5,-8.705837064160627e-6,-3.594792514165703e-5,1.0153678102344207e-5,-1.3900541225890473e-7,-3.487890937429511e-5,-9.612409101248648e-6,-1.566071626736648e-5,7.261226946227869e-6,-4.062078799952278e-5,-7.784792304764304e-5,1.1389409257467383e-5,-2.57293988004325e-5,2.7226245277687006e-5,3.3475310809263608e-6,4.411176317457366e-5,-4.096603567922825e-5,5.176734295000139e-5,-6.181526188757738e-6,-2.5851355957006238e-5,2.8746966067633983e-5,2.8852406181986328e-5,-1.458113719088602e-5,1.60014608303418e-6,8.637830971196454e-6,6.864187156238216e-8,1.3873762377064448e-5,2.609188101007344e-6,-8.193268446023827e-7,-4.417257655084666e-6,-1.9833990116310106e-6,-6.182534127414974e-6,2.3699418519182615e-6,-9.769511823547692e-6,7.087500428676395e-7,8.995810455542855e-7,4.368116753094187e-6,3.6071375286615076e-7,-2.468452629997201e-4,5.157945898118418e-7,-5.281249792263796e-5,0.0010031324736229125,1.277579746516162e-5,2.771054661798073e-4,-5.688246052867418e-6,-3.2862739390788966e-4,1.6203206631643874e-5
-4.5551638700273863e-7,4.382984593620009e-7,2.047837051449205e-6,8.626038352717953e-7,3.782800121415799e-7,4.5397291128781984e-7,1.822336100904417e-6,7.715858124715543e-7,5.755736147183538e-7,-3.009957744085539e-7,-1.3374912606251029e-6,2.1019665498168977e-6,9.672896997886716e-7,2.3059394525928004e-6,1.1312030393688212e-6,-7.085946871193656e-8,8.302514728597229e-10,-5.466337174929268e-7,-7.904068215189383e-7,1.1796483733702761e-7,-7.494750858202225e-7,4.805840069499477e-7,2.8210824593796947e-7,-2.9950890262197195e-7,2.500947351112283e-7,-7.928731502533842e-7,-4.0753132987469895e-7,-9.003698139262774e-7,4.1311218942975103e-7,-8.469654334878381e-7,2.3032398339442045e-7,-3.004240921288325e-7,-7.561895156366118e-7,-1.3699734412897055e-6,7.578356781195023e-7,-4.905862120108694e-8,-1.4350336970185034e-7,-6.574629410598983e-8,-3.0453085610196304e-7,-4.291948929901618e-8,-6.8485993486287e-8,5.614906439233781e-8,7.891808950844974e-8,1.5630875320171833e-7,6.008210911090472e-8,1.5380798778484755e-7,-7.553378215894464e-8,4.6611627576222476e-8,-2.2891409455971665e-7,1.1926426021618626e-8,4.428259564891817e-6,3.050942409127898e-7,2.836163836385059e-6,-3.7047479340534705e-5,-2.6409664215209454e-7,-5.688246052867412e-6,2.0437534029229912e-7,7.774363887442704e-6,-4.152638540771667e-7
-0.011065022184769468,1.6261739951555353e-5,4.119892209530269e-4,9.745047114729709e-5,9.856863055251013e-5,3.7087596322867033e-4,5.590681955771082e-4,3.7113950741728645e-4,3.995005930056965e-4,1.4157723478549922e-4,-6.754049713576621e-5,4.31319754474273e-4,2.753276845423755e-4,3.193464830467048e-5,5.687864248465053e-5,-1.4458449632247453e-5,1.3375880123900678e-7,4.348704000168873e-5,-2.9691641492603514e-5,2.3091483200211793e-5,4.0125857641977476e-5,1.00332994414279e-4,1.1454973917737739e-4,-8.990153319281242e-6,4.200678217428842e-5,-7.621324549119145e-5,-6.543598033677652e-5,-1.769923517001939e-4,1.1225128646416418e-4,-6.5262176536543e-5,-5.192581240087572e-6,-2.419243840486697e-5,-4.712317686250212e-5,1.532269589683329e-5,-4.4570800723126274e-5,-3.0017033948966985e-6,-3.096328538714395e-5,5.331119640020892e-6,-5.300804088422359e-5,-2.829099827267042e-6,-1.445462588911515e-5,8.866568506656821e-6,-2.166107730063447e-5,-4.826050711335862e-6,-1.1554322490814933e-5,3.093090367774953e-5,-3.1025423050149445e-5,3.7248010821605154e-5,-1.6401608817596033e-6,4.578766247670755e-6,0.0019926894021556354,5.6120964337933215e-5,8.473668080864775e-5,-0.018545687247552883,-4.9129616328097225e-5,-3.286273939078895e-4,7.774363887442687e-6,0.0021343698388416863,1.5130308935462586e-5
-6.233246097623883e-4,-5.41194096033305e-7,-1.2388123748788427e-5,-6.532347865716092e-5,-7.10087182828901e-5,-7.289242017247035e-5,-9.614198104979662e-5,-1.2143279677975085e-4,-1.223209178452523e-4,-1.418027715955617e-4,-1.4969398186000975e-4,-8.139021389367963e-6,-7.198644152448826e-5,-9.924681309831176e-5,-3.061209733925259e-6,7.519310048491992e-7,-1.0080738733591507e-8,-1.9314919236545075e-6,1.4050820804348448e-6,-1.3002375657275559e-5,-3.4761764441061078e-6,-1.2670351177302364e-5,-6.3506827774268365e-6,4.598525241513525e-6,-3.578940051617046e-6,1.3619070004656973e-5,-3.292406732286851e-6,3.3232633966069946e-6,-1.893923073345283e-5,1.2393518291488096e-5,3.2629551478807004e-6,1.105286587692073e-5,2.157391579571462e-6,2.8440524366142886e-7,3.2293370741995052e-6,2.2532339294092475e-7,1.4570124372078326e-6,-3.2889849383835716e-6,3.0017874767837538e-6,-3.3860046979082343e-6,3.200946714108387e-7,-7.56010092302249e-7,-3.5105051080253397e-7,-1.6205030250475425e-6,-4.225912428816302e-6,-2.355029534353707e-6,1.939735697673748e-7,8.041205621187432e-7,7.067275842403585e-7,3.59220168836056e-6,1.1573589722532587e-4,2.2556944711993972e-5,-5.1251899067865994e-5,-2.8180841493307323e-4,1.34984265807868e-8,1.6203206631643854e-5,-4.152638540771662e-7,1.5130308935462592e-5,4.420935243835508e-5
